{
"type": "FeatureCollection",
"name": "uttarakhand_flash_flood_hazard_clean",
"crs": { "type": "name", "properties": { "name": "urn:ogc:def:crs:OGC:1.3:CRS84" } },
"features": [
{ "type": "Feature", "properties": { "hazard": "LOW", "area_m2": 166357.43420562934, "area_ha": 16.635743420562935 }, "geometry": { "type": "Polygon", "coordinates": [ [ [ 79.839207322132566, 29.465282505401312 ], [ 79.839207322132566, 29.461327331287322 ], [ 79.835293504415716, 29.461327331287322 ], [ 79.835293504415716, 29.465282505401312 ], [ 79.839207322132566, 29.465282505401312 ] ] ] } },
{ "type": "Feature", "properties": { "hazard": "LOW", "area_m2": 166360.64510907952, "area_ha": 16.63606451090795 }, "geometry": { "type": "Polygon", "coordinates": [ [ [ 79.803982962680877, 29.465282505401312 ], [ 79.803982962680877, 29.461327331287322 ], [ 79.800069144964027, 29.461327331287322 ], [ 79.800069144964027, 29.465282505401312 ], [ 79.803982962680877, 29.465282505401312 ] ] ] } },
{ "type": "Feature", "properties": { "hazard": "LOW", "area_m2": 166355.01111335313, "area_ha": 16.635501111335312 }, "geometry": { "type": "Polygon", "coordinates": [ [ [ 79.796155327247178, 29.469237679515302 ], [ 79.796155327247178, 29.465282505401312 ], [ 79.792241509530314, 29.465282505401312 ], [ 79.792241509530314, 29.469237679515302 ], [ 79.796155327247178, 29.469237679515302 ] ] ] } },
{ "type": "Feature", "properties": { "hazard": "EXTREME", "area_m2": 332684.18211564538, "area_ha": 33.268418211564537 }, "geometry": { "type": "Polygon", "coordinates": [ [ [ 79.905742223319095, 29.473192853629289 ], [ 79.905742223319095, 29.465282505401312 ], [ 79.901828405602245, 29.465282505401312 ], [ 79.901828405602245, 29.473192853629289 ], [ 79.905742223319095, 29.473192853629289 ] ] ] } },
{ "type": "Feature", "properties": { "hazard": "LOW", "area_m2": 332677.51871995872, "area_ha": 33.26775187199587 }, "geometry": { "type": "Polygon", "coordinates": [ [ [ 79.870517863867406, 29.477148027743279 ], [ 79.870517863867406, 29.469237679515302 ], [ 79.866604046150556, 29.469237679515302 ], [ 79.866604046150556, 29.477148027743279 ], [ 79.870517863867406, 29.477148027743279 ] ] ] } },
{ "type": "Feature", "properties": { "hazard": "LOW", "area_m2": 498892.01347006182, "area_ha": 49.889201347006185 }, "geometry": { "type": "Polygon", "coordinates": [ [ [ 79.737448061494348, 29.508789420655194 ], [ 79.737448061494348, 29.504834246541208 ], [ 79.725706608343785, 29.504834246541208 ], [ 79.725706608343785, 29.508789420655194 ], [ 79.737448061494348, 29.508789420655194 ] ] ] } },
{ "type": "Feature", "properties": { "hazard": "LOW", "area_m2": 166286.91479424271, "area_ha": 16.628691479424269 }, "geometry": { "type": "Polygon", "coordinates": [ [ [ 79.710051337476372, 29.516699768883175 ], [ 79.710051337476372, 29.512744594769185 ], [ 79.706137519759523, 29.512744594769185 ], [ 79.706137519759523, 29.516699768883175 ], [ 79.710051337476372, 29.516699768883175 ] ] ] } },
{ "type": "Feature", "properties": { "hazard": "LOW", "area_m2": 166285.36458458746, "area_ha": 16.628536458458747 }, "geometry": { "type": "Polygon", "coordinates": [ [ [ 79.725706608343785, 29.516699768883175 ], [ 79.725706608343785, 29.512744594769185 ], [ 79.721792790626935, 29.512744594769185 ], [ 79.721792790626935, 29.516699768883175 ], [ 79.725706608343785, 29.516699768883175 ] ] ] } },
{ "type": "Feature", "properties": { "hazard": "LOW", "area_m2": 166282.50711298769, "area_ha": 16.628250711298769 }, "geometry": { "type": "Polygon", "coordinates": [ [ [ 79.690482248892096, 29.520654942997165 ], [ 79.690482248892096, 29.516699768883175 ], [ 79.686568431175246, 29.516699768883175 ], [ 79.686568431175246, 29.520654942997165 ], [ 79.690482248892096, 29.520654942997165 ] ] ] } },
{ "type": "Feature", "properties": { "hazard": "LOW", "area_m2": 166252.62753727939, "area_ha": 16.625262753727938 }, "geometry": { "type": "Polygon", "coordinates": [ [ [ 79.670913160307819, 29.540430813567113 ], [ 79.670913160307819, 29.536475639453123 ], [ 79.666999342590969, 29.536475639453123 ], [ 79.666999342590969, 29.540430813567113 ], [ 79.670913160307819, 29.540430813567113 ] ] ] } },
{ "type": "Feature", "properties": { "hazard": "LOW", "area_m2": 166246.65251250507, "area_ha": 16.624665251250505 }, "geometry": { "type": "Polygon", "coordinates": [ [ [ 79.666999342590969, 29.5443859876811 ], [ 79.666999342590969, 29.540430813567113 ], [ 79.66308552487412, 29.540430813567113 ], [ 79.66308552487412, 29.5443859876811 ], [ 79.666999342590969, 29.5443859876811 ] ] ] } },
{ "type": "Feature", "properties": { "hazard": "LOW", "area_m2": 166127.39502850597, "area_ha": 16.612739502850598 }, "geometry": { "type": "Polygon", "coordinates": [ [ [ 79.420428826429131, 29.635354992302858 ], [ 79.420428826429131, 29.631399818188868 ], [ 79.416515008712281, 29.631399818188868 ], [ 79.416515008712281, 29.635354992302858 ], [ 79.420428826429131, 29.635354992302858 ] ] ] } },
{ "type": "Feature", "properties": { "hazard": "LOW", "area_m2": 498357.06873739755, "area_ha": 49.835706873739753 }, "geometry": { "type": "Polygon", "coordinates": [ [ [ 79.494791363049373, 29.635354992302858 ], [ 79.494791363049373, 29.631399818188868 ], [ 79.48304990989881, 29.631399818188868 ], [ 79.48304990989881, 29.635354992302858 ], [ 79.494791363049373, 29.635354992302858 ] ] ] } },
{ "type": "Feature", "properties": { "hazard": "LOW", "area_m2": 332223.74236276478, "area_ha": 33.22237423627648 }, "geometry": { "type": "Polygon", "coordinates": [ [ [ 79.416515008712281, 29.647220514644829 ], [ 79.416515008712281, 29.639310166416848 ], [ 79.412601190995431, 29.639310166416848 ], [ 79.412601190995431, 29.647220514644829 ], [ 79.416515008712281, 29.647220514644829 ] ] ] } },
{ "type": "Feature", "properties": { "hazard": "LOW", "area_m2": 830360.25161693746, "area_ha": 83.036025161693743 }, "geometry": { "type": "Polygon", "coordinates": [ [ [ 79.549584811085339, 29.663041211100783 ], [ 79.549584811085339, 29.659086036986796 ], [ 79.545670993368475, 29.659086036986796 ], [ 79.545670993368475, 29.655130862872806 ], [ 79.537843357934776, 29.655130862872806 ], [ 79.537843357934776, 29.663041211100783 ], [ 79.549584811085339, 29.663041211100783 ] ] ] } },
{ "type": "Feature", "properties": { "hazard": "SIGNIFICANT", "area_m2": 166055.77706217353, "area_ha": 16.605577706217353 }, "geometry": { "type": "Polygon", "coordinates": [ [ [ 79.659171707157256, 29.663041211100783 ], [ 79.659171707157256, 29.659086036986796 ], [ 79.655257889440406, 29.659086036986796 ], [ 79.655257889440406, 29.663041211100783 ], [ 79.659171707157256, 29.663041211100783 ] ] ] } },
{ "type": "Feature", "properties": { "hazard": "LOW", "area_m2": 2700892063.4100833, "area_ha": 270089.20634100831 }, "geometry": { "type": "Polygon", "coordinates": [ [ [ 79.381290649260592, 29.8449792203443 ], [ 79.381290649260592, 29.84893439445829 ], [ 79.396945920128005, 29.84893439445829 ], [ 79.396945920128005, 29.8449792203443 ], [ 79.412601190995431, 29.8449792203443 ], [ 79.412601190995431, 29.884530961484195 ], [ 79.436084097296558, 29.884530961484195 ], [ 79.436084097296558, 29.892441309712176 ], [ 79.439997915013407, 29.892441309712176 ], [ 79.439997915013407, 29.904306832054143 ], [ 79.432170279579694, 29.904306832054143 ], [ 79.432170279579694, 29.908262006168133 ], [ 79.436084097296558, 29.908262006168133 ], [ 79.436084097296558, 29.91617235439611 ], [ 79.439997915013407, 29.91617235439611 ], [ 79.439997915013407, 29.9201275285101 ], [ 79.447825550447121, 29.9201275285101 ], [ 79.447825550447121, 29.924082702624091 ], [ 79.45173936816397, 29.924082702624091 ], [ 79.45173936816397, 29.931993050852068 ], [ 79.45565318588082, 29.931993050852068 ], [ 79.45565318588082, 29.935948224966058 ], [ 79.45173936816397, 29.935948224966058 ], [ 79.45173936816397, 29.939903399080048 ], [ 79.447825550447121, 29.939903399080048 ], [ 79.447825550447121, 29.943858573194039 ], [ 79.443911732730257, 29.943858573194039 ], [ 79.443911732730257, 29.947813747308025 ], [ 79.537843357934776, 29.947813747308025 ], [ 79.537843357934776, 29.884530961484195 ], [ 79.600464441404441, 29.884530961484195 ], [ 79.600464441404441, 29.931993050852068 ], [ 79.623947347705567, 29.931993050852068 ], [ 79.623947347705567, 29.935948224966058 ], [ 79.627861165422431, 29.935948224966058 ], [ 79.627861165422431, 29.939903399080048 ], [ 79.63568880085613, 29.939903399080048 ], [ 79.63568880085613, 29.935948224966058 ], [ 79.639602618572994, 29.935948224966058 ], [ 79.639602618572994, 29.931993050852068 ], [ 79.66308552487412, 29.931993050852068 ], [ 79.66308552487412, 29.876620613256215 ], [ 79.725706608343785, 29.876620613256215 ], [ 79.725706608343785, 29.884530961484195 ], [ 79.788327691813464, 29.884530961484195 ], [ 79.788327691813464, 29.829158523888342 ], [ 79.7844138740966, 29.829158523888342 ], [ 79.7844138740966, 29.825203349774352 ], [ 79.780500056379751, 29.825203349774352 ], [ 79.780500056379751, 29.821248175660365 ], [ 79.753103332361775, 29.821248175660365 ], [ 79.753103332361775, 29.817293001546375 ], [ 79.757017150078624, 29.817293001546375 ], [ 79.757017150078624, 29.809382653318394 ], [ 79.760930967795474, 29.809382653318394 ], [ 79.760930967795474, 29.805427479204404 ], [ 79.764844785512338, 29.805427479204404 ], [ 79.764844785512338, 29.801472305090417 ], [ 79.768758603229188, 29.801472305090417 ], [ 79.768758603229188, 29.797517130976427 ], [ 79.772672420946037, 29.797517130976427 ], [ 79.772672420946037, 29.793561956862437 ], [ 79.776586238662901, 29.793561956862437 ], [ 79.776586238662901, 29.789606782748447 ], [ 79.788327691813464, 29.789606782748447 ], [ 79.788327691813464, 29.809382653318394 ], [ 79.803982962680877, 29.809382653318394 ], [ 79.803982962680877, 29.821248175660365 ], [ 79.866604046150556, 29.821248175660365 ], [ 79.866604046150556, 29.817293001546375 ], [ 79.874431681584269, 29.817293001546375 ], [ 79.874431681584269, 29.821248175660365 ], [ 79.901828405602245, 29.821248175660365 ], [ 79.901828405602245, 29.817293001546375 ], [ 79.913569858752808, 29.817293001546375 ], [ 79.913569858752808, 29.78565160863446 ], [ 79.909656041035959, 29.78565160863446 ], [ 79.909656041035959, 29.769830912178499 ], [ 79.913569858752808, 29.769830912178499 ], [ 79.913569858752808, 29.761920563950522 ], [ 79.909656041035959, 29.761920563950522 ], [ 79.909656041035959, 29.765875738064512 ], [ 79.905742223319095, 29.765875738064512 ], [ 79.905742223319095, 29.757965389836532 ], [ 79.976190942222487, 29.757965389836532 ], [ 79.976190942222487, 29.694682604012701 ], [ 79.9918462130899, 29.694682604012701 ], [ 79.9918462130899, 29.742144693380574 ], [ 79.987932395373051, 29.742144693380574 ], [ 79.987932395373051, 29.757965389836532 ], [ 80.007501483957313, 29.757965389836532 ], [ 80.007501483957313, 29.694682604012701 ], [ 80.101433109161832, 29.694682604012701 ], [ 80.101433109161832, 29.631399818188868 ], [ 80.226675276101176, 29.631399818188868 ], [ 80.226675276101176, 29.568117032365038 ], [ 80.35191744304052, 29.568117032365038 ], [ 80.35191744304052, 29.560206684137057 ], [ 80.362483384212183, 29.560206684137057 ], [ 80.3626437, 29.5596163 ], [ 80.3634484, 29.5587434 ], [ 80.3642436, 29.5580764 ], [ 80.3644329, 29.5575329 ], [ 80.3643666, 29.5572117 ], [ 80.3640164, 29.5568164 ], [ 80.3631738, 29.5562811 ], [ 80.3619242, 29.5560176 ], [ 80.3606935, 29.5558859 ], [ 80.3593303, 29.5557788 ], [ 80.3584877, 29.5554741 ], [ 80.3570393, 29.5551118 ], [ 80.3557518, 29.5551118 ], [ 80.3544737, 29.5552024 ], [ 80.352817, 29.5553835 ], [ 80.3487086, 29.5553642 ], [ 80.3476861, 29.5550925 ], [ 80.3471749, 29.5547548 ], [ 80.3466637, 29.5543431 ], [ 80.345717, 29.553956 ], [ 80.3443525, 29.5537434 ], [ 80.3436496, 29.553656 ], [ 80.3425718, 29.5528699 ], [ 80.3423509, 29.5524856 ], [ 80.3424389, 29.5519661 ], [ 80.3435655, 29.5508379 ], [ 80.3454872, 29.5494955 ], [ 80.3457334, 29.5490755 ], [ 80.3458659, 29.5486225 ], [ 80.3457239, 29.5480213 ], [ 80.3427986, 29.5441258 ], [ 80.341407, 29.5424127 ], [ 80.3411987, 29.5414903 ], [ 80.3413786, 29.5410949 ], [ 80.3417573, 29.5405019 ], [ 80.342117, 29.5402054 ], [ 80.3428365, 29.5399995 ], [ 80.3436033, 29.5399171 ], [ 80.3446258, 29.5399254 ], [ 80.3458754, 29.5402795 ], [ 80.3472007, 29.5404196 ], [ 80.3484072, 29.5403614 ], [ 80.3490398, 29.5401591 ], [ 80.3497003, 29.5398272 ], [ 80.3502399, 29.539293 ], [ 80.350733, 29.538427 ], [ 80.3515168, 29.5365164 ], [ 80.3519247, 29.53611 ], [ 80.3538389, 29.5354118 ], [ 80.3565675, 29.5344833 ], [ 80.357082, 29.5342099 ], [ 80.3575753, 29.5337005 ], [ 80.3578648, 29.5331396 ], [ 80.3579371, 29.5325329 ], [ 80.357845, 29.5317831 ], [ 80.3576937, 29.5310505 ], [ 80.3572596, 29.530501 ], [ 80.3565499, 29.5295371 ], [ 80.356676, 29.5295865 ], [ 80.3568087, 29.5296385 ], [ 80.3562005, 29.5287324 ], [ 80.3559439, 29.5282574 ], [ 80.3556413, 29.5278052 ], [ 80.354431, 29.5269981 ], [ 80.3528917, 29.5263342 ], [ 80.3508442, 29.5257948 ], [ 80.3495368, 29.5253554 ], [ 80.349004, 29.5250348 ], [ 80.3484054, 29.5243537 ], [ 80.3482409, 29.5239416 ], [ 80.3482277, 29.5235409 ], [ 80.3487014, 29.5222186 ], [ 80.3494776, 29.5208334 ], [ 80.3499747, 29.5197802 ], [ 80.3499714, 29.5192965 ], [ 80.3497741, 29.5188557 ], [ 80.3495866, 29.5186039 ], [ 80.3482282, 29.5176164 ], [ 80.3476428, 29.5169352 ], [ 80.3466429, 29.5153954 ], [ 80.3458345, 29.5142266 ], [ 80.343834, 29.5122068 ], [ 80.3418474, 29.510289 ], [ 80.3413672, 29.5099169 ], [ 80.3407686, 29.5097909 ], [ 80.3400384, 29.5098367 ], [ 80.3393345, 29.5099398 ], [ 80.3372019, 29.5113797 ], [ 80.3358349, 29.5123785 ], [ 80.3346301, 29.5130799 ], [ 80.3339885, 29.5132292 ], [ 80.3331437, 29.5132458 ], [ 80.3324132, 29.5131297 ], [ 80.3319939, 29.5129749 ], [ 80.3315874, 29.5127151 ], [ 80.3314604, 29.512494 ], [ 80.3310723, 29.5108214 ], [ 80.3307895, 29.5089723 ], [ 80.3304343, 29.5075983 ], [ 80.3297501, 29.5063274 ], [ 80.3291778, 29.5056804 ], [ 80.3287108, 29.5053312 ], [ 80.327553, 29.5049591 ], [ 80.3254348, 29.5042435 ], [ 80.320192, 29.5021137 ], [ 80.3169885, 29.5008541 ], [ 80.3152781, 29.5000297 ], [ 80.3143835, 29.4995373 ], [ 80.3136862, 29.498793 ], [ 80.3133639, 29.4983464 ], [ 80.3130021, 29.497562 ], [ 80.3129079, 29.496841 ], [ 80.3129206, 29.4959122 ], [ 80.3131271, 29.4952088 ], [ 80.3135481, 29.4941839 ], [ 80.314180609440896, 29.492968724199237 ], [ 80.308865448155117, 29.492968724199237 ], [ 80.308865448155117, 29.485371676603013 ], [ 80.308331, 29.4854607 ], [ 80.3061154, 29.4856098 ], [ 80.3043385, 29.4860632 ], [ 80.303678, 29.4865734 ], [ 80.3031385, 29.4870026 ], [ 80.3015569, 29.4898773 ], [ 80.300943, 29.4904118 ], [ 80.3003848, 29.4905575 ], [ 80.2997708, 29.4905494 ], [ 80.2990359, 29.4904118 ], [ 80.2981335, 29.4900069 ], [ 80.2973799, 29.4894481 ], [ 80.2968683, 29.4889137 ], [ 80.2965334, 29.488363 ], [ 80.296338, 29.4879501 ], [ 80.2962357, 29.487116 ], [ 80.2966713, 29.485589 ], [ 80.2966264, 29.4851077 ], [ 80.296431, 29.4845489 ], [ 80.2961426, 29.4837229 ], [ 80.2947055, 29.4814296 ], [ 80.2936573, 29.4794942 ], [ 80.2932, 29.4790242 ], [ 80.2920866, 29.4784428 ], [ 80.2910911, 29.4782889 ], [ 80.28932, 29.4780646 ], [ 80.2879106, 29.4777852 ], [ 80.2874734, 29.4775382 ], [ 80.2871757, 29.4771981 ], [ 80.2868454, 29.4767243 ], [ 80.2866454, 29.4761412 ], [ 80.2873115, 29.4735218 ], [ 80.287516656020273, 29.473192853629289 ], [ 80.285382541853991, 29.473192853629289 ], [ 80.285382541853991, 29.469237679515302 ], [ 80.289296359570841, 29.469237679515302 ], [ 80.289296359570841, 29.470979828237805 ], [ 80.2902357, 29.4700085 ], [ 80.290756, 29.4693488 ], [ 80.2920159, 29.4667967 ], [ 80.2931275, 29.4647836 ], [ 80.2937056, 29.4639872 ], [ 80.2953127, 29.4621012 ], [ 80.296097054906738, 29.461327331287322 ], [ 80.285382541853991, 29.461327331287322 ], [ 80.285382541853991, 29.451470067263529 ], [ 80.2851888, 29.4514719 ], [ 80.2833206, 29.4512657 ], [ 80.2815576, 29.4512657 ], [ 80.2804525, 29.4516094 ], [ 80.2795052, 29.4523196 ], [ 80.279305185117494, 29.453416983059341 ], [ 80.281468724137142, 29.453416983059341 ], [ 80.281468724137142, 29.461327331287322 ], [ 80.277554906420278, 29.461327331287322 ], [ 80.277554906420278, 29.465282505401312 ], [ 80.273641088703428, 29.465282505401312 ], [ 80.273641088703428, 29.461327331287322 ], [ 80.261899635552865, 29.461327331287322 ], [ 80.261899635552865, 29.450243235833042 ], [ 80.2606721, 29.450674 ], [ 80.2598627, 29.451071 ], [ 80.259258, 29.4513464 ], [ 80.2586626, 29.4515003 ], [ 80.2581137, 29.4515084 ], [ 80.257985817836015, 29.451499666057941 ], [ 80.257985817836015, 29.461327331287322 ], [ 80.254072000119152, 29.461327331287322 ], [ 80.254072000119152, 29.465282505401312 ], [ 80.250158182402302, 29.465282505401312 ], [ 80.250158182402302, 29.461327331287322 ], [ 80.246244364685438, 29.461327331287322 ], [ 80.246244364685438, 29.469237679515302 ], [ 80.242330546968589, 29.469237679515302 ], [ 80.242330546968589, 29.441551460717374 ], [ 80.24300036779951, 29.441551460717374 ], [ 80.2430695, 29.4414173 ], [ 80.2452024, 29.4395568 ], [ 80.2469511, 29.4377696 ], [ 80.2474048, 29.4352262 ], [ 80.2473647, 29.4329925 ], [ 80.2473986, 29.4322538 ], [ 80.2470305, 29.4316452 ], [ 80.2466064, 29.4300006 ], [ 80.2455643, 29.4275262 ], [ 80.2447157, 29.4260155 ], [ 80.2440687, 29.4236377 ], [ 80.2442082, 29.4218925 ], [ 80.2444448, 29.4197407 ], [ 80.2458056, 29.4167662 ], [ 80.2453366, 29.4147176 ], [ 80.2438819, 29.4137673 ], [ 80.2419874, 29.412192 ], [ 80.2421156, 29.4112329 ], [ 80.2433278, 29.4105994 ], [ 80.2446872, 29.4088494 ], [ 80.2463384, 29.4073167 ], [ 80.2473627, 29.4069411 ], [ 80.2483931, 29.4060887 ], [ 80.2515839, 29.4051147 ], [ 80.2545407, 29.4036749 ], [ 80.2570604, 29.4013138 ], [ 80.259205, 29.4005283 ], [ 80.2633206, 29.3974666 ], [ 80.2670784, 29.3961842 ], [ 80.269618, 29.3954009 ], [ 80.2699271, 29.3955354 ], [ 80.2709237, 29.3953644 ], [ 80.2721697, 29.3951506 ], [ 80.2743604, 29.3933627 ], [ 80.2748279, 29.392631 ], [ 80.275642, 29.3920464 ], [ 80.2755033, 29.3907751 ], [ 80.2738495, 29.3891606 ], [ 80.2730356, 29.3880214 ], [ 80.2728888, 29.38647 ], [ 80.2749751, 29.3826497 ], [ 80.2777978, 29.3806955 ], [ 80.2789135, 29.3794318 ], [ 80.2791053, 29.3782736 ], [ 80.2756938, 29.3771644 ], [ 80.275380627521002, 29.376950283522213 ], [ 80.195364734366336, 29.376950283522213 ], [ 80.195364734366336, 29.378268674893544 ], [ 80.191450916649487, 29.378268674893544 ], [ 80.191450916649487, 29.376950283522213 ], [ 80.101433109161832, 29.376950283522213 ], [ 80.101433109161832, 29.378268674893544 ], [ 80.085777838294405, 29.378268674893544 ], [ 80.085777838294405, 29.386179023121521 ], [ 80.081864020577555, 29.386179023121521 ], [ 80.081864020577555, 29.390134197235511 ], [ 80.070122567426992, 29.390134197235511 ], [ 80.070122567426992, 29.394089371349502 ], [ 80.062294931993279, 29.394089371349502 ], [ 80.062294931993279, 29.398044545463492 ], [ 80.054467296559565, 29.398044545463492 ], [ 80.054467296559565, 29.405954893691469 ], [ 80.050553478842716, 29.405954893691469 ], [ 80.050553478842716, 29.425730764261417 ], [ 80.046639661125866, 29.425730764261417 ], [ 80.046639661125866, 29.445506634831364 ], [ 80.050553478842716, 29.445506634831364 ], [ 80.050553478842716, 29.453416983059341 ], [ 80.054467296559565, 29.453416983059341 ], [ 80.054467296559565, 29.441551460717374 ], [ 80.070122567426992, 29.441551460717374 ], [ 80.070122567426992, 29.453416983059341 ], [ 80.074036385143842, 29.453416983059341 ], [ 80.074036385143842, 29.441551460717374 ], [ 80.085777838294405, 29.441551460717374 ], [ 80.085777838294405, 29.461327331287322 ], [ 80.070122567426992, 29.461327331287322 ], [ 80.070122567426992, 29.465282505401312 ], [ 80.066208749710142, 29.465282505401312 ], [ 80.066208749710142, 29.461327331287322 ], [ 80.062294931993279, 29.461327331287322 ], [ 80.062294931993279, 29.465282505401312 ], [ 80.054467296559565, 29.465282505401312 ], [ 80.054467296559565, 29.457372157173332 ], [ 80.050553478842716, 29.457372157173332 ], [ 80.050553478842716, 29.461327331287322 ], [ 80.046639661125866, 29.461327331287322 ], [ 80.046639661125866, 29.465282505401312 ], [ 80.042725843409002, 29.465282505401312 ], [ 80.042725843409002, 29.461327331287322 ], [ 80.038812025692152, 29.461327331287322 ], [ 80.038812025692152, 29.457372157173332 ], [ 80.034898207975303, 29.457372157173332 ], [ 80.034898207975303, 29.461327331287322 ], [ 80.030984390258439, 29.461327331287322 ], [ 80.030984390258439, 29.453416983059341 ], [ 80.027070572541589, 29.453416983059341 ], [ 80.027070572541589, 29.473192853629289 ], [ 80.02315675482474, 29.473192853629289 ], [ 80.02315675482474, 29.441551460717374 ], [ 80.038812025692152, 29.441551460717374 ], [ 80.038812025692152, 29.378268674893544 ], [ 79.944880400487648, 29.378268674893544 ], [ 79.944880400487648, 29.382223849007531 ], [ 79.940966582770784, 29.382223849007531 ], [ 79.940966582770784, 29.390134197235511 ], [ 79.937052765053934, 29.390134197235511 ], [ 79.937052765053934, 29.421775590147426 ], [ 79.933138947337085, 29.421775590147426 ], [ 79.933138947337085, 29.441551460717374 ], [ 79.921397494186522, 29.441551460717374 ], [ 79.921397494186522, 29.445506634831364 ], [ 79.917483676469658, 29.445506634831364 ], [ 79.917483676469658, 29.449461808945355 ], [ 79.913569858752808, 29.449461808945355 ], [ 79.913569858752808, 29.492968724199237 ], [ 79.905742223319095, 29.492968724199237 ], [ 79.905742223319095, 29.489013550085247 ], [ 79.882259317017969, 29.489013550085247 ], [ 79.882259317017969, 29.48505837597126 ], [ 79.874431681584269, 29.48505837597126 ], [ 79.874431681584269, 29.489013550085247 ], [ 79.870517863867406, 29.489013550085247 ], [ 79.870517863867406, 29.48505837597126 ], [ 79.866604046150556, 29.48505837597126 ], [ 79.866604046150556, 29.48110320185727 ], [ 79.862690228433692, 29.48110320185727 ], [ 79.862690228433692, 29.477148027743279 ], [ 79.854862593, 29.477148027743279 ], [ 79.854862593, 29.473192853629289 ], [ 79.858776410716843, 29.473192853629289 ], [ 79.858776410716843, 29.469237679515302 ], [ 79.847034957566279, 29.469237679515302 ], [ 79.847034957566279, 29.473192853629289 ], [ 79.807896780397741, 29.473192853629289 ], [ 79.807896780397741, 29.469237679515302 ], [ 79.800069144964027, 29.469237679515302 ], [ 79.800069144964027, 29.473192853629289 ], [ 79.792241509530314, 29.473192853629289 ], [ 79.792241509530314, 29.477148027743279 ], [ 79.788327691813464, 29.477148027743279 ], [ 79.788327691813464, 29.504834246541208 ], [ 79.760930967795474, 29.504834246541208 ], [ 79.760930967795474, 29.508789420655194 ], [ 79.745275696928061, 29.508789420655194 ], [ 79.745275696928061, 29.512744594769185 ], [ 79.733534243777498, 29.512744594769185 ], [ 79.733534243777498, 29.516699768883175 ], [ 79.725706608343785, 29.516699768883175 ], [ 79.725706608343785, 29.524610117111152 ], [ 79.702223702042659, 29.524610117111152 ], [ 79.702223702042659, 29.520654942997165 ], [ 79.690482248892096, 29.520654942997165 ], [ 79.690482248892096, 29.524610117111152 ], [ 79.678740795741533, 29.524610117111152 ], [ 79.678740795741533, 29.528565291225142 ], [ 79.682654613458396, 29.528565291225142 ], [ 79.682654613458396, 29.540430813567113 ], [ 79.686568431175246, 29.540430813567113 ], [ 79.686568431175246, 29.5443859876811 ], [ 79.678740795741533, 29.5443859876811 ], [ 79.678740795741533, 29.54834116179509 ], [ 79.666999342590969, 29.54834116179509 ], [ 79.666999342590969, 29.55229633590908 ], [ 79.66308552487412, 29.55229633590908 ], [ 79.66308552487412, 29.568117032365038 ], [ 79.666999342590969, 29.568117032365038 ], [ 79.666999342590969, 29.599758425276953 ], [ 79.674826978024683, 29.599758425276953 ], [ 79.674826978024683, 29.603713599390943 ], [ 79.678740795741533, 29.603713599390943 ], [ 79.678740795741533, 29.607668773504933 ], [ 79.674826978024683, 29.607668773504933 ], [ 79.674826978024683, 29.61557912173291 ], [ 79.678740795741533, 29.61557912173291 ], [ 79.678740795741533, 29.619534295846901 ], [ 79.682654613458396, 29.619534295846901 ], [ 79.682654613458396, 29.631399818188868 ], [ 79.608292076838154, 29.631399818188868 ], [ 79.608292076838154, 29.635354992302858 ], [ 79.604378259121304, 29.635354992302858 ], [ 79.604378259121304, 29.643265340530839 ], [ 79.600464441404441, 29.643265340530839 ], [ 79.600464441404441, 29.655130862872806 ], [ 79.596550623687591, 29.655130862872806 ], [ 79.596550623687591, 29.659086036986796 ], [ 79.576981535103315, 29.659086036986796 ], [ 79.576981535103315, 29.663041211100783 ], [ 79.565240081952751, 29.663041211100783 ], [ 79.565240081952751, 29.666996385214773 ], [ 79.557412446519038, 29.666996385214773 ], [ 79.557412446519038, 29.663041211100783 ], [ 79.549584811085339, 29.663041211100783 ], [ 79.549584811085339, 29.666996385214773 ], [ 79.533929540217912, 29.666996385214773 ], [ 79.533929540217912, 29.663041211100783 ], [ 79.530015722501062, 29.663041211100783 ], [ 79.530015722501062, 29.659086036986796 ], [ 79.526101904784213, 29.659086036986796 ], [ 79.526101904784213, 29.655130862872806 ], [ 79.518274269350499, 29.655130862872806 ], [ 79.518274269350499, 29.631399818188868 ], [ 79.51436045163365, 29.631399818188868 ], [ 79.51436045163365, 29.643265340530839 ], [ 79.510446633916786, 29.643265340530839 ], [ 79.510446633916786, 29.631399818188868 ], [ 79.506532816199936, 29.631399818188868 ], [ 79.506532816199936, 29.635354992302858 ], [ 79.498705180766223, 29.635354992302858 ], [ 79.498705180766223, 29.643265340530839 ], [ 79.48304990989881, 29.643265340530839 ], [ 79.48304990989881, 29.639310166416848 ], [ 79.475222274465096, 29.639310166416848 ], [ 79.475222274465096, 29.631399818188868 ], [ 79.428256461862844, 29.631399818188868 ], [ 79.428256461862844, 29.647220514644829 ], [ 79.424342644145995, 29.647220514644829 ], [ 79.424342644145995, 29.659086036986796 ], [ 79.420428826429131, 29.659086036986796 ], [ 79.420428826429131, 29.666996385214773 ], [ 79.424342644145995, 29.666996385214773 ], [ 79.424342644145995, 29.674906733442754 ], [ 79.420428826429131, 29.674906733442754 ], [ 79.420428826429131, 29.678861907556744 ], [ 79.416515008712281, 29.678861907556744 ], [ 79.416515008712281, 29.682817081670731 ], [ 79.412601190995431, 29.682817081670731 ], [ 79.412601190995431, 29.702592952240678 ], [ 79.408687373278568, 29.702592952240678 ], [ 79.408687373278568, 29.706548126354669 ], [ 79.412601190995431, 29.706548126354669 ], [ 79.412601190995431, 29.714458474582649 ], [ 79.408687373278568, 29.714458474582649 ], [ 79.408687373278568, 29.710503300468659 ], [ 79.404773555561718, 29.710503300468659 ], [ 79.404773555561718, 29.714458474582649 ], [ 79.396945920128005, 29.714458474582649 ], [ 79.396945920128005, 29.726323996924616 ], [ 79.393032102411155, 29.726323996924616 ], [ 79.393032102411155, 29.722368822810626 ], [ 79.389118284694291, 29.722368822810626 ], [ 79.389118284694291, 29.730279171038607 ], [ 79.385204466977441, 29.730279171038607 ], [ 79.385204466977441, 29.734234345152593 ], [ 79.381290649260592, 29.734234345152593 ], [ 79.381290649260592, 29.742144693380574 ], [ 79.377376831543728, 29.742144693380574 ], [ 79.377376831543728, 29.738189519266584 ], [ 79.373463013826878, 29.738189519266584 ], [ 79.373463013826878, 29.746099867494564 ], [ 79.365635378393165, 29.746099867494564 ], [ 79.365635378393165, 29.754010215722541 ], [ 79.361721560676315, 29.754010215722541 ], [ 79.361721560676315, 29.757965389836532 ], [ 79.349980107525752, 29.757965389836532 ], [ 79.349980107525752, 29.742144693380574 ], [ 79.33432483665834, 29.742144693380574 ], [ 79.33432483665834, 29.738189519266584 ], [ 79.330411018941476, 29.738189519266584 ], [ 79.330411018941476, 29.734234345152593 ], [ 79.322583383507776, 29.734234345152593 ], [ 79.322583383507776, 29.738189519266584 ], [ 79.314755748074063, 29.738189519266584 ], [ 79.314755748074063, 29.742144693380574 ], [ 79.30692811264035, 29.742144693380574 ], [ 79.30692811264035, 29.746099867494564 ], [ 79.3030142949235, 29.746099867494564 ], [ 79.3030142949235, 29.754010215722541 ], [ 79.295186659489787, 29.754010215722541 ], [ 79.295186659489787, 29.757965389836532 ], [ 79.318669565790913, 29.757965389836532 ], [ 79.318669565790913, 29.765875738064512 ], [ 79.299100477206636, 29.765875738064512 ], [ 79.299100477206636, 29.769830912178499 ], [ 79.287359024056073, 29.769830912178499 ], [ 79.287359024056073, 29.773786086292489 ], [ 79.283445206339223, 29.773786086292489 ], [ 79.283445206339223, 29.777741260406479 ], [ 79.279531388622374, 29.777741260406479 ], [ 79.279531388622374, 29.78169643452047 ], [ 79.27561757090551, 29.78169643452047 ], [ 79.27561757090551, 29.78565160863446 ], [ 79.263876117754947, 29.78565160863446 ], [ 79.263876117754947, 29.789606782748447 ], [ 79.259962300038097, 29.789606782748447 ], [ 79.259962300038097, 29.797517130976427 ], [ 79.256048482321248, 29.797517130976427 ], [ 79.256048482321248, 29.801472305090417 ], [ 79.252134664604384, 29.801472305090417 ], [ 79.252134664604384, 29.805427479204404 ], [ 79.259962300038097, 29.805427479204404 ], [ 79.259962300038097, 29.809382653318394 ], [ 79.263876117754947, 29.809382653318394 ], [ 79.263876117754947, 29.817293001546375 ], [ 79.267789935471811, 29.817293001546375 ], [ 79.267789935471811, 29.821248175660365 ], [ 79.279531388622374, 29.821248175660365 ], [ 79.279531388622374, 29.813337827432385 ], [ 79.287359024056073, 29.813337827432385 ], [ 79.287359024056073, 29.809382653318394 ], [ 79.291272841772937, 29.809382653318394 ], [ 79.291272841772937, 29.801472305090417 ], [ 79.30692811264035, 29.801472305090417 ], [ 79.30692811264035, 29.805427479204404 ], [ 79.310841930357213, 29.805427479204404 ], [ 79.310841930357213, 29.809382653318394 ], [ 79.314755748074063, 29.809382653318394 ], [ 79.314755748074063, 29.821248175660365 ], [ 79.349980107525752, 29.821248175660365 ], [ 79.349980107525752, 29.833113698002332 ], [ 79.361721560676315, 29.833113698002332 ], [ 79.361721560676315, 29.837068872116323 ], [ 79.369549196110029, 29.837068872116323 ], [ 79.369549196110029, 29.841024046230309 ], [ 79.373463013826878, 29.841024046230309 ], [ 79.373463013826878, 29.84893439445829 ], [ 79.377376831543728, 29.84893439445829 ], [ 79.377376831543728, 29.8449792203443 ], [ 79.381290649260592, 29.8449792203443 ] ], [ [ 79.381290649260592, 29.841024046230309 ], [ 79.393032102411155, 29.841024046230309 ], [ 79.393032102411155, 29.8449792203443 ], [ 79.381290649260592, 29.8449792203443 ], [ 79.381290649260592, 29.841024046230309 ] ], [ [ 79.803982962680877, 29.809382653318394 ], [ 79.803982962680877, 29.805427479204404 ], [ 79.807896780397741, 29.805427479204404 ], [ 79.807896780397741, 29.78169643452047 ], [ 79.803982962680877, 29.78169643452047 ], [ 79.803982962680877, 29.769830912178499 ], [ 79.800069144964027, 29.769830912178499 ], [ 79.800069144964027, 29.765875738064512 ], [ 79.788327691813464, 29.765875738064512 ], [ 79.788327691813464, 29.757965389836532 ], [ 79.807896780397741, 29.757965389836532 ], [ 79.807896780397741, 29.765875738064512 ], [ 79.81181059811459, 29.765875738064512 ], [ 79.81181059811459, 29.769830912178499 ], [ 79.850948775283129, 29.769830912178499 ], [ 79.850948775283129, 29.761920563950522 ], [ 79.858776410716843, 29.761920563950522 ], [ 79.858776410716843, 29.769830912178499 ], [ 79.854862593, 29.769830912178499 ], [ 79.854862593, 29.78169643452047 ], [ 79.858776410716843, 29.78169643452047 ], [ 79.858776410716843, 29.789606782748447 ], [ 79.862690228433692, 29.789606782748447 ], [ 79.862690228433692, 29.797517130976427 ], [ 79.858776410716843, 29.797517130976427 ], [ 79.858776410716843, 29.801472305090417 ], [ 79.854862593, 29.801472305090417 ], [ 79.854862593, 29.805427479204404 ], [ 79.850948775283129, 29.805427479204404 ], [ 79.850948775283129, 29.813337827432385 ], [ 79.847034957566279, 29.813337827432385 ], [ 79.847034957566279, 29.809382653318394 ], [ 79.803982962680877, 29.809382653318394 ] ], [ [ 79.905742223319095, 29.765875738064512 ], [ 79.905742223319095, 29.793561956862437 ], [ 79.901828405602245, 29.793561956862437 ], [ 79.901828405602245, 29.78169643452047 ], [ 79.897914587885396, 29.78169643452047 ], [ 79.897914587885396, 29.777741260406479 ], [ 79.894000770168532, 29.777741260406479 ], [ 79.894000770168532, 29.789606782748447 ], [ 79.890086952451682, 29.789606782748447 ], [ 79.890086952451682, 29.797517130976427 ], [ 79.886173134734833, 29.797517130976427 ], [ 79.886173134734833, 29.801472305090417 ], [ 79.882259317017969, 29.801472305090417 ], [ 79.882259317017969, 29.769830912178499 ], [ 79.886173134734833, 29.769830912178499 ], [ 79.886173134734833, 29.761920563950522 ], [ 79.890086952451682, 29.761920563950522 ], [ 79.890086952451682, 29.757965389836532 ], [ 79.901828405602245, 29.757965389836532 ], [ 79.901828405602245, 29.765875738064512 ], [ 79.905742223319095, 29.765875738064512 ] ], [ [ 79.886173134734833, 29.761920563950522 ], [ 79.882259317017969, 29.761920563950522 ], [ 79.882259317017969, 29.765875738064512 ], [ 79.874431681584269, 29.765875738064512 ], [ 79.874431681584269, 29.757965389836532 ], [ 79.886173134734833, 29.757965389836532 ], [ 79.886173134734833, 29.761920563950522 ] ], [ [ 80.054467296559565, 29.405954893691469 ], [ 80.058381114276429, 29.405954893691469 ], [ 80.058381114276429, 29.409910067805459 ], [ 80.054467296559565, 29.409910067805459 ], [ 80.054467296559565, 29.405954893691469 ] ], [ [ 80.054467296559565, 29.465282505401312 ], [ 80.054467296559565, 29.469237679515302 ], [ 80.050553478842716, 29.469237679515302 ], [ 80.050553478842716, 29.465282505401312 ], [ 80.054467296559565, 29.465282505401312 ] ], [ [ 79.596550623687591, 29.659086036986796 ], [ 79.600464441404441, 29.659086036986796 ], [ 79.600464441404441, 29.663041211100783 ], [ 79.596550623687591, 29.663041211100783 ], [ 79.596550623687591, 29.659086036986796 ] ], [ [ 79.424342644145995, 29.659086036986796 ], [ 79.428256461862844, 29.659086036986796 ], [ 79.428256461862844, 29.655130862872806 ], [ 79.432170279579694, 29.655130862872806 ], [ 79.432170279579694, 29.663041211100783 ], [ 79.424342644145995, 29.663041211100783 ], [ 79.424342644145995, 29.659086036986796 ] ], [ [ 80.297123995004554, 29.496923898313227 ], [ 80.301037812721404, 29.496923898313227 ], [ 80.301037812721404, 29.504834246541208 ], [ 80.297123995004554, 29.504834246541208 ], [ 80.297123995004554, 29.496923898313227 ] ], [ [ 80.273641088703428, 29.520654942997165 ], [ 80.277554906420278, 29.520654942997165 ], [ 80.277554906420278, 29.524610117111152 ], [ 80.273641088703428, 29.524610117111152 ], [ 80.273641088703428, 29.520654942997165 ] ], [ [ 80.261899635552865, 29.469237679515302 ], [ 80.265813453269715, 29.469237679515302 ], [ 80.265813453269715, 29.473192853629289 ], [ 80.261899635552865, 29.473192853629289 ], [ 80.261899635552865, 29.469237679515302 ] ], [ [ 80.257985817836015, 29.528565291225142 ], [ 80.261899635552865, 29.528565291225142 ], [ 80.261899635552865, 29.536475639453123 ], [ 80.257985817836015, 29.536475639453123 ], [ 80.257985817836015, 29.528565291225142 ] ], [ [ 80.214933822950613, 29.469237679515302 ], [ 80.211020005233749, 29.469237679515302 ], [ 80.211020005233749, 29.445506634831364 ], [ 80.207106187516899, 29.445506634831364 ], [ 80.207106187516899, 29.441551460717374 ], [ 80.20319236980005, 29.441551460717374 ], [ 80.20319236980005, 29.445506634831364 ], [ 80.195364734366336, 29.445506634831364 ], [ 80.195364734366336, 29.465282505401312 ], [ 80.191450916649487, 29.465282505401312 ], [ 80.191450916649487, 29.461327331287322 ], [ 80.187537098932623, 29.461327331287322 ], [ 80.187537098932623, 29.469237679515302 ], [ 80.179709463498924, 29.469237679515302 ], [ 80.179709463498924, 29.457372157173332 ], [ 80.191450916649487, 29.457372157173332 ], [ 80.191450916649487, 29.445506634831364 ], [ 80.179709463498924, 29.445506634831364 ], [ 80.179709463498924, 29.441551460717374 ], [ 80.187537098932623, 29.441551460717374 ], [ 80.187537098932623, 29.433641112489397 ], [ 80.191450916649487, 29.433641112489397 ], [ 80.191450916649487, 29.425730764261417 ], [ 80.187537098932623, 29.425730764261417 ], [ 80.187537098932623, 29.417820416033436 ], [ 80.191450916649487, 29.417820416033436 ], [ 80.191450916649487, 29.413865241919449 ], [ 80.195364734366336, 29.413865241919449 ], [ 80.195364734366336, 29.409910067805459 ], [ 80.199278552083186, 29.409910067805459 ], [ 80.199278552083186, 29.405954893691469 ], [ 80.207106187516899, 29.405954893691469 ], [ 80.207106187516899, 29.401999719577478 ], [ 80.218847640667462, 29.401999719577478 ], [ 80.218847640667462, 29.405954893691469 ], [ 80.226675276101176, 29.405954893691469 ], [ 80.226675276101176, 29.441551460717374 ], [ 80.234502911534875, 29.441551460717374 ], [ 80.234502911534875, 29.473192853629289 ], [ 80.230589093818026, 29.473192853629289 ], [ 80.230589093818026, 29.453416983059341 ], [ 80.226675276101176, 29.453416983059341 ], [ 80.226675276101176, 29.465282505401312 ], [ 80.218847640667462, 29.465282505401312 ], [ 80.218847640667462, 29.473192853629289 ], [ 80.214933822950613, 29.473192853629289 ], [ 80.214933822950613, 29.469237679515302 ] ], [ [ 80.222761458384312, 29.524610117111152 ], [ 80.218847640667462, 29.524610117111152 ], [ 80.218847640667462, 29.520654942997165 ], [ 80.226675276101176, 29.520654942997165 ], [ 80.226675276101176, 29.528565291225142 ], [ 80.222761458384312, 29.528565291225142 ], [ 80.222761458384312, 29.524610117111152 ] ], [ [ 80.20319236980005, 29.532520465339132 ], [ 80.211020005233749, 29.532520465339132 ], [ 80.211020005233749, 29.536475639453123 ], [ 80.20319236980005, 29.536475639453123 ], [ 80.20319236980005, 29.532520465339132 ] ], [ [ 80.199278552083186, 29.461327331287322 ], [ 80.20319236980005, 29.461327331287322 ], [ 80.20319236980005, 29.469237679515302 ], [ 80.199278552083186, 29.469237679515302 ], [ 80.199278552083186, 29.461327331287322 ] ], [ [ 80.195364734366336, 29.504834246541208 ], [ 80.199278552083186, 29.504834246541208 ], [ 80.199278552083186, 29.512744594769185 ], [ 80.195364734366336, 29.512744594769185 ], [ 80.195364734366336, 29.504834246541208 ] ], [ [ 80.113174562312395, 29.469237679515302 ], [ 80.101433109161832, 29.469237679515302 ], [ 80.101433109161832, 29.465282505401312 ], [ 80.093605473728118, 29.465282505401312 ], [ 80.093605473728118, 29.461327331287322 ], [ 80.097519291444968, 29.461327331287322 ], [ 80.097519291444968, 29.449461808945355 ], [ 80.101433109161832, 29.449461808945355 ], [ 80.101433109161832, 29.453416983059341 ], [ 80.113174562312395, 29.453416983059341 ], [ 80.113174562312395, 29.445506634831364 ], [ 80.089691656011269, 29.445506634831364 ], [ 80.089691656011269, 29.441551460717374 ], [ 80.128829833179807, 29.441551460717374 ], [ 80.128829833179807, 29.445506634831364 ], [ 80.132743650896657, 29.445506634831364 ], [ 80.132743650896657, 29.441551460717374 ], [ 80.136657468613521, 29.441551460717374 ], [ 80.136657468613521, 29.445506634831364 ], [ 80.140571286330371, 29.445506634831364 ], [ 80.140571286330371, 29.453416983059341 ], [ 80.14448510404722, 29.453416983059341 ], [ 80.14448510404722, 29.441551460717374 ], [ 80.152312739480934, 29.441551460717374 ], [ 80.152312739480934, 29.445506634831364 ], [ 80.156226557197783, 29.445506634831364 ], [ 80.156226557197783, 29.433641112489397 ], [ 80.167968010348361, 29.433641112489397 ], [ 80.167968010348361, 29.437596286603384 ], [ 80.17188182806521, 29.437596286603384 ], [ 80.17188182806521, 29.445506634831364 ], [ 80.17579564578206, 29.445506634831364 ], [ 80.17579564578206, 29.457372157173332 ], [ 80.17188182806521, 29.457372157173332 ], [ 80.17188182806521, 29.465282505401312 ], [ 80.164054192631497, 29.465282505401312 ], [ 80.164054192631497, 29.453416983059341 ], [ 80.167968010348361, 29.453416983059341 ], [ 80.167968010348361, 29.445506634831364 ], [ 80.164054192631497, 29.445506634831364 ], [ 80.164054192631497, 29.449461808945355 ], [ 80.160140374914647, 29.449461808945355 ], [ 80.160140374914647, 29.457372157173332 ], [ 80.152312739480934, 29.457372157173332 ], [ 80.152312739480934, 29.461327331287322 ], [ 80.148398921764084, 29.461327331287322 ], [ 80.148398921764084, 29.465282505401312 ], [ 80.136657468613521, 29.465282505401312 ], [ 80.136657468613521, 29.461327331287322 ], [ 80.132743650896657, 29.461327331287322 ], [ 80.132743650896657, 29.449461808945355 ], [ 80.128829833179807, 29.449461808945355 ], [ 80.128829833179807, 29.453416983059341 ], [ 80.124916015462958, 29.453416983059341 ], [ 80.124916015462958, 29.449461808945355 ], [ 80.121002197746094, 29.449461808945355 ], [ 80.121002197746094, 29.445506634831364 ], [ 80.117088380029244, 29.445506634831364 ], [ 80.117088380029244, 29.457372157173332 ], [ 80.105346926878681, 29.457372157173332 ], [ 80.105346926878681, 29.465282505401312 ], [ 80.113174562312395, 29.465282505401312 ], [ 80.113174562312395, 29.461327331287322 ], [ 80.117088380029244, 29.461327331287322 ], [ 80.117088380029244, 29.473192853629289 ], [ 80.113174562312395, 29.473192853629289 ], [ 80.113174562312395, 29.469237679515302 ] ], [ [ 80.148398921764084, 29.564161858251047 ], [ 80.164054192631497, 29.564161858251047 ], [ 80.164054192631497, 29.568117032365038 ], [ 80.148398921764084, 29.568117032365038 ], [ 80.148398921764084, 29.564161858251047 ] ], [ [ 80.132743650896657, 29.55229633590908 ], [ 80.136657468613521, 29.55229633590908 ], [ 80.136657468613521, 29.55625151002307 ], [ 80.132743650896657, 29.55625151002307 ], [ 80.132743650896657, 29.55229633590908 ] ], [ [ 80.124916015462958, 29.540430813567113 ], [ 80.132743650896657, 29.540430813567113 ], [ 80.132743650896657, 29.5443859876811 ], [ 80.124916015462958, 29.5443859876811 ], [ 80.124916015462958, 29.540430813567113 ] ], [ [ 80.124916015462958, 29.461327331287322 ], [ 80.128829833179807, 29.461327331287322 ], [ 80.128829833179807, 29.465282505401312 ], [ 80.124916015462958, 29.465282505401312 ], [ 80.124916015462958, 29.461327331287322 ] ], [ [ 80.101433109161832, 29.540430813567113 ], [ 80.113174562312395, 29.540430813567113 ], [ 80.113174562312395, 29.5443859876811 ], [ 80.105346926878681, 29.5443859876811 ], [ 80.105346926878681, 29.54834116179509 ], [ 80.101433109161832, 29.54834116179509 ], [ 80.101433109161832, 29.540430813567113 ] ], [ [ 80.081864020577555, 29.591848077048976 ], [ 80.077950202860706, 29.591848077048976 ], [ 80.077950202860706, 29.587892902934986 ], [ 80.074036385143842, 29.587892902934986 ], [ 80.074036385143842, 29.568117032365038 ], [ 80.101433109161832, 29.568117032365038 ], [ 80.101433109161832, 29.595803251162963 ], [ 80.081864020577555, 29.595803251162963 ], [ 80.081864020577555, 29.591848077048976 ] ], [ [ 80.062294931993279, 29.469237679515302 ], [ 80.070122567426992, 29.469237679515302 ], [ 80.070122567426992, 29.473192853629289 ], [ 80.062294931993279, 29.473192853629289 ], [ 80.062294931993279, 29.469237679515302 ] ], [ [ 80.062294931993279, 29.500879072427217 ], [ 80.066208749710142, 29.500879072427217 ], [ 80.066208749710142, 29.504834246541208 ], [ 80.062294931993279, 29.504834246541208 ], [ 80.062294931993279, 29.500879072427217 ] ], [ [ 80.038812025692152, 29.603713599390943 ], [ 80.058381114276429, 29.603713599390943 ], [ 80.058381114276429, 29.607668773504933 ], [ 80.062294931993279, 29.607668773504933 ], [ 80.062294931993279, 29.619534295846901 ], [ 80.066208749710142, 29.619534295846901 ], [ 80.066208749710142, 29.631399818188868 ], [ 80.038812025692152, 29.631399818188868 ], [ 80.038812025692152, 29.603713599390943 ] ], [ [ 80.046639661125866, 29.500879072427217 ], [ 80.054467296559565, 29.500879072427217 ], [ 80.054467296559565, 29.504834246541208 ], [ 80.046639661125866, 29.504834246541208 ], [ 80.046639661125866, 29.500879072427217 ] ], [ [ 80.046639661125866, 29.564161858251047 ], [ 80.050553478842716, 29.564161858251047 ], [ 80.050553478842716, 29.568117032365038 ], [ 80.046639661125866, 29.568117032365038 ], [ 80.046639661125866, 29.564161858251047 ] ], [ [ 80.042725843409002, 29.469237679515302 ], [ 80.046639661125866, 29.469237679515302 ], [ 80.046639661125866, 29.473192853629289 ], [ 80.042725843409002, 29.473192853629289 ], [ 80.042725843409002, 29.469237679515302 ] ], [ [ 80.038812025692152, 29.48505837597126 ], [ 80.042725843409002, 29.48505837597126 ], [ 80.042725843409002, 29.489013550085247 ], [ 80.038812025692152, 29.489013550085247 ], [ 80.038812025692152, 29.48505837597126 ] ], [ [ 80.015329119391026, 29.572072206479028 ], [ 80.011415301674177, 29.572072206479028 ], [ 80.011415301674177, 29.568117032365038 ], [ 79.999673848523614, 29.568117032365038 ], [ 79.999673848523614, 29.564161858251047 ], [ 80.003587666240463, 29.564161858251047 ], [ 80.003587666240463, 29.54834116179509 ], [ 80.007501483957313, 29.54834116179509 ], [ 80.007501483957313, 29.540430813567113 ], [ 80.011415301674177, 29.540430813567113 ], [ 80.011415301674177, 29.536475639453123 ], [ 80.019242937107876, 29.536475639453123 ], [ 80.019242937107876, 29.532520465339132 ], [ 80.027070572541589, 29.532520465339132 ], [ 80.027070572541589, 29.528565291225142 ], [ 80.030984390258439, 29.528565291225142 ], [ 80.030984390258439, 29.532520465339132 ], [ 80.038812025692152, 29.532520465339132 ], [ 80.038812025692152, 29.568117032365038 ], [ 80.034898207975303, 29.568117032365038 ], [ 80.034898207975303, 29.572072206479028 ], [ 80.027070572541589, 29.572072206479028 ], [ 80.027070572541589, 29.576027380593018 ], [ 80.015329119391026, 29.576027380593018 ], [ 80.015329119391026, 29.572072206479028 ] ], [ [ 79.999673848523614, 29.429685938375407 ], [ 79.99576003080675, 29.429685938375407 ], [ 79.99576003080675, 29.425730764261417 ], [ 79.9918462130899, 29.425730764261417 ], [ 79.9918462130899, 29.421775590147426 ], [ 79.987932395373051, 29.421775590147426 ], [ 79.987932395373051, 29.417820416033436 ], [ 79.984018577656187, 29.417820416033436 ], [ 79.984018577656187, 29.409910067805459 ], [ 79.980104759939337, 29.409910067805459 ], [ 79.980104759939337, 29.405954893691469 ], [ 79.984018577656187, 29.405954893691469 ], [ 79.984018577656187, 29.398044545463492 ], [ 79.9918462130899, 29.398044545463492 ], [ 79.9918462130899, 29.394089371349502 ], [ 79.99576003080675, 29.394089371349502 ], [ 79.99576003080675, 29.390134197235511 ], [ 79.999673848523614, 29.390134197235511 ], [ 79.999673848523614, 29.386179023121521 ], [ 80.003587666240463, 29.386179023121521 ], [ 80.003587666240463, 29.382223849007531 ], [ 80.011415301674177, 29.382223849007531 ], [ 80.011415301674177, 29.386179023121521 ], [ 80.019242937107876, 29.386179023121521 ], [ 80.019242937107876, 29.390134197235511 ], [ 80.02315675482474, 29.390134197235511 ], [ 80.02315675482474, 29.398044545463492 ], [ 80.027070572541589, 29.398044545463492 ], [ 80.027070572541589, 29.401999719577478 ], [ 80.030984390258439, 29.401999719577478 ], [ 80.030984390258439, 29.409910067805459 ], [ 80.034898207975303, 29.409910067805459 ], [ 80.034898207975303, 29.413865241919449 ], [ 80.030984390258439, 29.413865241919449 ], [ 80.030984390258439, 29.417820416033436 ], [ 80.027070572541589, 29.417820416033436 ], [ 80.027070572541589, 29.421775590147426 ], [ 80.02315675482474, 29.421775590147426 ], [ 80.02315675482474, 29.425730764261417 ], [ 80.019242937107876, 29.425730764261417 ], [ 80.019242937107876, 29.429685938375407 ], [ 80.015329119391026, 29.429685938375407 ], [ 80.015329119391026, 29.433641112489397 ], [ 79.999673848523614, 29.433641112489397 ], [ 79.999673848523614, 29.429685938375407 ] ], [ [ 80.007501483957313, 29.579982554707005 ], [ 80.015329119391026, 29.579982554707005 ], [ 80.015329119391026, 29.583937728820995 ], [ 80.019242937107876, 29.583937728820995 ], [ 80.019242937107876, 29.587892902934986 ], [ 80.015329119391026, 29.587892902934986 ], [ 80.015329119391026, 29.591848077048976 ], [ 80.011415301674177, 29.591848077048976 ], [ 80.011415301674177, 29.599758425276953 ], [ 80.007501483957313, 29.599758425276953 ], [ 80.007501483957313, 29.579982554707005 ] ], [ [ 79.960535671355061, 29.461327331287322 ], [ 79.956621853638211, 29.461327331287322 ], [ 79.956621853638211, 29.457372157173332 ], [ 79.960535671355061, 29.457372157173332 ], [ 79.960535671355061, 29.441551460717374 ], [ 79.984018577656187, 29.441551460717374 ], [ 79.984018577656187, 29.449461808945355 ], [ 79.987932395373051, 29.449461808945355 ], [ 79.987932395373051, 29.441551460717374 ], [ 80.003587666240463, 29.441551460717374 ], [ 80.003587666240463, 29.449461808945355 ], [ 80.007501483957313, 29.449461808945355 ], [ 80.007501483957313, 29.437596286603384 ], [ 80.015329119391026, 29.437596286603384 ], [ 80.015329119391026, 29.473192853629289 ], [ 80.011415301674177, 29.473192853629289 ], [ 80.011415301674177, 29.465282505401312 ], [ 80.007501483957313, 29.465282505401312 ], [ 80.007501483957313, 29.457372157173332 ], [ 80.003587666240463, 29.457372157173332 ], [ 80.003587666240463, 29.473192853629289 ], [ 79.999673848523614, 29.473192853629289 ], [ 79.999673848523614, 29.445506634831364 ], [ 79.9918462130899, 29.445506634831364 ], [ 79.9918462130899, 29.465282505401312 ], [ 79.987932395373051, 29.465282505401312 ], [ 79.987932395373051, 29.453416983059341 ], [ 79.984018577656187, 29.453416983059341 ], [ 79.984018577656187, 29.469237679515302 ], [ 79.976190942222487, 29.469237679515302 ], [ 79.976190942222487, 29.453416983059341 ], [ 79.980104759939337, 29.453416983059341 ], [ 79.980104759939337, 29.449461808945355 ], [ 79.976190942222487, 29.449461808945355 ], [ 79.976190942222487, 29.445506634831364 ], [ 79.968363306788774, 29.445506634831364 ], [ 79.968363306788774, 29.449461808945355 ], [ 79.96444948907191, 29.449461808945355 ], [ 79.96444948907191, 29.457372157173332 ], [ 79.968363306788774, 29.457372157173332 ], [ 79.968363306788774, 29.465282505401312 ], [ 79.96444948907191, 29.465282505401312 ], [ 79.96444948907191, 29.473192853629289 ], [ 79.960535671355061, 29.473192853629289 ], [ 79.960535671355061, 29.461327331287322 ] ], [ [ 79.976190942222487, 29.631399818188868 ], [ 79.980104759939337, 29.631399818188868 ], [ 79.980104759939337, 29.635354992302858 ], [ 79.976190942222487, 29.635354992302858 ], [ 79.976190942222487, 29.631399818188868 ] ], [ [ 79.956621853638211, 29.540430813567113 ], [ 79.976190942222487, 29.540430813567113 ], [ 79.976190942222487, 29.5443859876811 ], [ 79.956621853638211, 29.5443859876811 ], [ 79.956621853638211, 29.540430813567113 ] ], [ [ 79.925311311903371, 29.5443859876811 ], [ 79.937052765053934, 29.5443859876811 ], [ 79.937052765053934, 29.54834116179509 ], [ 79.925311311903371, 29.54834116179509 ], [ 79.925311311903371, 29.5443859876811 ] ], [ [ 79.894000770168532, 29.801472305090417 ], [ 79.897914587885396, 29.801472305090417 ], [ 79.897914587885396, 29.805427479204404 ], [ 79.894000770168532, 29.805427479204404 ], [ 79.894000770168532, 29.801472305090417 ] ], [ [ 79.878345499301119, 29.639310166416848 ], [ 79.882259317017969, 29.639310166416848 ], [ 79.882259317017969, 29.647220514644829 ], [ 79.878345499301119, 29.647220514644829 ], [ 79.878345499301119, 29.639310166416848 ] ], [ [ 79.854862593, 29.659086036986796 ], [ 79.858776410716843, 29.659086036986796 ], [ 79.858776410716843, 29.655130862872806 ], [ 79.862690228433692, 29.655130862872806 ], [ 79.862690228433692, 29.663041211100783 ], [ 79.854862593, 29.663041211100783 ], [ 79.854862593, 29.659086036986796 ] ], [ [ 79.780500056379751, 29.663041211100783 ], [ 79.788327691813464, 29.663041211100783 ], [ 79.788327691813464, 29.670951559328763 ], [ 79.780500056379751, 29.670951559328763 ], [ 79.780500056379751, 29.663041211100783 ] ], [ [ 79.768758603229188, 29.84893439445829 ], [ 79.772672420946037, 29.84893439445829 ], [ 79.772672420946037, 29.8449792203443 ], [ 79.776586238662901, 29.8449792203443 ], [ 79.776586238662901, 29.85288956857228 ], [ 79.768758603229188, 29.85288956857228 ], [ 79.768758603229188, 29.84893439445829 ] ], [ [ 79.745275696928061, 29.55229633590908 ], [ 79.741361879211212, 29.55229633590908 ], [ 79.741361879211212, 29.5443859876811 ], [ 79.737448061494348, 29.5443859876811 ], [ 79.737448061494348, 29.540430813567113 ], [ 79.733534243777498, 29.540430813567113 ], [ 79.733534243777498, 29.536475639453123 ], [ 79.737448061494348, 29.536475639453123 ], [ 79.737448061494348, 29.528565291225142 ], [ 79.741361879211212, 29.528565291225142 ], [ 79.741361879211212, 29.524610117111152 ], [ 79.745275696928061, 29.524610117111152 ], [ 79.745275696928061, 29.520654942997165 ], [ 79.753103332361775, 29.520654942997165 ], [ 79.753103332361775, 29.516699768883175 ], [ 79.760930967795474, 29.516699768883175 ], [ 79.760930967795474, 29.520654942997165 ], [ 79.768758603229188, 29.520654942997165 ], [ 79.768758603229188, 29.524610117111152 ], [ 79.772672420946037, 29.524610117111152 ], [ 79.772672420946037, 29.532520465339132 ], [ 79.776586238662901, 29.532520465339132 ], [ 79.776586238662901, 29.540430813567113 ], [ 79.772672420946037, 29.540430813567113 ], [ 79.772672420946037, 29.54834116179509 ], [ 79.768758603229188, 29.54834116179509 ], [ 79.768758603229188, 29.55229633590908 ], [ 79.760930967795474, 29.55229633590908 ], [ 79.760930967795474, 29.55625151002307 ], [ 79.745275696928061, 29.55625151002307 ], [ 79.745275696928061, 29.55229633590908 ] ], [ [ 79.757017150078624, 29.829158523888342 ], [ 79.764844785512338, 29.829158523888342 ], [ 79.764844785512338, 29.833113698002332 ], [ 79.768758603229188, 29.833113698002332 ], [ 79.768758603229188, 29.837068872116323 ], [ 79.757017150078624, 29.837068872116323 ], [ 79.757017150078624, 29.829158523888342 ] ], [ [ 79.741361879211212, 29.78565160863446 ], [ 79.749189514644911, 29.78565160863446 ], [ 79.749189514644911, 29.789606782748447 ], [ 79.741361879211212, 29.789606782748447 ], [ 79.741361879211212, 29.78565160863446 ] ], [ [ 79.725706608343785, 29.599758425276953 ], [ 79.729620426060649, 29.599758425276953 ], [ 79.729620426060649, 29.603713599390943 ], [ 79.725706608343785, 29.603713599390943 ], [ 79.725706608343785, 29.599758425276953 ] ], [ [ 79.66308552487412, 29.817293001546375 ], [ 79.666999342590969, 29.817293001546375 ], [ 79.666999342590969, 29.821248175660365 ], [ 79.725706608343785, 29.821248175660365 ], [ 79.725706608343785, 29.829158523888342 ], [ 79.66308552487412, 29.829158523888342 ], [ 79.66308552487412, 29.817293001546375 ] ], [ [ 79.66308552487412, 29.750055041608555 ], [ 79.666999342590969, 29.750055041608555 ], [ 79.666999342590969, 29.754010215722541 ], [ 79.690482248892096, 29.754010215722541 ], [ 79.690482248892096, 29.750055041608555 ], [ 79.694396066608959, 29.750055041608555 ], [ 79.694396066608959, 29.746099867494564 ], [ 79.698309884325809, 29.746099867494564 ], [ 79.698309884325809, 29.754010215722541 ], [ 79.706137519759523, 29.754010215722541 ], [ 79.706137519759523, 29.750055041608555 ], [ 79.713965155193222, 29.750055041608555 ], [ 79.713965155193222, 29.746099867494564 ], [ 79.725706608343785, 29.746099867494564 ], [ 79.725706608343785, 29.757965389836532 ], [ 79.66308552487412, 29.757965389836532 ], [ 79.66308552487412, 29.750055041608555 ] ], [ [ 79.647430254006693, 29.678861907556744 ], [ 79.63177498313928, 29.678861907556744 ], [ 79.63177498313928, 29.674906733442754 ], [ 79.627861165422431, 29.674906733442754 ], [ 79.627861165422431, 29.670951559328763 ], [ 79.623947347705567, 29.670951559328763 ], [ 79.623947347705567, 29.655130862872806 ], [ 79.627861165422431, 29.655130862872806 ], [ 79.627861165422431, 29.651175688758816 ], [ 79.63568880085613, 29.651175688758816 ], [ 79.63568880085613, 29.647220514644829 ], [ 79.639602618572994, 29.647220514644829 ], [ 79.639602618572994, 29.643265340530839 ], [ 79.66308552487412, 29.643265340530839 ], [ 79.66308552487412, 29.682817081670731 ], [ 79.647430254006693, 29.682817081670731 ], [ 79.647430254006693, 29.678861907556744 ] ], [ [ 79.623947347705567, 29.91617235439611 ], [ 79.620033529988717, 29.91617235439611 ], [ 79.620033529988717, 29.91221718028212 ], [ 79.616119712271868, 29.91221718028212 ], [ 79.616119712271868, 29.904306832054143 ], [ 79.612205894555004, 29.904306832054143 ], [ 79.612205894555004, 29.896396483826162 ], [ 79.608292076838154, 29.896396483826162 ], [ 79.608292076838154, 29.884530961484195 ], [ 79.620033529988717, 29.884530961484195 ], [ 79.620033529988717, 29.880575787370205 ], [ 79.623947347705567, 29.880575787370205 ], [ 79.623947347705567, 29.876620613256215 ], [ 79.639602618572994, 29.876620613256215 ], [ 79.639602618572994, 29.880575787370205 ], [ 79.643516436289843, 29.880575787370205 ], [ 79.643516436289843, 29.884530961484195 ], [ 79.659171707157256, 29.884530961484195 ], [ 79.659171707157256, 29.888486135598185 ], [ 79.655257889440406, 29.888486135598185 ], [ 79.655257889440406, 29.896396483826162 ], [ 79.651344071723557, 29.896396483826162 ], [ 79.651344071723557, 29.904306832054143 ], [ 79.647430254006693, 29.904306832054143 ], [ 79.647430254006693, 29.91221718028212 ], [ 79.643516436289843, 29.91221718028212 ], [ 79.643516436289843, 29.91617235439611 ], [ 79.639602618572994, 29.91617235439611 ], [ 79.639602618572994, 29.9201275285101 ], [ 79.623947347705567, 29.9201275285101 ], [ 79.623947347705567, 29.91617235439611 ] ], [ [ 79.63177498313928, 29.765875738064512 ], [ 79.639602618572994, 29.765875738064512 ], [ 79.639602618572994, 29.769830912178499 ], [ 79.63568880085613, 29.769830912178499 ], [ 79.63568880085613, 29.773786086292489 ], [ 79.63177498313928, 29.773786086292489 ], [ 79.63177498313928, 29.765875738064512 ] ], [ [ 79.600464441404441, 29.773786086292489 ], [ 79.604378259121304, 29.773786086292489 ], [ 79.604378259121304, 29.777741260406479 ], [ 79.600464441404441, 29.777741260406479 ], [ 79.600464441404441, 29.773786086292489 ] ], [ [ 79.600464441404441, 29.750055041608555 ], [ 79.604378259121304, 29.750055041608555 ], [ 79.604378259121304, 29.757965389836532 ], [ 79.600464441404441, 29.757965389836532 ], [ 79.600464441404441, 29.750055041608555 ] ], [ [ 79.541757175651625, 29.757965389836532 ], [ 79.545670993368475, 29.757965389836532 ], [ 79.545670993368475, 29.761920563950522 ], [ 79.541757175651625, 29.761920563950522 ], [ 79.541757175651625, 29.757965389836532 ] ], [ [ 79.533929540217912, 29.757965389836532 ], [ 79.537843357934776, 29.757965389836532 ], [ 79.537843357934776, 29.765875738064512 ], [ 79.533929540217912, 29.765875738064512 ], [ 79.533929540217912, 29.757965389836532 ] ], [ [ 79.51436045163365, 29.78565160863446 ], [ 79.522188087067349, 29.78565160863446 ], [ 79.522188087067349, 29.789606782748447 ], [ 79.51436045163365, 29.789606782748447 ], [ 79.51436045163365, 29.78565160863446 ] ], [ [ 79.502618998483086, 29.817293001546375 ], [ 79.51436045163365, 29.817293001546375 ], [ 79.51436045163365, 29.821248175660365 ], [ 79.502618998483086, 29.821248175660365 ], [ 79.502618998483086, 29.817293001546375 ] ], [ [ 79.475222274465096, 29.91221718028212 ], [ 79.479136092181946, 29.91221718028212 ], [ 79.479136092181946, 29.91617235439611 ], [ 79.475222274465096, 29.91617235439611 ], [ 79.475222274465096, 29.91221718028212 ] ], [ [ 79.45565318588082, 29.726323996924616 ], [ 79.447825550447121, 29.726323996924616 ], [ 79.447825550447121, 29.722368822810626 ], [ 79.443911732730257, 29.722368822810626 ], [ 79.443911732730257, 29.714458474582649 ], [ 79.439997915013407, 29.714458474582649 ], [ 79.439997915013407, 29.698637778126688 ], [ 79.436084097296558, 29.698637778126688 ], [ 79.436084097296558, 29.694682604012701 ], [ 79.475222274465096, 29.694682604012701 ], [ 79.475222274465096, 29.730279171038607 ], [ 79.45565318588082, 29.730279171038607 ], [ 79.45565318588082, 29.726323996924616 ] ], [ [ 79.326497201224626, 29.805427479204404 ], [ 79.318669565790913, 29.805427479204404 ], [ 79.318669565790913, 29.769830912178499 ], [ 79.322583383507776, 29.769830912178499 ], [ 79.322583383507776, 29.765875738064512 ], [ 79.342152472092039, 29.765875738064512 ], [ 79.342152472092039, 29.769830912178499 ], [ 79.349980107525752, 29.769830912178499 ], [ 79.349980107525752, 29.809382653318394 ], [ 79.326497201224626, 29.809382653318394 ], [ 79.326497201224626, 29.805427479204404 ] ] ] } },
{ "type": "Feature", "properties": { "hazard": "LOW", "area_m2": 497929.20163858205, "area_ha": 49.792920163858206 }, "geometry": { "type": "Polygon", "coordinates": [ [ [ 79.349980107525752, 29.734234345152593 ], [ 79.349980107525752, 29.730279171038607 ], [ 79.338238654375189, 29.730279171038607 ], [ 79.338238654375189, 29.734234345152593 ], [ 79.349980107525752, 29.734234345152593 ] ] ] } },
{ "type": "Feature", "properties": { "hazard": "LOW", "area_m2": 165971.97739278615, "area_ha": 16.597197739278617 }, "geometry": { "type": "Polygon", "coordinates": [ [ [ 79.381290649260592, 29.734234345152593 ], [ 79.381290649260592, 29.730279171038607 ], [ 79.377376831543728, 29.730279171038607 ], [ 79.377376831543728, 29.734234345152593 ], [ 79.381290649260592, 29.734234345152593 ] ] ] } },
{ "type": "Feature", "properties": { "hazard": "LOW", "area_m2": 1492690.6636630464, "area_ha": 149.26906636630466 }, "geometry": { "type": "Polygon", "coordinates": [ [ [ 79.890086952451682, 29.78169643452047 ], [ 79.890086952451682, 29.777741260406479 ], [ 79.894000770168532, 29.777741260406479 ], [ 79.894000770168532, 29.773786086292489 ], [ 79.897914587885396, 29.773786086292489 ], [ 79.897914587885396, 29.769830912178499 ], [ 79.901828405602245, 29.769830912178499 ], [ 79.901828405602245, 29.765875738064512 ], [ 79.894000770168532, 29.765875738064512 ], [ 79.894000770168532, 29.761920563950522 ], [ 79.890086952451682, 29.761920563950522 ], [ 79.890086952451682, 29.773786086292489 ], [ 79.886173134734833, 29.773786086292489 ], [ 79.886173134734833, 29.78169643452047 ], [ 79.890086952451682, 29.78169643452047 ] ] ] } },
{ "type": "Feature", "properties": { "hazard": "LOW", "area_m2": 165980.9178688566, "area_ha": 16.598091786885661 }, "geometry": { "type": "Polygon", "coordinates": [ [ [ 79.310841930357213, 29.734234345152593 ], [ 79.310841930357213, 29.730279171038607 ], [ 79.30692811264035, 29.730279171038607 ], [ 79.30692811264035, 29.734234345152593 ], [ 79.310841930357213, 29.734234345152593 ] ] ] } },
{ "type": "Feature", "properties": { "hazard": "LOW", "area_m2": 165975.51394986542, "area_ha": 16.597551394986542 }, "geometry": { "type": "Polygon", "coordinates": [ [ [ 79.3030142949235, 29.738189519266584 ], [ 79.3030142949235, 29.734234345152593 ], [ 79.299100477206636, 29.734234345152593 ], [ 79.299100477206636, 29.738189519266584 ], [ 79.3030142949235, 29.738189519266584 ] ] ] } },
{ "type": "Feature", "properties": { "hazard": "LOW", "area_m2": 829822.78893601836, "area_ha": 82.98227889360183 }, "geometry": { "type": "Polygon", "coordinates": [ [ [ 79.291272841772937, 29.750055041608555 ], [ 79.291272841772937, 29.746099867494564 ], [ 79.295186659489787, 29.746099867494564 ], [ 79.295186659489787, 29.742144693380574 ], [ 79.299100477206636, 29.742144693380574 ], [ 79.299100477206636, 29.738189519266584 ], [ 79.291272841772937, 29.738189519266584 ], [ 79.291272841772937, 29.742144693380574 ], [ 79.287359024056073, 29.742144693380574 ], [ 79.287359024056073, 29.750055041608555 ], [ 79.291272841772937, 29.750055041608555 ] ] ] } },
{ "type": "Feature", "properties": { "hazard": "LOW", "area_m2": 331706.75594146404, "area_ha": 33.170675594146402 }, "geometry": { "type": "Polygon", "coordinates": [ [ [ 79.256048482321248, 29.817293001546375 ], [ 79.256048482321248, 29.813337827432385 ], [ 79.248220846887534, 29.813337827432385 ], [ 79.248220846887534, 29.817293001546375 ], [ 79.256048482321248, 29.817293001546375 ] ] ] } },
{ "type": "Feature", "properties": { "hazard": "LOW", "area_m2": 165855.21554068878, "area_ha": 16.585521554068876 }, "geometry": { "type": "Polygon", "coordinates": [ [ [ 79.240393211453821, 29.817293001546375 ], [ 79.240393211453821, 29.813337827432385 ], [ 79.236479393736971, 29.813337827432385 ], [ 79.236479393736971, 29.817293001546375 ], [ 79.240393211453821, 29.817293001546375 ] ] ] } },
{ "type": "Feature", "properties": { "hazard": "LOW", "area_m2": 331695.97612671356, "area_ha": 33.169597612671353 }, "geometry": { "type": "Polygon", "coordinates": [ [ [ 79.248220846887534, 29.821248175660365 ], [ 79.248220846887534, 29.817293001546375 ], [ 79.240393211453821, 29.817293001546375 ], [ 79.240393211453821, 29.821248175660365 ], [ 79.248220846887534, 29.821248175660365 ] ] ] } },
{ "type": "Feature", "properties": { "hazard": "LOW", "area_m2": 24160976.718078203, "area_ha": 2416.0976718078205 }, "geometry": { "type": "Polygon", "coordinates": [ [ [ 79.318669565790913, 30.050648274271754 ], [ 79.318669565790913, 30.046693100157764 ], [ 79.349980107525752, 30.046693100157764 ], [ 79.349980107525752, 30.011096533131859 ], [ 79.287359024056073, 30.011096533131859 ], [ 79.287359024056073, 30.046693100157764 ], [ 79.310841930357213, 30.046693100157764 ], [ 79.310841930357213, 30.050648274271754 ], [ 79.318669565790913, 30.050648274271754 ] ] ] } },
{ "type": "Feature", "properties": { "hazard": "LOW", "area_m2": 8600444.1231257245, "area_ha": 860.04441231257249 }, "geometry": { "type": "Polygon", "coordinates": [ [ [ 79.349980107525752, 30.102065537753617 ], [ 79.349980107525752, 30.074379318955689 ], [ 79.310841930357213, 30.074379318955689 ], [ 79.310841930357213, 30.078334493069679 ], [ 79.314755748074063, 30.078334493069679 ], [ 79.314755748074063, 30.082289667183669 ], [ 79.318669565790913, 30.082289667183669 ], [ 79.318669565790913, 30.08624484129766 ], [ 79.322583383507776, 30.08624484129766 ], [ 79.322583383507776, 30.090200015411646 ], [ 79.326497201224626, 30.090200015411646 ], [ 79.326497201224626, 30.102065537753617 ], [ 79.349980107525752, 30.102065537753617 ] ] ] } },
{ "type": "Feature", "properties": { "hazard": "LOW", "area_m2": 34730085.091225952, "area_ha": 3473.0085091225951 }, "geometry": { "type": "Polygon", "coordinates": [ [ [ 79.224737940586408, 30.137662104779523 ], [ 79.224737940586408, 30.090200015411646 ], [ 79.216910305152695, 30.090200015411646 ], [ 79.216910305152695, 30.098110363639627 ], [ 79.212996487435845, 30.098110363639627 ], [ 79.212996487435845, 30.102065537753617 ], [ 79.193427398851568, 30.102065537753617 ], [ 79.193427398851568, 30.094155189525637 ], [ 79.201255034285282, 30.094155189525637 ], [ 79.201255034285282, 30.090200015411646 ], [ 79.205168852002132, 30.090200015411646 ], [ 79.205168852002132, 30.082289667183669 ], [ 79.212996487435845, 30.082289667183669 ], [ 79.212996487435845, 30.078334493069679 ], [ 79.216910305152695, 30.078334493069679 ], [ 79.216910305152695, 30.074379318955689 ], [ 79.162116857116729, 30.074379318955689 ], [ 79.162116857116729, 30.133706930665532 ], [ 79.166030674833593, 30.133706930665532 ], [ 79.166030674833593, 30.129751756551542 ], [ 79.181685945701005, 30.129751756551542 ], [ 79.181685945701005, 30.133706930665532 ], [ 79.185599763417855, 30.133706930665532 ], [ 79.185599763417855, 30.137662104779523 ], [ 79.224737940586408, 30.137662104779523 ] ], [ [ 79.189513581134719, 30.117886234209575 ], [ 79.193427398851568, 30.117886234209575 ], [ 79.193427398851568, 30.129751756551542 ], [ 79.189513581134719, 30.129751756551542 ], [ 79.189513581134719, 30.117886234209575 ] ], [ [ 79.169944492550442, 30.106020711867608 ], [ 79.181685945701005, 30.106020711867608 ], [ 79.181685945701005, 30.109975885981594 ], [ 79.169944492550442, 30.109975885981594 ], [ 79.169944492550442, 30.106020711867608 ] ] ] } },
{ "type": "Feature", "properties": { "hazard": "LOW", "area_m2": 165384.14053460077, "area_ha": 16.538414053460077 }, "geometry": { "type": "Polygon", "coordinates": [ [ [ 78.649406736208789, 30.161393149463457 ], [ 78.649406736208789, 30.15743797534947 ], [ 78.645492918491925, 30.15743797534947 ], [ 78.645492918491925, 30.161393149463457 ], [ 78.649406736208789, 30.161393149463457 ] ] ] } },
{ "type": "Feature", "properties": { "hazard": "EXTREME", "area_m2": 331658.05474012904, "area_ha": 33.165805474012906 }, "geometry": { "type": "Polygon", "coordinates": [ [ [ 79.850948775283129, 29.793561956862437 ], [ 79.850948775283129, 29.78565160863446 ], [ 79.847034957566279, 29.78565160863446 ], [ 79.847034957566279, 29.793561956862437 ], [ 79.850948775283129, 29.793561956862437 ] ] ] } },
{ "type": "Feature", "properties": { "hazard": "EXTREME", "area_m2": 663294.27000103961, "area_ha": 66.329427000103962 }, "geometry": { "type": "Polygon", "coordinates": [ [ [ 79.847034957566279, 29.797517130976427 ], [ 79.847034957566279, 29.793561956862437 ], [ 79.839207322132566, 29.793561956862437 ], [ 79.839207322132566, 29.789606782748447 ], [ 79.835293504415716, 29.789606782748447 ], [ 79.835293504415716, 29.797517130976427 ], [ 79.847034957566279, 29.797517130976427 ] ] ] } },
{ "type": "Feature", "properties": { "hazard": "LOW", "area_m2": 165795.3489206376, "area_ha": 16.579534892063759 }, "geometry": { "type": "Polygon", "coordinates": [ [ [ 79.353893925242602, 29.8449792203443 ], [ 79.353893925242602, 29.841024046230309 ], [ 79.349980107525752, 29.841024046230309 ], [ 79.349980107525752, 29.8449792203443 ], [ 79.353893925242602, 29.8449792203443 ] ] ] } },
{ "type": "Feature", "properties": { "hazard": "EXTREME", "area_m2": 497059.24634904764, "area_ha": 49.705924634904761 }, "geometry": { "type": "Polygon", "coordinates": [ [ [ 79.627861165422431, 29.896396483826162 ], [ 79.627861165422431, 29.884530961484195 ], [ 79.623947347705567, 29.884530961484195 ], [ 79.623947347705567, 29.896396483826162 ], [ 79.627861165422431, 29.896396483826162 ] ] ] } },
{ "type": "Feature", "properties": { "hazard": "EXTREME", "area_m2": 165657.03071154363, "area_ha": 16.565703071154363 }, "geometry": { "type": "Polygon", "coordinates": [ [ [ 79.944880400487648, 29.892441309712176 ], [ 79.944880400487648, 29.888486135598185 ], [ 79.940966582770784, 29.888486135598185 ], [ 79.940966582770784, 29.892441309712176 ], [ 79.944880400487648, 29.892441309712176 ] ] ] } },
{ "type": "Feature", "properties": { "hazard": "EXTREME", "area_m2": 165679.15051378723, "area_ha": 16.567915051378723 }, "geometry": { "type": "Polygon", "coordinates": [ [ [ 79.63568880085613, 29.896396483826162 ], [ 79.63568880085613, 29.892441309712176 ], [ 79.63177498313928, 29.892441309712176 ], [ 79.63177498313928, 29.896396483826162 ], [ 79.63568880085613, 29.896396483826162 ] ] ] } },
{ "type": "Feature", "properties": { "hazard": "LOW", "area_m2": 165649.83413189295, "area_ha": 16.564983413189296 }, "geometry": { "type": "Polygon", "coordinates": [ [ [ 79.436084097296558, 29.928037876738081 ], [ 79.436084097296558, 29.924082702624091 ], [ 79.432170279579694, 29.924082702624091 ], [ 79.432170279579694, 29.928037876738081 ], [ 79.436084097296558, 29.928037876738081 ] ] ] } },
{ "type": "Feature", "properties": { "hazard": "LOW", "area_m2": 3642753.3118863031, "area_ha": 364.27533118863033 }, "geometry": { "type": "Polygon", "coordinates": [ [ [ 79.956621853638211, 29.947813747308025 ], [ 79.956621853638211, 29.935948224966058 ], [ 79.952708035921347, 29.935948224966058 ], [ 79.952708035921347, 29.931993050852068 ], [ 79.948794218204497, 29.931993050852068 ], [ 79.948794218204497, 29.928037876738081 ], [ 79.944880400487648, 29.928037876738081 ], [ 79.944880400487648, 29.931993050852068 ], [ 79.937052765053934, 29.931993050852068 ], [ 79.937052765053934, 29.939903399080048 ], [ 79.933138947337085, 29.939903399080048 ], [ 79.933138947337085, 29.947813747308025 ], [ 79.956621853638211, 29.947813747308025 ] ] ] } },
{ "type": "Feature", "properties": { "hazard": "LOW", "area_m2": 165617.07240197645, "area_ha": 16.561707240197645 }, "geometry": { "type": "Polygon", "coordinates": [ [ [ 79.439997915013407, 29.947813747308025 ], [ 79.439997915013407, 29.943858573194039 ], [ 79.436084097296558, 29.943858573194039 ], [ 79.436084097296558, 29.947813747308025 ], [ 79.439997915013407, 29.947813747308025 ] ] ] } },
{ "type": "Feature", "properties": { "hazard": "EXTREME", "area_m2": 330085.41519017424, "area_ha": 33.008541519017427 }, "geometry": { "type": "Polygon", "coordinates": [ [ [ 79.929225129620221, 30.268182850541173 ], [ 79.929225129620221, 30.264227676427183 ], [ 79.921397494186522, 30.264227676427183 ], [ 79.921397494186522, 30.268182850541173 ], [ 79.929225129620221, 30.268182850541173 ] ] ] } },
{ "type": "Feature", "properties": { "hazard": "LOW", "area_m2": 165516.30858939083, "area_ha": 16.551630858939085 }, "geometry": { "type": "Polygon", "coordinates": [ [ [ 78.531992204703144, 30.094155189525637 ], [ 78.531992204703144, 30.090200015411646 ], [ 78.528078386986294, 30.090200015411646 ], [ 78.528078386986294, 30.094155189525637 ], [ 78.531992204703144, 30.094155189525637 ] ] ] } },
{ "type": "Feature", "properties": { "hazard": "LOW", "area_m2": 165509.06848193856, "area_ha": 16.550906848193858 }, "geometry": { "type": "Polygon", "coordinates": [ [ [ 78.535906022420008, 30.098110363639627 ], [ 78.535906022420008, 30.094155189525637 ], [ 78.531992204703144, 30.094155189525637 ], [ 78.531992204703144, 30.098110363639627 ], [ 78.535906022420008, 30.098110363639627 ] ] ] } },
{ "type": "Feature", "properties": { "hazard": "LOW", "area_m2": 15391222.929326413, "area_ha": 1539.1222929326414 }, "geometry": { "type": "Polygon", "coordinates": [ [ [ 78.531992204703144, 30.125796582437552 ], [ 78.531992204703144, 30.121841408323565 ], [ 78.535906022420008, 30.121841408323565 ], [ 78.535906022420008, 30.106020711867608 ], [ 78.524164569269445, 30.106020711867608 ], [ 78.524164569269445, 30.094155189525637 ], [ 78.520250751552581, 30.094155189525637 ], [ 78.520250751552581, 30.090200015411646 ], [ 78.512423116118882, 30.090200015411646 ], [ 78.512423116118882, 30.102065537753617 ], [ 78.504595480685168, 30.102065537753617 ], [ 78.504595480685168, 30.098110363639627 ], [ 78.500681662968319, 30.098110363639627 ], [ 78.500681662968319, 30.094155189525637 ], [ 78.496767845251455, 30.094155189525637 ], [ 78.496767845251455, 30.090200015411646 ], [ 78.481112574384042, 30.090200015411646 ], [ 78.481112574384042, 30.08624484129766 ], [ 78.477198756667192, 30.08624484129766 ], [ 78.477198756667192, 30.094155189525637 ], [ 78.473284938950329, 30.094155189525637 ], [ 78.473284938950329, 30.102065537753617 ], [ 78.481112574384042, 30.102065537753617 ], [ 78.481112574384042, 30.106020711867608 ], [ 78.492854027534605, 30.106020711867608 ], [ 78.492854027534605, 30.121841408323565 ], [ 78.496767845251455, 30.121841408323565 ], [ 78.496767845251455, 30.125796582437552 ], [ 78.531992204703144, 30.125796582437552 ] ] ] } },
{ "type": "Feature", "properties": { "hazard": "LOW", "area_m2": 661959.23669869767, "area_ha": 66.195923669869771 }, "geometry": { "type": "Polygon", "coordinates": [ [ [ 78.485026392100892, 30.117886234209575 ], [ 78.485026392100892, 30.109975885981594 ], [ 78.473284938950329, 30.109975885981594 ], [ 78.473284938950329, 30.113931060095585 ], [ 78.481112574384042, 30.113931060095585 ], [ 78.481112574384042, 30.117886234209575 ], [ 78.485026392100892, 30.117886234209575 ] ] ] } },
{ "type": "Feature", "properties": { "hazard": "LOW", "area_m2": 330825.35928759386, "area_ha": 33.082535928759384 }, "geometry": { "type": "Polygon", "coordinates": [ [ [ 78.477198756667192, 30.165348323577447 ], [ 78.477198756667192, 30.15743797534947 ], [ 78.473284938950329, 30.15743797534947 ], [ 78.473284938950329, 30.165348323577447 ], [ 78.477198756667192, 30.165348323577447 ] ] ] } },
{ "type": "Feature", "properties": { "hazard": "LOW", "area_m2": 992276.19740652363, "area_ha": 99.227619740652358 }, "geometry": { "type": "Polygon", "coordinates": [ [ [ 78.308904594842446, 30.204900064717343 ], [ 78.308904594842446, 30.200944890603353 ], [ 78.285421688541319, 30.200944890603353 ], [ 78.285421688541319, 30.204900064717343 ], [ 78.308904594842446, 30.204900064717343 ] ] ] } },
{ "type": "Feature", "properties": { "hazard": "LOW", "area_m2": 165352.44768983874, "area_ha": 16.535244768983873 }, "geometry": { "type": "Polygon", "coordinates": [ [ [ 78.43414676178179, 30.204900064717343 ], [ 78.43414676178179, 30.200944890603353 ], [ 78.430232944064926, 30.200944890603353 ], [ 78.430232944064926, 30.204900064717343 ], [ 78.43414676178179, 30.204900064717343 ] ] ] } },
{ "type": "Feature", "properties": { "hazard": "LOW", "area_m2": 661370.03479367844, "area_ha": 66.137003479367849 }, "geometry": { "type": "Polygon", "coordinates": [ [ [ 78.457629668082916, 30.208855238831333 ], [ 78.457629668082916, 30.204900064717343 ], [ 78.441974397215489, 30.204900064717343 ], [ 78.441974397215489, 30.208855238831333 ], [ 78.457629668082916, 30.208855238831333 ] ] ] } },
{ "type": "Feature", "properties": { "hazard": "LOW", "area_m2": 165345.15667445288, "area_ha": 16.534515667445287 }, "geometry": { "type": "Polygon", "coordinates": [ [ [ 78.438060579498639, 30.208855238831333 ], [ 78.438060579498639, 30.204900064717343 ], [ 78.43414676178179, 30.204900064717343 ], [ 78.43414676178179, 30.208855238831333 ], [ 78.438060579498639, 30.208855238831333 ] ] ] } },
{ "type": "Feature", "properties": { "hazard": "LOW", "area_m2": 661318.73795803892, "area_ha": 66.131873795803898 }, "geometry": { "type": "Polygon", "coordinates": [ [ [ 78.289335506258169, 30.240496631743248 ], [ 78.289335506258169, 30.232586283515268 ], [ 78.293249323975019, 30.232586283515268 ], [ 78.293249323975019, 30.228631109401281 ], [ 78.285421688541319, 30.228631109401281 ], [ 78.285421688541319, 30.240496631743248 ], [ 78.289335506258169, 30.240496631743248 ] ] ] } },
{ "type": "Feature", "properties": { "hazard": "LOW", "area_m2": 330753.15675625956, "area_ha": 33.075315675625959 }, "geometry": { "type": "Polygon", "coordinates": [ [ [ 78.657234371642502, 30.165348323577447 ], [ 78.657234371642502, 30.161393149463457 ], [ 78.649406736208789, 30.161393149463457 ], [ 78.649406736208789, 30.165348323577447 ], [ 78.657234371642502, 30.165348323577447 ] ] ] } },
{ "type": "Feature", "properties": { "hazard": "LOW", "area_m2": 165369.01791523496, "area_ha": 16.536901791523494 }, "geometry": { "type": "Polygon", "coordinates": [ [ [ 78.661148189359352, 30.169303497691438 ], [ 78.661148189359352, 30.165348323577447 ], [ 78.657234371642502, 30.165348323577447 ], [ 78.657234371642502, 30.169303497691438 ], [ 78.661148189359352, 30.169303497691438 ] ] ] } },
{ "type": "Feature", "properties": { "hazard": "LOW", "area_m2": 330542.71998565202, "area_ha": 33.054271998565198 }, "geometry": { "type": "Polygon", "coordinates": [ [ [ 78.715941637395318, 30.224675935287291 ], [ 78.715941637395318, 30.21676558705931 ], [ 78.712027819678454, 30.21676558705931 ], [ 78.712027819678454, 30.224675935287291 ], [ 78.715941637395318, 30.224675935287291 ] ] ] } },
{ "type": "Feature", "properties": { "hazard": "LOW", "area_m2": 165216.93589780061, "area_ha": 16.52169358978006 }, "geometry": { "type": "Polygon", "coordinates": [ [ [ 78.786390356298696, 30.248406979971225 ], [ 78.786390356298696, 30.244451805857238 ], [ 78.782476538581847, 30.244451805857238 ], [ 78.782476538581847, 30.248406979971225 ], [ 78.786390356298696, 30.248406979971225 ] ] ] } },
{ "type": "Feature", "properties": { "hazard": "LOW", "area_m2": 330356.77794937778, "area_ha": 33.035677794937776 }, "geometry": { "type": "Polygon", "coordinates": [ [ [ 78.802045627166109, 30.272138024655163 ], [ 78.802045627166109, 30.264227676427183 ], [ 78.798131809449259, 30.264227676427183 ], [ 78.798131809449259, 30.272138024655163 ], [ 78.802045627166109, 30.272138024655163 ] ] ] } },
{ "type": "Feature", "properties": { "hazard": "LOW", "area_m2": 9249495.0726245381, "area_ha": 924.94950726245384 }, "geometry": { "type": "Polygon", "coordinates": [ [ [ 78.97425360670772, 30.280048372883144 ], [ 78.97425360670772, 30.264227676427183 ], [ 78.94294306497288, 30.264227676427183 ], [ 78.94294306497288, 30.268182850541173 ], [ 78.91163252323804, 30.268182850541173 ], [ 78.91163252323804, 30.280048372883144 ], [ 78.97425360670772, 30.280048372883144 ] ] ] } },
{ "type": "Feature", "properties": { "hazard": "LOW", "area_m2": 165167.93517325402, "area_ha": 16.516793517325404 }, "geometry": { "type": "Polygon", "coordinates": [ [ [ 78.805959444882973, 30.276093198769154 ], [ 78.805959444882973, 30.272138024655163 ], [ 78.802045627166109, 30.272138024655163 ], [ 78.802045627166109, 30.276093198769154 ], [ 78.805959444882973, 30.276093198769154 ] ] ] } },
{ "type": "Feature", "properties": { "hazard": "LOW", "area_m2": 165160.74979270899, "area_ha": 16.516074979270897 }, "geometry": { "type": "Polygon", "coordinates": [ [ [ 78.809873262599822, 30.280048372883144 ], [ 78.809873262599822, 30.276093198769154 ], [ 78.805959444882973, 30.276093198769154 ], [ 78.805959444882973, 30.280048372883144 ], [ 78.809873262599822, 30.280048372883144 ] ] ] } },
{ "type": "Feature", "properties": { "hazard": "LOW", "area_m2": 165153.56493784758, "area_ha": 16.515356493784758 }, "geometry": { "type": "Polygon", "coordinates": [ [ [ 78.813787080316672, 30.28400354699713 ], [ 78.813787080316672, 30.280048372883144 ], [ 78.809873262599822, 30.280048372883144 ], [ 78.809873262599822, 30.28400354699713 ], [ 78.813787080316672, 30.28400354699713 ] ] ] } },
{ "type": "Feature", "properties": { "hazard": "LOW", "area_m2": 2805980.0063570687, "area_ha": 280.59800063570685 }, "geometry": { "type": "Polygon", "coordinates": [ [ [ 79.052529961044812, 30.327510462251016 ], [ 79.052529961044812, 30.315644939909049 ], [ 79.048616143327948, 30.315644939909049 ], [ 79.048616143327948, 30.311689765795059 ], [ 79.044702325611098, 30.311689765795059 ], [ 79.044702325611098, 30.307734591681069 ], [ 79.036874690177385, 30.307734591681069 ], [ 79.036874690177385, 30.327510462251016 ], [ 79.052529961044812, 30.327510462251016 ] ] ] } },
{ "type": "Feature", "properties": { "hazard": "LOW", "area_m2": 165283.25985131523, "area_ha": 16.528325985131524 }, "geometry": { "type": "Polygon", "coordinates": [ [ [ 78.289335506258169, 30.264227676427183 ], [ 78.289335506258169, 30.260272502313196 ], [ 78.285421688541319, 30.260272502313196 ], [ 78.285421688541319, 30.264227676427183 ], [ 78.289335506258169, 30.264227676427183 ] ] ] } },
{ "type": "Feature", "properties": { "hazard": "MODERATE", "area_m2": 165189.68076491082, "area_ha": 16.518968076491081 }, "geometry": { "type": "Polygon", "coordinates": [ [ [ 78.430232944064926, 30.303779417567078 ], [ 78.430232944064926, 30.299824243453088 ], [ 78.426319126348076, 30.299824243453088 ], [ 78.426319126348076, 30.303779417567078 ], [ 78.430232944064926, 30.303779417567078 ] ] ] } },
{ "type": "Feature", "properties": { "hazard": "LOW", "area_m2": 495517.62475185469, "area_ha": 49.55176247518547 }, "geometry": { "type": "Polygon", "coordinates": [ [ [ 78.25411114680648, 30.339375984592984 ], [ 78.25411114680648, 30.327510462251016 ], [ 78.250197329089616, 30.327510462251016 ], [ 78.250197329089616, 30.339375984592984 ], [ 78.25411114680648, 30.339375984592984 ] ] ] } },
{ "type": "Feature", "properties": { "hazard": "LOW", "area_m2": 165152.8542688007, "area_ha": 16.51528542688007 }, "geometry": { "type": "Polygon", "coordinates": [ [ [ 78.25411114680648, 30.347286332820964 ], [ 78.25411114680648, 30.343331158706974 ], [ 78.250197329089616, 30.343331158706974 ], [ 78.250197329089616, 30.347286332820964 ], [ 78.25411114680648, 30.347286332820964 ] ] ] } },
{ "type": "Feature", "properties": { "hazard": "LOW", "area_m2": 165147.10056246957, "area_ha": 16.514710056246958 }, "geometry": { "type": "Polygon", "coordinates": [ [ [ 78.250197329089616, 30.351241506934954 ], [ 78.250197329089616, 30.347286332820964 ], [ 78.246283511372766, 30.347286332820964 ], [ 78.246283511372766, 30.351241506934954 ], [ 78.250197329089616, 30.351241506934954 ] ] ] } },
{ "type": "Feature", "properties": { "hazard": "LOW", "area_m2": 990412.93592395331, "area_ha": 99.041293592395334 }, "geometry": { "type": "Polygon", "coordinates": [ [ [ 78.481112574384042, 30.374972551618889 ], [ 78.481112574384042, 30.363107029276922 ], [ 78.473284938950329, 30.363107029276922 ], [ 78.473284938950329, 30.374972551618889 ], [ 78.481112574384042, 30.374972551618889 ] ] ] } },
{ "type": "Feature", "properties": { "hazard": "LOW", "area_m2": 1676585099.9131203, "area_ha": 167658.50999131202 }, "geometry": { "type": "Polygon", "coordinates": [ [ [ 78.281507870824456, 30.493627775038576 ], [ 78.281507870824456, 30.497582949152562 ], [ 78.285421688541319, 30.497582949152562 ], [ 78.285421688541319, 30.51340364560852 ], [ 78.297163141691883, 30.51340364560852 ], [ 78.297163141691883, 30.51735881972251 ], [ 78.304990777125582, 30.51735881972251 ], [ 78.304990777125582, 30.5213139938365 ], [ 78.301076959408732, 30.5213139938365 ], [ 78.301076959408732, 30.533179516178468 ], [ 78.297163141691883, 30.533179516178468 ], [ 78.297163141691883, 30.537134690292458 ], [ 78.293249323975019, 30.537134690292458 ], [ 78.293249323975019, 30.541089864406448 ], [ 78.289335506258169, 30.541089864406448 ], [ 78.289335506258169, 30.549000212634425 ], [ 78.293249323975019, 30.549000212634425 ], [ 78.293249323975019, 30.552955386748415 ], [ 78.297163141691883, 30.552955386748415 ], [ 78.297163141691883, 30.560865734976396 ], [ 78.301076959408732, 30.560865734976396 ], [ 78.301076959408732, 30.564820909090386 ], [ 78.304990777125582, 30.564820909090386 ], [ 78.304990777125582, 30.572731257318363 ], [ 78.312818412559295, 30.572731257318363 ], [ 78.312818412559295, 30.580641605546344 ], [ 78.379353313745824, 30.580641605546344 ], [ 78.379353313745824, 30.58459677966033 ], [ 78.375439496028974, 30.58459677966033 ], [ 78.375439496028974, 30.592507127888311 ], [ 78.379353313745824, 30.592507127888311 ], [ 78.379353313745824, 30.604372650230278 ], [ 78.375439496028974, 30.604372650230278 ], [ 78.375439496028974, 30.612282998458259 ], [ 78.383267131462674, 30.612282998458259 ], [ 78.383267131462674, 30.620193346686236 ], [ 78.387180949179537, 30.620193346686236 ], [ 78.387180949179537, 30.628103694914216 ], [ 78.391094766896387, 30.628103694914216 ], [ 78.391094766896387, 30.632058869028207 ], [ 78.395008584613237, 30.632058869028207 ], [ 78.395008584613237, 30.643924391370174 ], [ 78.473284938950329, 30.643924391370174 ], [ 78.473284938950329, 30.580641605546344 ], [ 78.535906022420008, 30.580641605546344 ], [ 78.535906022420008, 30.51735881972251 ], [ 78.598527105889673, 30.51735881972251 ], [ 78.598527105889673, 30.45407603389868 ], [ 78.622010012190799, 30.45407603389868 ], [ 78.622010012190799, 30.442210511556709 ], [ 78.625923829907663, 30.442210511556709 ], [ 78.625923829907663, 30.426389815100752 ], [ 78.633751465341362, 30.426389815100752 ], [ 78.633751465341362, 30.418479466872775 ], [ 78.641579100775076, 30.418479466872775 ], [ 78.641579100775076, 30.414524292758784 ], [ 78.661148189359352, 30.414524292758784 ], [ 78.661148189359352, 30.418479466872775 ], [ 78.680717277943629, 30.418479466872775 ], [ 78.680717277943629, 30.414524292758784 ], [ 78.688544913377328, 30.414524292758784 ], [ 78.688544913377328, 30.410569118644794 ], [ 78.692458731094192, 30.410569118644794 ], [ 78.692458731094192, 30.402658770416817 ], [ 78.696372548811041, 30.402658770416817 ], [ 78.696372548811041, 30.390793248074846 ], [ 78.786390356298696, 30.390793248074846 ], [ 78.786390356298696, 30.38683807396086 ], [ 78.790304174015546, 30.38683807396086 ], [ 78.790304174015546, 30.390793248074846 ], [ 78.821614715750385, 30.390793248074846 ], [ 78.821614715750385, 30.38683807396086 ], [ 78.817700898033536, 30.38683807396086 ], [ 78.817700898033536, 30.367062203390912 ], [ 78.821614715750385, 30.367062203390912 ], [ 78.821614715750385, 30.363107029276922 ], [ 78.817700898033536, 30.363107029276922 ], [ 78.817700898033536, 30.343331158706974 ], [ 78.821614715750385, 30.343331158706974 ], [ 78.821614715750385, 30.327510462251016 ], [ 78.849011439768375, 30.327510462251016 ], [ 78.849011439768375, 30.311689765795059 ], [ 78.841183804334662, 30.311689765795059 ], [ 78.841183804334662, 30.303779417567078 ], [ 78.837269986617812, 30.303779417567078 ], [ 78.837269986617812, 30.299824243453088 ], [ 78.821614715750385, 30.299824243453088 ], [ 78.821614715750385, 30.295869069339101 ], [ 78.817700898033536, 30.295869069339101 ], [ 78.817700898033536, 30.28400354699713 ], [ 78.813787080316672, 30.28400354699713 ], [ 78.813787080316672, 30.287958721111121 ], [ 78.805959444882973, 30.287958721111121 ], [ 78.805959444882973, 30.28400354699713 ], [ 78.802045627166109, 30.28400354699713 ], [ 78.802045627166109, 30.280048372883144 ], [ 78.798131809449259, 30.280048372883144 ], [ 78.798131809449259, 30.276093198769154 ], [ 78.79421799173241, 30.276093198769154 ], [ 78.79421799173241, 30.272138024655163 ], [ 78.790304174015546, 30.272138024655163 ], [ 78.790304174015546, 30.264227676427183 ], [ 78.786390356298696, 30.264227676427183 ], [ 78.786390356298696, 30.256317328199206 ], [ 78.778562720864983, 30.256317328199206 ], [ 78.778562720864983, 30.248406979971225 ], [ 78.76682126771442, 30.248406979971225 ], [ 78.76682126771442, 30.244451805857238 ], [ 78.76290744999757, 30.244451805857238 ], [ 78.76290744999757, 30.240496631743248 ], [ 78.75899363228072, 30.240496631743248 ], [ 78.75899363228072, 30.244451805857238 ], [ 78.723769272829017, 30.244451805857238 ], [ 78.723769272829017, 30.264227676427183 ], [ 78.712027819678454, 30.264227676427183 ], [ 78.712027819678454, 30.260272502313196 ], [ 78.708114001961604, 30.260272502313196 ], [ 78.708114001961604, 30.256317328199206 ], [ 78.712027819678454, 30.256317328199206 ], [ 78.712027819678454, 30.244451805857238 ], [ 78.708114001961604, 30.244451805857238 ], [ 78.708114001961604, 30.240496631743248 ], [ 78.700286366527891, 30.240496631743248 ], [ 78.700286366527891, 30.236541457629258 ], [ 78.704200184244755, 30.236541457629258 ], [ 78.704200184244755, 30.200944890603353 ], [ 78.661148189359352, 30.200944890603353 ], [ 78.661148189359352, 30.177213845919415 ], [ 78.653320553925639, 30.177213845919415 ], [ 78.653320553925639, 30.169303497691438 ], [ 78.645492918491925, 30.169303497691438 ], [ 78.645492918491925, 30.165348323577447 ], [ 78.641579100775076, 30.165348323577447 ], [ 78.641579100775076, 30.161393149463457 ], [ 78.637665283058226, 30.161393149463457 ], [ 78.637665283058226, 30.15743797534947 ], [ 78.633751465341362, 30.15743797534947 ], [ 78.633751465341362, 30.15348280123548 ], [ 78.629837647624512, 30.15348280123548 ], [ 78.629837647624512, 30.14952762712149 ], [ 78.6141823767571, 30.14952762712149 ], [ 78.6141823767571, 30.1455724530075 ], [ 78.606354741323386, 30.1455724530075 ], [ 78.606354741323386, 30.141617278893509 ], [ 78.590699470455974, 30.141617278893509 ], [ 78.590699470455974, 30.137662104779523 ], [ 78.500681662968319, 30.137662104779523 ], [ 78.500681662968319, 30.1455724530075 ], [ 78.496767845251455, 30.1455724530075 ], [ 78.496767845251455, 30.14952762712149 ], [ 78.488940209817756, 30.14952762712149 ], [ 78.488940209817756, 30.161393149463457 ], [ 78.485026392100892, 30.161393149463457 ], [ 78.485026392100892, 30.165348323577447 ], [ 78.488940209817756, 30.165348323577447 ], [ 78.488940209817756, 30.169303497691438 ], [ 78.481112574384042, 30.169303497691438 ], [ 78.481112574384042, 30.173258671805428 ], [ 78.477198756667192, 30.173258671805428 ], [ 78.477198756667192, 30.177213845919415 ], [ 78.473284938950329, 30.177213845919415 ], [ 78.473284938950329, 30.200944890603353 ], [ 78.469371121233479, 30.200944890603353 ], [ 78.469371121233479, 30.208855238831333 ], [ 78.465457303516629, 30.208855238831333 ], [ 78.465457303516629, 30.21281041294532 ], [ 78.457629668082916, 30.21281041294532 ], [ 78.457629668082916, 30.21676558705931 ], [ 78.430232944064926, 30.21676558705931 ], [ 78.430232944064926, 30.208855238831333 ], [ 78.426319126348076, 30.208855238831333 ], [ 78.426319126348076, 30.204900064717343 ], [ 78.391094766896387, 30.204900064717343 ], [ 78.391094766896387, 30.200944890603353 ], [ 78.328473683426708, 30.200944890603353 ], [ 78.328473683426708, 30.204900064717343 ], [ 78.320646047993009, 30.204900064717343 ], [ 78.320646047993009, 30.208855238831333 ], [ 78.308904594842446, 30.208855238831333 ], [ 78.308904594842446, 30.21281041294532 ], [ 78.293249323975019, 30.21281041294532 ], [ 78.293249323975019, 30.224675935287291 ], [ 78.297163141691883, 30.224675935287291 ], [ 78.297163141691883, 30.228631109401281 ], [ 78.301076959408732, 30.228631109401281 ], [ 78.301076959408732, 30.232586283515268 ], [ 78.297163141691883, 30.232586283515268 ], [ 78.297163141691883, 30.240496631743248 ], [ 78.293249323975019, 30.240496631743248 ], [ 78.293249323975019, 30.244451805857238 ], [ 78.289335506258169, 30.244451805857238 ], [ 78.289335506258169, 30.252362154085215 ], [ 78.293249323975019, 30.252362154085215 ], [ 78.293249323975019, 30.256317328199206 ], [ 78.297163141691883, 30.256317328199206 ], [ 78.297163141691883, 30.264227676427183 ], [ 78.301076959408732, 30.264227676427183 ], [ 78.301076959408732, 30.28400354699713 ], [ 78.297163141691883, 30.28400354699713 ], [ 78.297163141691883, 30.287958721111121 ], [ 78.301076959408732, 30.287958721111121 ], [ 78.301076959408732, 30.327510462251016 ], [ 78.265852599957043, 30.327510462251016 ], [ 78.265852599957043, 30.331465636365007 ], [ 78.261938782240179, 30.331465636365007 ], [ 78.261938782240179, 30.351241506934954 ], [ 78.25411114680648, 30.351241506934954 ], [ 78.25411114680648, 30.355196681048941 ], [ 78.246283511372766, 30.355196681048941 ], [ 78.246283511372766, 30.363107029276922 ], [ 78.25411114680648, 30.363107029276922 ], [ 78.25411114680648, 30.371017377504899 ], [ 78.250197329089616, 30.371017377504899 ], [ 78.250197329089616, 30.367062203390912 ], [ 78.246283511372766, 30.367062203390912 ], [ 78.246283511372766, 30.374972551618889 ], [ 78.250197329089616, 30.374972551618889 ], [ 78.250197329089616, 30.382882899846869 ], [ 78.25411114680648, 30.382882899846869 ], [ 78.25411114680648, 30.38683807396086 ], [ 78.250197329089616, 30.38683807396086 ], [ 78.250197329089616, 30.394748422188837 ], [ 78.25411114680648, 30.394748422188837 ], [ 78.25411114680648, 30.398703596302827 ], [ 78.258024964523329, 30.398703596302827 ], [ 78.258024964523329, 30.402658770416817 ], [ 78.261938782240179, 30.402658770416817 ], [ 78.261938782240179, 30.406613944530804 ], [ 78.265852599957043, 30.406613944530804 ], [ 78.265852599957043, 30.414524292758784 ], [ 78.261938782240179, 30.414524292758784 ], [ 78.261938782240179, 30.426389815100752 ], [ 78.258024964523329, 30.426389815100752 ], [ 78.258024964523329, 30.430344989214742 ], [ 78.25411114680648, 30.430344989214742 ], [ 78.25411114680648, 30.438255337442722 ], [ 78.261938782240179, 30.438255337442722 ], [ 78.261938782240179, 30.442210511556709 ], [ 78.265852599957043, 30.442210511556709 ], [ 78.265852599957043, 30.45012085978469 ], [ 78.261938782240179, 30.45012085978469 ], [ 78.261938782240179, 30.45407603389868 ], [ 78.258024964523329, 30.45407603389868 ], [ 78.258024964523329, 30.469896730354638 ], [ 78.261938782240179, 30.469896730354638 ], [ 78.261938782240179, 30.477807078582615 ], [ 78.265852599957043, 30.477807078582615 ], [ 78.265852599957043, 30.481762252696605 ], [ 78.269766417673893, 30.481762252696605 ], [ 78.269766417673893, 30.485717426810595 ], [ 78.277594053107606, 30.485717426810595 ], [ 78.277594053107606, 30.493627775038576 ], [ 78.281507870824456, 30.493627775038576 ] ], [ [ 78.281507870824456, 30.489672600924585 ], [ 78.285421688541319, 30.489672600924585 ], [ 78.285421688541319, 30.493627775038576 ], [ 78.281507870824456, 30.493627775038576 ], [ 78.281507870824456, 30.489672600924585 ] ], [ [ 78.629837647624512, 30.15348280123548 ], [ 78.629837647624512, 30.15743797534947 ], [ 78.625923829907663, 30.15743797534947 ], [ 78.625923829907663, 30.15348280123548 ], [ 78.629837647624512, 30.15348280123548 ] ], [ [ 78.606354741323386, 30.1455724530075 ], [ 78.606354741323386, 30.14952762712149 ], [ 78.602440923606537, 30.14952762712149 ], [ 78.602440923606537, 30.15348280123548 ], [ 78.598527105889673, 30.15348280123548 ], [ 78.598527105889673, 30.1455724530075 ], [ 78.606354741323386, 30.1455724530075 ] ], [ [ 78.629837647624512, 30.165348323577447 ], [ 78.633751465341362, 30.165348323577447 ], [ 78.633751465341362, 30.169303497691438 ], [ 78.629837647624512, 30.169303497691438 ], [ 78.629837647624512, 30.165348323577447 ] ], [ [ 78.559388928721134, 30.45012085978469 ], [ 78.555475111004284, 30.45012085978469 ], [ 78.555475111004284, 30.446165685670699 ], [ 78.551561293287421, 30.446165685670699 ], [ 78.551561293287421, 30.442210511556709 ], [ 78.547647475570571, 30.442210511556709 ], [ 78.547647475570571, 30.438255337442722 ], [ 78.543733657853707, 30.438255337442722 ], [ 78.543733657853707, 30.434300163328732 ], [ 78.539819840136857, 30.434300163328732 ], [ 78.539819840136857, 30.430344989214742 ], [ 78.535906022420008, 30.430344989214742 ], [ 78.535906022420008, 30.414524292758784 ], [ 78.539819840136857, 30.414524292758784 ], [ 78.539819840136857, 30.410569118644794 ], [ 78.543733657853707, 30.410569118644794 ], [ 78.543733657853707, 30.406613944530804 ], [ 78.547647475570571, 30.406613944530804 ], [ 78.547647475570571, 30.402658770416817 ], [ 78.551561293287421, 30.402658770416817 ], [ 78.551561293287421, 30.398703596302827 ], [ 78.555475111004284, 30.398703596302827 ], [ 78.555475111004284, 30.394748422188837 ], [ 78.559388928721134, 30.394748422188837 ], [ 78.559388928721134, 30.390793248074846 ], [ 78.575044199588547, 30.390793248074846 ], [ 78.575044199588547, 30.394748422188837 ], [ 78.578958017305411, 30.394748422188837 ], [ 78.578958017305411, 30.398703596302827 ], [ 78.58287183502226, 30.398703596302827 ], [ 78.58287183502226, 30.402658770416817 ], [ 78.58678565273911, 30.402658770416817 ], [ 78.58678565273911, 30.406613944530804 ], [ 78.590699470455974, 30.406613944530804 ], [ 78.590699470455974, 30.410569118644794 ], [ 78.594613288172823, 30.410569118644794 ], [ 78.594613288172823, 30.414524292758784 ], [ 78.598527105889673, 30.414524292758784 ], [ 78.598527105889673, 30.430344989214742 ], [ 78.594613288172823, 30.430344989214742 ], [ 78.594613288172823, 30.434300163328732 ], [ 78.590699470455974, 30.434300163328732 ], [ 78.590699470455974, 30.438255337442722 ], [ 78.58678565273911, 30.438255337442722 ], [ 78.58678565273911, 30.442210511556709 ], [ 78.578958017305411, 30.442210511556709 ], [ 78.578958017305411, 30.45407603389868 ], [ 78.559388928721134, 30.45407603389868 ], [ 78.559388928721134, 30.45012085978469 ] ], [ [ 78.555475111004284, 30.382882899846869 ], [ 78.551561293287421, 30.382882899846869 ], [ 78.551561293287421, 30.378927725732879 ], [ 78.555475111004284, 30.378927725732879 ], [ 78.555475111004284, 30.367062203390912 ], [ 78.578958017305411, 30.367062203390912 ], [ 78.578958017305411, 30.371017377504899 ], [ 78.575044199588547, 30.371017377504899 ], [ 78.575044199588547, 30.374972551618889 ], [ 78.578958017305411, 30.374972551618889 ], [ 78.578958017305411, 30.382882899846869 ], [ 78.58287183502226, 30.382882899846869 ], [ 78.58287183502226, 30.38683807396086 ], [ 78.571130381871697, 30.38683807396086 ], [ 78.571130381871697, 30.382882899846869 ], [ 78.563302746437984, 30.382882899846869 ], [ 78.563302746437984, 30.38683807396086 ], [ 78.555475111004284, 30.38683807396086 ], [ 78.555475111004284, 30.382882899846869 ] ], [ [ 78.563302746437984, 30.200944890603353 ], [ 78.567216564154847, 30.200944890603353 ], [ 78.567216564154847, 30.204900064717343 ], [ 78.563302746437984, 30.204900064717343 ], [ 78.563302746437984, 30.200944890603353 ] ], [ [ 78.512423116118882, 30.236541457629258 ], [ 78.508509298402018, 30.236541457629258 ], [ 78.508509298402018, 30.228631109401281 ], [ 78.504595480685168, 30.228631109401281 ], [ 78.504595480685168, 30.224675935287291 ], [ 78.500681662968319, 30.224675935287291 ], [ 78.500681662968319, 30.21676558705931 ], [ 78.496767845251455, 30.21676558705931 ], [ 78.496767845251455, 30.200944890603353 ], [ 78.516336933835731, 30.200944890603353 ], [ 78.516336933835731, 30.2207207611733 ], [ 78.520250751552581, 30.2207207611733 ], [ 78.520250751552581, 30.224675935287291 ], [ 78.535906022420008, 30.224675935287291 ], [ 78.535906022420008, 30.2207207611733 ], [ 78.539819840136857, 30.2207207611733 ], [ 78.539819840136857, 30.228631109401281 ], [ 78.543733657853707, 30.228631109401281 ], [ 78.543733657853707, 30.236541457629258 ], [ 78.547647475570571, 30.236541457629258 ], [ 78.547647475570571, 30.252362154085215 ], [ 78.543733657853707, 30.252362154085215 ], [ 78.543733657853707, 30.260272502313196 ], [ 78.547647475570571, 30.260272502313196 ], [ 78.547647475570571, 30.264227676427183 ], [ 78.512423116118882, 30.264227676427183 ], [ 78.512423116118882, 30.236541457629258 ] ], [ [ 78.516336933835731, 30.200944890603353 ], [ 78.516336933835731, 30.193034542375376 ], [ 78.520250751552581, 30.193034542375376 ], [ 78.520250751552581, 30.185124194147395 ], [ 78.528078386986294, 30.185124194147395 ], [ 78.528078386986294, 30.181169020033405 ], [ 78.535906022420008, 30.181169020033405 ], [ 78.535906022420008, 30.200944890603353 ], [ 78.516336933835731, 30.200944890603353 ] ], [ [ 78.535906022420008, 30.2207207611733 ], [ 78.531992204703144, 30.2207207611733 ], [ 78.531992204703144, 30.21676558705931 ], [ 78.535906022420008, 30.21676558705931 ], [ 78.535906022420008, 30.2207207611733 ] ], [ [ 78.547647475570571, 30.252362154085215 ], [ 78.551561293287421, 30.252362154085215 ], [ 78.551561293287421, 30.256317328199206 ], [ 78.547647475570571, 30.256317328199206 ], [ 78.547647475570571, 30.252362154085215 ] ], [ [ 78.535906022420008, 30.382882899846869 ], [ 78.531992204703144, 30.382882899846869 ], [ 78.531992204703144, 30.374972551618889 ], [ 78.535906022420008, 30.374972551618889 ], [ 78.535906022420008, 30.367062203390912 ], [ 78.543733657853707, 30.367062203390912 ], [ 78.543733657853707, 30.378927725732879 ], [ 78.547647475570571, 30.378927725732879 ], [ 78.547647475570571, 30.382882899846869 ], [ 78.539819840136857, 30.382882899846869 ], [ 78.539819840136857, 30.38683807396086 ], [ 78.535906022420008, 30.38683807396086 ], [ 78.535906022420008, 30.382882899846869 ] ], [ [ 78.524164569269445, 30.363107029276922 ], [ 78.528078386986294, 30.363107029276922 ], [ 78.528078386986294, 30.367062203390912 ], [ 78.531992204703144, 30.367062203390912 ], [ 78.531992204703144, 30.371017377504899 ], [ 78.524164569269445, 30.371017377504899 ], [ 78.524164569269445, 30.363107029276922 ] ], [ [ 78.473284938950329, 30.38683807396086 ], [ 78.469371121233479, 30.38683807396086 ], [ 78.469371121233479, 30.371017377504899 ], [ 78.461543485799766, 30.371017377504899 ], [ 78.461543485799766, 30.378927725732879 ], [ 78.465457303516629, 30.378927725732879 ], [ 78.465457303516629, 30.38683807396086 ], [ 78.457629668082916, 30.38683807396086 ], [ 78.457629668082916, 30.382882899846869 ], [ 78.453715850366052, 30.382882899846869 ], [ 78.453715850366052, 30.38683807396086 ], [ 78.445888214932353, 30.38683807396086 ], [ 78.445888214932353, 30.374972551618889 ], [ 78.453715850366052, 30.374972551618889 ], [ 78.453715850366052, 30.378927725732879 ], [ 78.457629668082916, 30.378927725732879 ], [ 78.457629668082916, 30.363107029276922 ], [ 78.465457303516629, 30.363107029276922 ], [ 78.465457303516629, 30.367062203390912 ], [ 78.469371121233479, 30.367062203390912 ], [ 78.469371121233479, 30.363107029276922 ], [ 78.473284938950329, 30.363107029276922 ], [ 78.473284938950329, 30.359151855162931 ], [ 78.485026392100892, 30.359151855162931 ], [ 78.485026392100892, 30.378927725732879 ], [ 78.492854027534605, 30.378927725732879 ], [ 78.492854027534605, 30.363107029276922 ], [ 78.496767845251455, 30.363107029276922 ], [ 78.496767845251455, 30.367062203390912 ], [ 78.504595480685168, 30.367062203390912 ], [ 78.504595480685168, 30.363107029276922 ], [ 78.512423116118882, 30.363107029276922 ], [ 78.512423116118882, 30.367062203390912 ], [ 78.516336933835731, 30.367062203390912 ], [ 78.516336933835731, 30.371017377504899 ], [ 78.504595480685168, 30.371017377504899 ], [ 78.504595480685168, 30.378927725732879 ], [ 78.524164569269445, 30.378927725732879 ], [ 78.524164569269445, 30.38683807396086 ], [ 78.520250751552581, 30.38683807396086 ], [ 78.520250751552581, 30.390793248074846 ], [ 78.516336933835731, 30.390793248074846 ], [ 78.516336933835731, 30.38683807396086 ], [ 78.504595480685168, 30.38683807396086 ], [ 78.504595480685168, 30.382882899846869 ], [ 78.496767845251455, 30.382882899846869 ], [ 78.496767845251455, 30.38683807396086 ], [ 78.500681662968319, 30.38683807396086 ], [ 78.500681662968319, 30.390793248074846 ], [ 78.492854027534605, 30.390793248074846 ], [ 78.492854027534605, 30.38683807396086 ], [ 78.488940209817756, 30.38683807396086 ], [ 78.488940209817756, 30.390793248074846 ], [ 78.473284938950329, 30.390793248074846 ], [ 78.473284938950329, 30.38683807396086 ] ], [ [ 78.504595480685168, 30.240496631743248 ], [ 78.508509298402018, 30.240496631743248 ], [ 78.508509298402018, 30.244451805857238 ], [ 78.504595480685168, 30.244451805857238 ], [ 78.504595480685168, 30.240496631743248 ] ], [ [ 78.500681662968319, 30.45407603389868 ], [ 78.504595480685168, 30.45407603389868 ], [ 78.504595480685168, 30.45803120801267 ], [ 78.500681662968319, 30.45803120801267 ], [ 78.500681662968319, 30.45407603389868 ] ], [ [ 78.473284938950329, 30.240496631743248 ], [ 78.481112574384042, 30.240496631743248 ], [ 78.481112574384042, 30.244451805857238 ], [ 78.485026392100892, 30.244451805857238 ], [ 78.485026392100892, 30.248406979971225 ], [ 78.488940209817756, 30.248406979971225 ], [ 78.488940209817756, 30.264227676427183 ], [ 78.473284938950329, 30.264227676427183 ], [ 78.473284938950329, 30.240496631743248 ] ], [ [ 78.438060579498639, 30.319600114023036 ], [ 78.43414676178179, 30.319600114023036 ], [ 78.43414676178179, 30.315644939909049 ], [ 78.430232944064926, 30.315644939909049 ], [ 78.430232944064926, 30.311689765795059 ], [ 78.426319126348076, 30.311689765795059 ], [ 78.426319126348076, 30.307734591681069 ], [ 78.422405308631227, 30.307734591681069 ], [ 78.422405308631227, 30.299824243453088 ], [ 78.418491490914363, 30.299824243453088 ], [ 78.418491490914363, 30.287958721111121 ], [ 78.422405308631227, 30.287958721111121 ], [ 78.422405308631227, 30.28400354699713 ], [ 78.426319126348076, 30.28400354699713 ], [ 78.426319126348076, 30.276093198769154 ], [ 78.430232944064926, 30.276093198769154 ], [ 78.430232944064926, 30.264227676427183 ], [ 78.445888214932353, 30.264227676427183 ], [ 78.445888214932353, 30.272138024655163 ], [ 78.449802032649202, 30.272138024655163 ], [ 78.449802032649202, 30.276093198769154 ], [ 78.453715850366052, 30.276093198769154 ], [ 78.453715850366052, 30.280048372883144 ], [ 78.457629668082916, 30.280048372883144 ], [ 78.457629668082916, 30.28400354699713 ], [ 78.461543485799766, 30.28400354699713 ], [ 78.461543485799766, 30.291913895225111 ], [ 78.465457303516629, 30.291913895225111 ], [ 78.465457303516629, 30.299824243453088 ], [ 78.461543485799766, 30.299824243453088 ], [ 78.461543485799766, 30.307734591681069 ], [ 78.457629668082916, 30.307734591681069 ], [ 78.457629668082916, 30.315644939909049 ], [ 78.449802032649202, 30.315644939909049 ], [ 78.449802032649202, 30.319600114023036 ], [ 78.445888214932353, 30.319600114023036 ], [ 78.445888214932353, 30.323555288137026 ], [ 78.438060579498639, 30.323555288137026 ], [ 78.438060579498639, 30.319600114023036 ] ], [ [ 78.445888214932353, 30.323555288137026 ], [ 78.449802032649202, 30.323555288137026 ], [ 78.449802032649202, 30.327510462251016 ], [ 78.445888214932353, 30.327510462251016 ], [ 78.445888214932353, 30.323555288137026 ] ], [ [ 78.445888214932353, 30.363107029276922 ], [ 78.449802032649202, 30.363107029276922 ], [ 78.449802032649202, 30.367062203390912 ], [ 78.453715850366052, 30.367062203390912 ], [ 78.453715850366052, 30.371017377504899 ], [ 78.445888214932353, 30.371017377504899 ], [ 78.445888214932353, 30.363107029276922 ] ], [ [ 78.426319126348076, 30.374972551618889 ], [ 78.430232944064926, 30.374972551618889 ], [ 78.430232944064926, 30.359151855162931 ], [ 78.43414676178179, 30.359151855162931 ], [ 78.43414676178179, 30.374972551618889 ], [ 78.441974397215489, 30.374972551618889 ], [ 78.441974397215489, 30.382882899846869 ], [ 78.438060579498639, 30.382882899846869 ], [ 78.438060579498639, 30.378927725732879 ], [ 78.43414676178179, 30.378927725732879 ], [ 78.43414676178179, 30.390793248074846 ], [ 78.426319126348076, 30.390793248074846 ], [ 78.426319126348076, 30.374972551618889 ] ], [ [ 78.383267131462674, 30.378927725732879 ], [ 78.379353313745824, 30.378927725732879 ], [ 78.379353313745824, 30.359151855162931 ], [ 78.383267131462674, 30.359151855162931 ], [ 78.383267131462674, 30.355196681048941 ], [ 78.387180949179537, 30.355196681048941 ], [ 78.387180949179537, 30.351241506934954 ], [ 78.395008584613237, 30.351241506934954 ], [ 78.395008584613237, 30.347286332820964 ], [ 78.410663855480664, 30.347286332820964 ], [ 78.410663855480664, 30.359151855162931 ], [ 78.414577673197513, 30.359151855162931 ], [ 78.414577673197513, 30.371017377504899 ], [ 78.410663855480664, 30.371017377504899 ], [ 78.410663855480664, 30.378927725732879 ], [ 78.398922402330101, 30.378927725732879 ], [ 78.398922402330101, 30.382882899846869 ], [ 78.383267131462674, 30.382882899846869 ], [ 78.383267131462674, 30.378927725732879 ] ], [ [ 78.410663855480664, 30.38683807396086 ], [ 78.414577673197513, 30.38683807396086 ], [ 78.414577673197513, 30.390793248074846 ], [ 78.410663855480664, 30.390793248074846 ], [ 78.410663855480664, 30.38683807396086 ] ], [ [ 78.375439496028974, 30.311689765795059 ], [ 78.371525678312111, 30.311689765795059 ], [ 78.371525678312111, 30.307734591681069 ], [ 78.367611860595261, 30.307734591681069 ], [ 78.367611860595261, 30.299824243453088 ], [ 78.363698042878411, 30.299824243453088 ], [ 78.363698042878411, 30.291913895225111 ], [ 78.367611860595261, 30.291913895225111 ], [ 78.367611860595261, 30.28400354699713 ], [ 78.371525678312111, 30.28400354699713 ], [ 78.371525678312111, 30.280048372883144 ], [ 78.375439496028974, 30.280048372883144 ], [ 78.375439496028974, 30.276093198769154 ], [ 78.395008584613237, 30.276093198769154 ], [ 78.395008584613237, 30.280048372883144 ], [ 78.398922402330101, 30.280048372883144 ], [ 78.398922402330101, 30.28400354699713 ], [ 78.40283622004695, 30.28400354699713 ], [ 78.40283622004695, 30.287958721111121 ], [ 78.4067500377638, 30.287958721111121 ], [ 78.4067500377638, 30.291913895225111 ], [ 78.410663855480664, 30.291913895225111 ], [ 78.410663855480664, 30.303779417567078 ], [ 78.4067500377638, 30.303779417567078 ], [ 78.4067500377638, 30.299824243453088 ], [ 78.40283622004695, 30.299824243453088 ], [ 78.40283622004695, 30.303779417567078 ], [ 78.398922402330101, 30.303779417567078 ], [ 78.398922402330101, 30.307734591681069 ], [ 78.395008584613237, 30.307734591681069 ], [ 78.395008584613237, 30.311689765795059 ], [ 78.387180949179537, 30.311689765795059 ], [ 78.387180949179537, 30.315644939909049 ], [ 78.375439496028974, 30.315644939909049 ], [ 78.375439496028974, 30.311689765795059 ] ], [ [ 78.348042772010984, 30.378927725732879 ], [ 78.367611860595261, 30.378927725732879 ], [ 78.367611860595261, 30.382882899846869 ], [ 78.379353313745824, 30.382882899846869 ], [ 78.379353313745824, 30.390793248074846 ], [ 78.348042772010984, 30.390793248074846 ], [ 78.348042772010984, 30.378927725732879 ] ], [ [ 78.375439496028974, 30.545045038520438 ], [ 78.379353313745824, 30.545045038520438 ], [ 78.379353313745824, 30.549000212634425 ], [ 78.375439496028974, 30.549000212634425 ], [ 78.375439496028974, 30.545045038520438 ] ], [ [ 78.359784225161548, 30.51735881972251 ], [ 78.367611860595261, 30.51735881972251 ], [ 78.367611860595261, 30.5213139938365 ], [ 78.359784225161548, 30.5213139938365 ], [ 78.359784225161548, 30.51735881972251 ] ], [ [ 78.336301318860421, 30.560865734976396 ], [ 78.332387501143572, 30.560865734976396 ], [ 78.332387501143572, 30.552955386748415 ], [ 78.328473683426708, 30.552955386748415 ], [ 78.328473683426708, 30.545045038520438 ], [ 78.332387501143572, 30.545045038520438 ], [ 78.332387501143572, 30.537134690292458 ], [ 78.336301318860421, 30.537134690292458 ], [ 78.336301318860421, 30.533179516178468 ], [ 78.348042772010984, 30.533179516178468 ], [ 78.348042772010984, 30.545045038520438 ], [ 78.351956589727834, 30.545045038520438 ], [ 78.351956589727834, 30.549000212634425 ], [ 78.348042772010984, 30.549000212634425 ], [ 78.348042772010984, 30.564820909090386 ], [ 78.336301318860421, 30.564820909090386 ], [ 78.336301318860421, 30.560865734976396 ] ], [ [ 78.293249323975019, 30.45012085978469 ], [ 78.297163141691883, 30.45012085978469 ], [ 78.297163141691883, 30.45407603389868 ], [ 78.293249323975019, 30.45407603389868 ], [ 78.293249323975019, 30.45012085978469 ] ], [ [ 78.297163141691883, 30.45012085978469 ], [ 78.297163141691883, 30.438255337442722 ], [ 78.301076959408732, 30.438255337442722 ], [ 78.301076959408732, 30.422434640986765 ], [ 78.304990777125582, 30.422434640986765 ], [ 78.304990777125582, 30.418479466872775 ], [ 78.308904594842446, 30.418479466872775 ], [ 78.308904594842446, 30.414524292758784 ], [ 78.324559865709858, 30.414524292758784 ], [ 78.324559865709858, 30.418479466872775 ], [ 78.328473683426708, 30.418479466872775 ], [ 78.328473683426708, 30.426389815100752 ], [ 78.332387501143572, 30.426389815100752 ], [ 78.332387501143572, 30.434300163328732 ], [ 78.336301318860421, 30.434300163328732 ], [ 78.336301318860421, 30.446165685670699 ], [ 78.332387501143572, 30.446165685670699 ], [ 78.332387501143572, 30.45012085978469 ], [ 78.336301318860421, 30.45012085978469 ], [ 78.336301318860421, 30.45407603389868 ], [ 78.301076959408732, 30.45407603389868 ], [ 78.301076959408732, 30.45012085978469 ], [ 78.297163141691883, 30.45012085978469 ] ] ] } },
{ "type": "Feature", "properties": { "hazard": "LOW", "area_m2": 165047.73141763068, "area_ha": 16.504773141763067 }, "geometry": { "type": "Polygon", "coordinates": [ [ [ 78.25411114680648, 30.410569118644794 ], [ 78.25411114680648, 30.406613944530804 ], [ 78.250197329089616, 30.406613944530804 ], [ 78.250197329089616, 30.410569118644794 ], [ 78.25411114680648, 30.410569118644794 ] ] ] } },
{ "type": "Feature", "properties": { "hazard": "LOW", "area_m2": 330049.41729320469, "area_ha": 33.004941729320471 }, "geometry": { "type": "Polygon", "coordinates": [ [ [ 78.25411114680648, 30.426389815100752 ], [ 78.25411114680648, 30.418479466872775 ], [ 78.250197329089616, 30.418479466872775 ], [ 78.250197329089616, 30.426389815100752 ], [ 78.25411114680648, 30.426389815100752 ] ] ] } },
{ "type": "Feature", "properties": { "hazard": "LOW", "area_m2": 329970.43824916601, "area_ha": 32.997043824916602 }, "geometry": { "type": "Polygon", "coordinates": [ [ [ 78.25411114680648, 30.45012085978469 ], [ 78.25411114680648, 30.442210511556709 ], [ 78.250197329089616, 30.442210511556709 ], [ 78.250197329089616, 30.45012085978469 ], [ 78.25411114680648, 30.45012085978469 ] ] ] } },
{ "type": "Feature", "properties": { "hazard": "EXTREME", "area_m2": 330066.80902990658, "area_ha": 33.006680902990659 }, "geometry": { "type": "Polygon", "coordinates": [ [ [ 79.921397494186522, 30.276093198769154 ], [ 79.921397494186522, 30.268182850541173 ], [ 79.917483676469658, 30.268182850541173 ], [ 79.917483676469658, 30.276093198769154 ], [ 79.921397494186522, 30.276093198769154 ] ] ] } },
{ "type": "Feature", "properties": { "hazard": "LOW", "area_m2": 2310414.4448824283, "area_ha": 231.04144448824283 }, "geometry": { "type": "Polygon", "coordinates": [ [ [ 79.976190942222487, 30.280048372883144 ], [ 79.976190942222487, 30.264227676427183 ], [ 79.956621853638211, 30.264227676427183 ], [ 79.956621853638211, 30.268182850541173 ], [ 79.960535671355061, 30.268182850541173 ], [ 79.960535671355061, 30.276093198769154 ], [ 79.972277124505624, 30.276093198769154 ], [ 79.972277124505624, 30.280048372883144 ], [ 79.976190942222487, 30.280048372883144 ] ] ] } },
{ "type": "Feature", "properties": { "hazard": "EXTREME", "area_m2": 330046.29391428188, "area_ha": 33.004629391428189 }, "geometry": { "type": "Polygon", "coordinates": [ [ [ 79.929225129620221, 30.280048372883144 ], [ 79.929225129620221, 30.276093198769154 ], [ 79.921397494186522, 30.276093198769154 ], [ 79.921397494186522, 30.280048372883144 ], [ 79.929225129620221, 30.280048372883144 ] ] ] } },
{ "type": "Feature", "properties": { "hazard": "LOW", "area_m2": 1154623.8473449207, "area_ha": 115.46238473449208 }, "geometry": { "type": "Polygon", "coordinates": [ [ [ 79.976190942222487, 30.327510462251016 ], [ 79.976190942222487, 30.319600114023036 ], [ 79.96444948907191, 30.319600114023036 ], [ 79.96444948907191, 30.323555288137026 ], [ 79.960535671355061, 30.323555288137026 ], [ 79.960535671355061, 30.327510462251016 ], [ 79.976190942222487, 30.327510462251016 ] ] ] } },
{ "type": "Feature", "properties": { "hazard": "LOW", "area_m2": 821607.38626680966, "area_ha": 82.160738626680967 }, "geometry": { "type": "Polygon", "coordinates": [ [ [ 79.725706608343785, 30.715117525421984 ], [ 79.725706608343785, 30.707207177194004 ], [ 79.713965155193222, 30.707207177194004 ], [ 79.713965155193222, 30.711162351307994 ], [ 79.717878972910086, 30.711162351307994 ], [ 79.717878972910086, 30.715117525421984 ], [ 79.725706608343785, 30.715117525421984 ] ] ] } },
{ "type": "Feature", "properties": { "hazard": "LOW", "area_m2": 3120635.9301480241, "area_ha": 312.06359301480239 }, "geometry": { "type": "Polygon", "coordinates": [ [ [ 79.698309884325809, 30.770489963017837 ], [ 79.698309884325809, 30.75862444067587 ], [ 79.694396066608959, 30.75862444067587 ], [ 79.694396066608959, 30.746758918333899 ], [ 79.686568431175246, 30.746758918333899 ], [ 79.686568431175246, 30.75466926656188 ], [ 79.682654613458396, 30.75466926656188 ], [ 79.682654613458396, 30.770489963017837 ], [ 79.698309884325809, 30.770489963017837 ] ] ] } },
{ "type": "Feature", "properties": { "hazard": "EXTREME", "area_m2": 1313894.3268847668, "area_ha": 131.38943268847669 }, "geometry": { "type": "Polygon", "coordinates": [ [ [ 79.721792790626935, 30.770489963017837 ], [ 79.721792790626935, 30.766534788903847 ], [ 79.725706608343785, 30.766534788903847 ], [ 79.725706608343785, 30.75466926656188 ], [ 79.713965155193222, 30.75466926656188 ], [ 79.713965155193222, 30.75862444067587 ], [ 79.721792790626935, 30.75862444067587 ], [ 79.721792790626935, 30.762579614789857 ], [ 79.713965155193222, 30.762579614789857 ], [ 79.713965155193222, 30.766534788903847 ], [ 79.717878972910086, 30.766534788903847 ], [ 79.717878972910086, 30.770489963017837 ], [ 79.721792790626935, 30.770489963017837 ] ] ] } },
{ "type": "Feature", "properties": { "hazard": "EXTREME", "area_m2": 492677.67109851737, "area_ha": 49.267767109851739 }, "geometry": { "type": "Polygon", "coordinates": [ [ [ 79.66308552487412, 30.774445137131828 ], [ 79.66308552487412, 30.770489963017837 ], [ 79.651344071723557, 30.770489963017837 ], [ 79.651344071723557, 30.774445137131828 ], [ 79.66308552487412, 30.774445137131828 ] ] ] } },
{ "type": "Feature", "properties": { "hazard": "LOW", "area_m2": 656897.85950312496, "area_ha": 65.689785950312498 }, "geometry": { "type": "Polygon", "coordinates": [ [ [ 79.616119712271868, 30.782355485359805 ], [ 79.616119712271868, 30.774445137131828 ], [ 79.620033529988717, 30.774445137131828 ], [ 79.620033529988717, 30.770489963017837 ], [ 79.612205894555004, 30.770489963017837 ], [ 79.612205894555004, 30.782355485359805 ], [ 79.616119712271868, 30.782355485359805 ] ] ] } },
{ "type": "Feature", "properties": { "hazard": "LOW", "area_m2": 3940721.3298100336, "area_ha": 394.07213298100334 }, "geometry": { "type": "Polygon", "coordinates": [ [ [ 79.823552051265153, 30.790265833587785 ], [ 79.823552051265153, 30.786310659473795 ], [ 79.827465868982003, 30.786310659473795 ], [ 79.827465868982003, 30.782355485359805 ], [ 79.831379686698867, 30.782355485359805 ], [ 79.831379686698867, 30.770489963017837 ], [ 79.807896780397741, 30.770489963017837 ], [ 79.807896780397741, 30.782355485359805 ], [ 79.81181059811459, 30.782355485359805 ], [ 79.81181059811459, 30.786310659473795 ], [ 79.81572441583144, 30.786310659473795 ], [ 79.81572441583144, 30.790265833587785 ], [ 79.823552051265153, 30.790265833587785 ] ] ] } },
{ "type": "Feature", "properties": { "hazard": "EXTREME", "area_m2": 165044.12639251855, "area_ha": 16.504412639251854 }, "geometry": { "type": "Polygon", "coordinates": [ [ [ 79.099495773647064, 30.323555288137026 ], [ 79.099495773647064, 30.319600114023036 ], [ 79.0955819559302, 30.319600114023036 ], [ 79.0955819559302, 30.323555288137026 ], [ 79.099495773647064, 30.323555288137026 ] ] ] } },
{ "type": "Feature", "properties": { "hazard": "LOW", "area_m2": 164877.191463108, "area_ha": 16.487719146310798 }, "geometry": { "type": "Polygon", "coordinates": [ [ [ 78.665062007076202, 30.465941556240647 ], [ 78.665062007076202, 30.461986382126657 ], [ 78.661148189359352, 30.461986382126657 ], [ 78.661148189359352, 30.465941556240647 ], [ 78.665062007076202, 30.465941556240647 ] ] ] } },
{ "type": "Feature", "properties": { "hazard": "LOW", "area_m2": 329304.66991423618, "area_ha": 32.930466991423614 }, "geometry": { "type": "Polygon", "coordinates": [ [ [ 78.805959444882973, 30.588551953774321 ], [ 78.805959444882973, 30.580641605546344 ], [ 78.802045627166109, 30.580641605546344 ], [ 78.802045627166109, 30.588551953774321 ], [ 78.805959444882973, 30.588551953774321 ] ] ] } },
{ "type": "Feature", "properties": { "hazard": "LOW", "area_m2": 2139793.641308459, "area_ha": 213.97936413084591 }, "geometry": { "type": "Polygon", "coordinates": [ [ [ 79.107323409080763, 30.596462302002301 ], [ 79.107323409080763, 30.592507127888311 ], [ 79.111237226797627, 30.592507127888311 ], [ 79.111237226797627, 30.588551953774321 ], [ 79.115151044514477, 30.588551953774321 ], [ 79.115151044514477, 30.580641605546344 ], [ 79.099495773647064, 30.580641605546344 ], [ 79.099495773647064, 30.596462302002301 ], [ 79.107323409080763, 30.596462302002301 ] ] ] } },
{ "type": "Feature", "properties": { "hazard": "EXTREME", "area_m2": 164616.02890137967, "area_ha": 16.461602890137968 }, "geometry": { "type": "Polygon", "coordinates": [ [ [ 78.805959444882973, 30.608327824344268 ], [ 78.805959444882973, 30.604372650230278 ], [ 78.802045627166109, 30.604372650230278 ], [ 78.802045627166109, 30.608327824344268 ], [ 78.805959444882973, 30.608327824344268 ] ] ] } },
{ "type": "Feature", "properties": { "hazard": "LOW", "area_m2": 7571750.980036173, "area_ha": 757.17509800361734 }, "geometry": { "type": "Polygon", "coordinates": [ [ [ 78.849011439768375, 30.643924391370174 ], [ 78.849011439768375, 30.636014043142197 ], [ 78.845097622051512, 30.636014043142197 ], [ 78.845097622051512, 30.632058869028207 ], [ 78.849011439768375, 30.632058869028207 ], [ 78.849011439768375, 30.580641605546344 ], [ 78.837269986617812, 30.580641605546344 ], [ 78.837269986617812, 30.616238172572249 ], [ 78.833356168900949, 30.616238172572249 ], [ 78.833356168900949, 30.620193346686236 ], [ 78.837269986617812, 30.620193346686236 ], [ 78.837269986617812, 30.636014043142197 ], [ 78.841183804334662, 30.636014043142197 ], [ 78.841183804334662, 30.643924391370174 ], [ 78.849011439768375, 30.643924391370174 ] ] ] } },
{ "type": "Feature", "properties": { "hazard": "EXTREME", "area_m2": 164602.17965344089, "area_ha": 16.460217965344089 }, "geometry": { "type": "Polygon", "coordinates": [ [ [ 78.809873262599822, 30.616238172572249 ], [ 78.809873262599822, 30.612282998458259 ], [ 78.805959444882973, 30.612282998458259 ], [ 78.805959444882973, 30.616238172572249 ], [ 78.809873262599822, 30.616238172572249 ] ] ] } },
{ "type": "Feature", "properties": { "hazard": "EXTREME", "area_m2": 164596.21542914567, "area_ha": 16.459621542914565 }, "geometry": { "type": "Polygon", "coordinates": [ [ [ 78.805959444882973, 30.620193346686236 ], [ 78.805959444882973, 30.616238172572249 ], [ 78.802045627166109, 30.616238172572249 ], [ 78.802045627166109, 30.620193346686236 ], [ 78.805959444882973, 30.620193346686236 ] ] ] } },
{ "type": "Feature", "properties": { "hazard": "EXTREME", "area_m2": 164598.14522639176, "area_ha": 16.459814522639174 }, "geometry": { "type": "Polygon", "coordinates": [ [ [ 78.79421799173241, 30.620193346686236 ], [ 78.79421799173241, 30.616238172572249 ], [ 78.790304174015546, 30.616238172572249 ], [ 78.790304174015546, 30.620193346686236 ], [ 78.79421799173241, 30.620193346686236 ] ] ] } },
{ "type": "Feature", "properties": { "hazard": "LOW", "area_m2": 392767254.63836652, "area_ha": 39276.72546383665 }, "geometry": { "type": "Polygon", "coordinates": [ [ [ 78.649406736208789, 30.806086530043743 ], [ 78.649406736208789, 30.802131355929752 ], [ 78.653320553925639, 30.802131355929752 ], [ 78.653320553925639, 30.798176181815762 ], [ 78.657234371642502, 30.798176181815762 ], [ 78.657234371642502, 30.790265833587785 ], [ 78.653320553925639, 30.790265833587785 ], [ 78.653320553925639, 30.770489963017837 ], [ 78.661148189359352, 30.770489963017837 ], [ 78.661148189359352, 30.707207177194004 ], [ 78.739424543696444, 30.707207177194004 ], [ 78.739424543696444, 30.699296828966027 ], [ 78.743338361413294, 30.699296828966027 ], [ 78.743338361413294, 30.695341654852037 ], [ 78.747252179130157, 30.695341654852037 ], [ 78.747252179130157, 30.683476132510069 ], [ 78.743338361413294, 30.683476132510069 ], [ 78.743338361413294, 30.675565784282089 ], [ 78.747252179130157, 30.675565784282089 ], [ 78.747252179130157, 30.667655436054112 ], [ 78.743338361413294, 30.667655436054112 ], [ 78.743338361413294, 30.671610610168099 ], [ 78.739424543696444, 30.671610610168099 ], [ 78.739424543696444, 30.659745087826131 ], [ 78.743338361413294, 30.659745087826131 ], [ 78.743338361413294, 30.643924391370174 ], [ 78.805959444882973, 30.643924391370174 ], [ 78.805959444882973, 30.636014043142197 ], [ 78.798131809449259, 30.636014043142197 ], [ 78.798131809449259, 30.632058869028207 ], [ 78.786390356298696, 30.632058869028207 ], [ 78.786390356298696, 30.624148520800226 ], [ 78.782476538581847, 30.624148520800226 ], [ 78.782476538581847, 30.620193346686236 ], [ 78.786390356298696, 30.620193346686236 ], [ 78.786390356298696, 30.592507127888311 ], [ 78.790304174015546, 30.592507127888311 ], [ 78.790304174015546, 30.588551953774321 ], [ 78.798131809449259, 30.588551953774321 ], [ 78.798131809449259, 30.580641605546344 ], [ 78.786390356298696, 30.580641605546344 ], [ 78.786390356298696, 30.45407603389868 ], [ 78.770735085431284, 30.45407603389868 ], [ 78.770735085431284, 30.45803120801267 ], [ 78.76682126771442, 30.45803120801267 ], [ 78.76682126771442, 30.461986382126657 ], [ 78.76290744999757, 30.461986382126657 ], [ 78.76290744999757, 30.465941556240647 ], [ 78.755079814563857, 30.465941556240647 ], [ 78.755079814563857, 30.45803120801267 ], [ 78.747252179130157, 30.45803120801267 ], [ 78.747252179130157, 30.45407603389868 ], [ 78.696372548811041, 30.45407603389868 ], [ 78.696372548811041, 30.45803120801267 ], [ 78.692458731094192, 30.45803120801267 ], [ 78.692458731094192, 30.45407603389868 ], [ 78.672889642509915, 30.45407603389868 ], [ 78.672889642509915, 30.45803120801267 ], [ 78.665062007076202, 30.45803120801267 ], [ 78.665062007076202, 30.461986382126657 ], [ 78.680717277943629, 30.461986382126657 ], [ 78.680717277943629, 30.469896730354638 ], [ 78.661148189359352, 30.469896730354638 ], [ 78.661148189359352, 30.481762252696605 ], [ 78.665062007076202, 30.481762252696605 ], [ 78.665062007076202, 30.485717426810595 ], [ 78.661148189359352, 30.485717426810595 ], [ 78.661148189359352, 30.51735881972251 ], [ 78.723769272829017, 30.51735881972251 ], [ 78.723769272829017, 30.580641605546344 ], [ 78.598527105889673, 30.580641605546344 ], [ 78.598527105889673, 30.643924391370174 ], [ 78.563302746437984, 30.643924391370174 ], [ 78.563302746437984, 30.707207177194004 ], [ 78.598527105889673, 30.707207177194004 ], [ 78.598527105889673, 30.778400311245814 ], [ 78.602440923606537, 30.778400311245814 ], [ 78.602440923606537, 30.782355485359805 ], [ 78.6141823767571, 30.782355485359805 ], [ 78.6141823767571, 30.786310659473795 ], [ 78.618096194473949, 30.786310659473795 ], [ 78.618096194473949, 30.790265833587785 ], [ 78.625923829907663, 30.790265833587785 ], [ 78.625923829907663, 30.794221007701772 ], [ 78.629837647624512, 30.794221007701772 ], [ 78.629837647624512, 30.798176181815762 ], [ 78.633751465341362, 30.798176181815762 ], [ 78.633751465341362, 30.802131355929752 ], [ 78.637665283058226, 30.802131355929752 ], [ 78.637665283058226, 30.806086530043743 ], [ 78.649406736208789, 30.806086530043743 ] ], [ [ 78.680717277943629, 30.469896730354638 ], [ 78.692458731094192, 30.469896730354638 ], [ 78.692458731094192, 30.465941556240647 ], [ 78.688544913377328, 30.465941556240647 ], [ 78.688544913377328, 30.461986382126657 ], [ 78.700286366527891, 30.461986382126657 ], [ 78.700286366527891, 30.469896730354638 ], [ 78.696372548811041, 30.469896730354638 ], [ 78.696372548811041, 30.473851904468628 ], [ 78.692458731094192, 30.473851904468628 ], [ 78.692458731094192, 30.481762252696605 ], [ 78.688544913377328, 30.481762252696605 ], [ 78.688544913377328, 30.477807078582615 ], [ 78.684631095660478, 30.477807078582615 ], [ 78.684631095660478, 30.473851904468628 ], [ 78.680717277943629, 30.473851904468628 ], [ 78.680717277943629, 30.469896730354638 ] ], [ [ 78.755079814563857, 30.509448471494533 ], [ 78.747252179130157, 30.509448471494533 ], [ 78.747252179130157, 30.501538123266553 ], [ 78.751165996847007, 30.501538123266553 ], [ 78.751165996847007, 30.497582949152562 ], [ 78.755079814563857, 30.497582949152562 ], [ 78.755079814563857, 30.505493297380543 ], [ 78.76290744999757, 30.505493297380543 ], [ 78.76290744999757, 30.509448471494533 ], [ 78.76682126771442, 30.509448471494533 ], [ 78.76682126771442, 30.51735881972251 ], [ 78.755079814563857, 30.51735881972251 ], [ 78.755079814563857, 30.509448471494533 ] ], [ [ 78.751165996847007, 30.604372650230278 ], [ 78.755079814563857, 30.604372650230278 ], [ 78.755079814563857, 30.612282998458259 ], [ 78.751165996847007, 30.612282998458259 ], [ 78.751165996847007, 30.604372650230278 ] ], [ [ 78.755079814563857, 30.612282998458259 ], [ 78.75899363228072, 30.612282998458259 ], [ 78.75899363228072, 30.616238172572249 ], [ 78.755079814563857, 30.616238172572249 ], [ 78.755079814563857, 30.612282998458259 ] ], [ [ 78.751165996847007, 30.485717426810595 ], [ 78.755079814563857, 30.485717426810595 ], [ 78.755079814563857, 30.489672600924585 ], [ 78.751165996847007, 30.489672600924585 ], [ 78.751165996847007, 30.485717426810595 ] ], [ [ 78.73551072597958, 30.485717426810595 ], [ 78.739424543696444, 30.485717426810595 ], [ 78.739424543696444, 30.489672600924585 ], [ 78.73551072597958, 30.489672600924585 ], [ 78.73551072597958, 30.485717426810595 ] ], [ [ 78.723769272829017, 30.465941556240647 ], [ 78.73551072597958, 30.465941556240647 ], [ 78.73551072597958, 30.473851904468628 ], [ 78.723769272829017, 30.473851904468628 ], [ 78.723769272829017, 30.465941556240647 ] ], [ [ 78.719855455112167, 30.481762252696605 ], [ 78.727683090545881, 30.481762252696605 ], [ 78.727683090545881, 30.485717426810595 ], [ 78.719855455112167, 30.485717426810595 ], [ 78.719855455112167, 30.481762252696605 ] ], [ [ 78.723769272829017, 30.497582949152562 ], [ 78.715941637395318, 30.497582949152562 ], [ 78.715941637395318, 30.493627775038576 ], [ 78.727683090545881, 30.493627775038576 ], [ 78.727683090545881, 30.501538123266553 ], [ 78.723769272829017, 30.501538123266553 ], [ 78.723769272829017, 30.497582949152562 ] ], [ [ 78.712027819678454, 30.469896730354638 ], [ 78.708114001961604, 30.469896730354638 ], [ 78.708114001961604, 30.461986382126657 ], [ 78.715941637395318, 30.461986382126657 ], [ 78.715941637395318, 30.473851904468628 ], [ 78.712027819678454, 30.473851904468628 ], [ 78.712027819678454, 30.469896730354638 ] ], [ [ 78.692458731094192, 30.485717426810595 ], [ 78.700286366527891, 30.485717426810595 ], [ 78.700286366527891, 30.489672600924585 ], [ 78.704200184244755, 30.489672600924585 ], [ 78.704200184244755, 30.497582949152562 ], [ 78.696372548811041, 30.497582949152562 ], [ 78.696372548811041, 30.501538123266553 ], [ 78.692458731094192, 30.501538123266553 ], [ 78.692458731094192, 30.485717426810595 ] ], [ [ 78.622010012190799, 30.703252003080017 ], [ 78.618096194473949, 30.703252003080017 ], [ 78.618096194473949, 30.695341654852037 ], [ 78.6141823767571, 30.695341654852037 ], [ 78.6141823767571, 30.691386480738046 ], [ 78.610268559040236, 30.691386480738046 ], [ 78.610268559040236, 30.68743130662406 ], [ 78.606354741323386, 30.68743130662406 ], [ 78.606354741323386, 30.683476132510069 ], [ 78.602440923606537, 30.683476132510069 ], [ 78.602440923606537, 30.679520958396079 ], [ 78.598527105889673, 30.679520958396079 ], [ 78.598527105889673, 30.663700261940122 ], [ 78.606354741323386, 30.663700261940122 ], [ 78.606354741323386, 30.659745087826131 ], [ 78.610268559040236, 30.659745087826131 ], [ 78.610268559040236, 30.655789913712141 ], [ 78.6141823767571, 30.655789913712141 ], [ 78.6141823767571, 30.651834739598154 ], [ 78.618096194473949, 30.651834739598154 ], [ 78.618096194473949, 30.647879565484164 ], [ 78.622010012190799, 30.647879565484164 ], [ 78.622010012190799, 30.643924391370174 ], [ 78.637665283058226, 30.643924391370174 ], [ 78.637665283058226, 30.647879565484164 ], [ 78.641579100775076, 30.647879565484164 ], [ 78.641579100775076, 30.651834739598154 ], [ 78.645492918491925, 30.651834739598154 ], [ 78.645492918491925, 30.659745087826131 ], [ 78.649406736208789, 30.659745087826131 ], [ 78.649406736208789, 30.663700261940122 ], [ 78.653320553925639, 30.663700261940122 ], [ 78.653320553925639, 30.667655436054112 ], [ 78.661148189359352, 30.667655436054112 ], [ 78.661148189359352, 30.679520958396079 ], [ 78.657234371642502, 30.679520958396079 ], [ 78.657234371642502, 30.683476132510069 ], [ 78.653320553925639, 30.683476132510069 ], [ 78.653320553925639, 30.68743130662406 ], [ 78.649406736208789, 30.68743130662406 ], [ 78.649406736208789, 30.691386480738046 ], [ 78.645492918491925, 30.691386480738046 ], [ 78.645492918491925, 30.699296828966027 ], [ 78.641579100775076, 30.699296828966027 ], [ 78.641579100775076, 30.703252003080017 ], [ 78.637665283058226, 30.703252003080017 ], [ 78.637665283058226, 30.707207177194004 ], [ 78.622010012190799, 30.707207177194004 ], [ 78.622010012190799, 30.703252003080017 ] ] ] } },
{ "type": "Feature", "properties": { "hazard": "LOW", "area_m2": 329934.16127011972, "area_ha": 32.993416127011969 }, "geometry": { "type": "Polygon", "coordinates": [ [ [ 78.246283511372766, 30.461986382126657 ], [ 78.246283511372766, 30.45407603389868 ], [ 78.242369693655917, 30.45407603389868 ], [ 78.242369693655917, 30.461986382126657 ], [ 78.246283511372766, 30.461986382126657 ] ] ] } },
{ "type": "Feature", "properties": { "hazard": "LOW", "area_m2": 164949.80343895819, "area_ha": 16.494980343895818 }, "geometry": { "type": "Polygon", "coordinates": [ [ [ 78.250197329089616, 30.469896730354638 ], [ 78.250197329089616, 30.465941556240647 ], [ 78.246283511372766, 30.465941556240647 ], [ 78.246283511372766, 30.469896730354638 ], [ 78.250197329089616, 30.469896730354638 ] ] ] } },
{ "type": "Feature", "properties": { "hazard": "LOW", "area_m2": 329878.22445983253, "area_ha": 32.987822445983255 }, "geometry": { "type": "Polygon", "coordinates": [ [ [ 78.25411114680648, 30.477807078582615 ], [ 78.25411114680648, 30.469896730354638 ], [ 78.250197329089616, 30.469896730354638 ], [ 78.250197329089616, 30.477807078582615 ], [ 78.25411114680648, 30.477807078582615 ] ] ] } },
{ "type": "Feature", "properties": { "hazard": "LOW", "area_m2": 164790.06114666574, "area_ha": 16.479006114666575 }, "geometry": { "type": "Polygon", "coordinates": [ [ [ 78.289335506258169, 30.560865734976396 ], [ 78.289335506258169, 30.556910560862406 ], [ 78.285421688541319, 30.556910560862406 ], [ 78.285421688541319, 30.560865734976396 ], [ 78.289335506258169, 30.560865734976396 ] ] ] } },
{ "type": "Feature", "properties": { "hazard": "LOW", "area_m2": 164782.66152291058, "area_ha": 16.478266152291059 }, "geometry": { "type": "Polygon", "coordinates": [ [ [ 78.293249323975019, 30.564820909090386 ], [ 78.293249323975019, 30.560865734976396 ], [ 78.289335506258169, 30.560865734976396 ], [ 78.289335506258169, 30.564820909090386 ], [ 78.293249323975019, 30.564820909090386 ] ] ] } },
{ "type": "Feature", "properties": { "hazard": "LOW", "area_m2": 164666.34050157733, "area_ha": 16.466634050157733 }, "geometry": { "type": "Polygon", "coordinates": [ [ [ 78.379353313745824, 30.624148520800226 ], [ 78.379353313745824, 30.620193346686236 ], [ 78.375439496028974, 30.620193346686236 ], [ 78.375439496028974, 30.624148520800226 ], [ 78.379353313745824, 30.624148520800226 ] ] ] } },
{ "type": "Feature", "properties": { "hazard": "LOW", "area_m2": 164638.34093919204, "area_ha": 16.463834093919203 }, "geometry": { "type": "Polygon", "coordinates": [ [ [ 78.387180949179537, 30.639969217256183 ], [ 78.387180949179537, 30.636014043142197 ], [ 78.383267131462674, 30.636014043142197 ], [ 78.383267131462674, 30.639969217256183 ], [ 78.387180949179537, 30.639969217256183 ] ] ] } },
{ "type": "Feature", "properties": { "hazard": "MODERATE", "area_m2": 329083.63954454951, "area_ha": 32.908363954454948 }, "geometry": { "type": "Polygon", "coordinates": [ [ [ 78.602440923606537, 30.675565784282089 ], [ 78.602440923606537, 30.667655436054112 ], [ 78.598527105889673, 30.667655436054112 ], [ 78.598527105889673, 30.675565784282089 ], [ 78.602440923606537, 30.675565784282089 ] ] ] } },
{ "type": "Feature", "properties": { "hazard": "EXTREME", "area_m2": 493167.28083991236, "area_ha": 49.316728083991237 }, "geometry": { "type": "Polygon", "coordinates": [ [ [ 78.516336933835731, 30.774445137131828 ], [ 78.516336933835731, 30.770489963017837 ], [ 78.504595480685168, 30.770489963017837 ], [ 78.504595480685168, 30.774445137131828 ], [ 78.516336933835731, 30.774445137131828 ] ] ] } },
{ "type": "Feature", "properties": { "hazard": "EXTREME", "area_m2": 164383.90043502883, "area_ha": 16.438390043502881 }, "geometry": { "type": "Polygon", "coordinates": [ [ [ 78.504595480685168, 30.778400311245814 ], [ 78.504595480685168, 30.774445137131828 ], [ 78.500681662968319, 30.774445137131828 ], [ 78.500681662968319, 30.778400311245814 ], [ 78.504595480685168, 30.778400311245814 ] ] ] } },
{ "type": "Feature", "properties": { "hazard": "LOW", "area_m2": 166471.8109106028, "area_ha": 16.647181091060279 }, "geometry": { "type": "Polygon", "coordinates": [ [ [ 80.074036385143842, 29.382223849007531 ], [ 80.074036385143842, 29.378268674893544 ], [ 80.070122567426992, 29.378268674893544 ], [ 80.070122567426992, 29.382223849007531 ], [ 80.074036385143842, 29.382223849007531 ] ] ] } },
{ "type": "Feature", "properties": { "hazard": "LOW", "area_m2": 166465.75133507562, "area_ha": 16.646575133507561 }, "geometry": { "type": "Polygon", "coordinates": [ [ [ 80.070122567426992, 29.386179023121521 ], [ 80.070122567426992, 29.382223849007531 ], [ 80.066208749710142, 29.382223849007531 ], [ 80.066208749710142, 29.386179023121521 ], [ 80.070122567426992, 29.386179023121521 ] ] ] } },
{ "type": "Feature", "properties": { "hazard": "LOW", "area_m2": 665445.71854959894, "area_ha": 66.544571854959898 }, "geometry": { "type": "Polygon", "coordinates": [ [ [ 80.066208749710142, 29.453416983059341 ], [ 80.066208749710142, 29.445506634831364 ], [ 80.058381114276429, 29.445506634831364 ], [ 80.058381114276429, 29.453416983059341 ], [ 80.066208749710142, 29.453416983059341 ] ] ] } },
{ "type": "Feature", "properties": { "hazard": "LOW", "area_m2": 831757.13982863654, "area_ha": 83.175713982863655 }, "geometry": { "type": "Polygon", "coordinates": [ [ [ 80.222761458384312, 29.457372157173332 ], [ 80.222761458384312, 29.449461808945355 ], [ 80.226675276101176, 29.449461808945355 ], [ 80.226675276101176, 29.441551460717374 ], [ 80.222761458384312, 29.441551460717374 ], [ 80.222761458384312, 29.445506634831364 ], [ 80.218847640667462, 29.445506634831364 ], [ 80.218847640667462, 29.457372157173332 ], [ 80.222761458384312, 29.457372157173332 ] ] ] } },
{ "type": "Feature", "properties": { "hazard": "LOW", "area_m2": 274491.58438438445, "area_ha": 27.449158438438445 }, "geometry": { "type": "Polygon", "coordinates": [ [ [ 80.250158182402302, 29.453416983059341 ], [ 80.250158182402302, 29.446962533433627 ], [ 80.2483386, 29.44686 ], [ 80.246244364685438, 29.446885088797774 ], [ 80.246244364685438, 29.453416983059341 ], [ 80.250158182402302, 29.453416983059341 ] ] ] } },
{ "type": "Feature", "properties": { "hazard": "LOW", "area_m2": 349694.88193728216, "area_ha": 34.969488193728218 }, "geometry": { "type": "MultiPolygon", "coordinates": [ [ [ [ 80.273641088703428, 29.449626328656329 ], [ 80.273538, 29.4496371 ], [ 80.2726729, 29.4497829 ], [ 80.2718821, 29.4500097 ], [ 80.2709797, 29.4502042 ], [ 80.2701797, 29.4502204 ], [ 80.2689982, 29.449872 ], [ 80.2686168, 29.4496047 ], [ 80.2678987, 29.4488465 ], [ 80.2673968, 29.4486474 ], [ 80.26666, 29.4485423 ], [ 80.2659358, 29.4485921 ], [ 80.265813453269715, 29.448637697320468 ], [ 80.265813453269715, 29.453416983059341 ], [ 80.269727270986579, 29.453416983059341 ], [ 80.269727270986579, 29.453632452789716 ], [ 80.2706047, 29.4536643 ], [ 80.2715575, 29.4538468 ], [ 80.2722182, 29.4537196 ], [ 80.273641088703428, 29.452810684366288 ], [ 80.273641088703428, 29.449626328656329 ] ] ], [ [ [ 80.272279980772169, 29.457372157173332 ], [ 80.2721547, 29.4573315 ], [ 80.2716274, 29.4571545 ], [ 80.2711574, 29.4568392 ], [ 80.269727270986579, 29.455919843911797 ], [ 80.269727270986579, 29.457372157173332 ], [ 80.272279980772169, 29.457372157173332 ] ] ] ] } },
{ "type": "Feature", "properties": { "hazard": "EXTREME", "area_m2": 165919.71278777666, "area_ha": 16.591971278777667 }, "geometry": { "type": "Polygon", "coordinates": [ [ [ 80.038812025692152, 29.726323996924616 ], [ 80.038812025692152, 29.722368822810626 ], [ 80.034898207975303, 29.722368822810626 ], [ 80.034898207975303, 29.726323996924616 ], [ 80.038812025692152, 29.726323996924616 ] ] ] } },
{ "type": "Feature", "properties": { "hazard": "EXTREME", "area_m2": 331814.07190154126, "area_ha": 33.181407190154125 }, "geometry": { "type": "Polygon", "coordinates": [ [ [ 80.038812025692152, 29.734234345152593 ], [ 80.038812025692152, 29.730279171038607 ], [ 80.030984390258439, 29.730279171038607 ], [ 80.030984390258439, 29.734234345152593 ], [ 80.038812025692152, 29.734234345152593 ] ] ] } },
{ "type": "Feature", "properties": { "hazard": "EXTREME", "area_m2": 331737.10438654915, "area_ha": 33.173710438654915 }, "geometry": { "type": "Polygon", "coordinates": [ [ [ 80.038812025692152, 29.757965389836532 ], [ 80.038812025692152, 29.754010215722541 ], [ 80.030984390258439, 29.754010215722541 ], [ 80.030984390258439, 29.757965389836532 ], [ 80.038812025692152, 29.757965389836532 ] ] ] } },
{ "type": "Feature", "properties": { "hazard": "LOW", "area_m2": 828791.79514828324, "area_ha": 82.879179514828323 }, "geometry": { "type": "Polygon", "coordinates": [ [ [ 80.058381114276429, 29.825203349774352 ], [ 80.058381114276429, 29.821248175660365 ], [ 80.038812025692152, 29.821248175660365 ], [ 80.038812025692152, 29.825203349774352 ], [ 80.058381114276429, 29.825203349774352 ] ] ] } },
{ "type": "Feature", "properties": { "hazard": "EXTREME", "area_m2": 497158.44680454576, "area_ha": 49.715844680454573 }, "geometry": { "type": "Polygon", "coordinates": [ [ [ 80.058381114276429, 29.84893439445829 ], [ 80.058381114276429, 29.8449792203443 ], [ 80.046639661125866, 29.8449792203443 ], [ 80.046639661125866, 29.84893439445829 ], [ 80.058381114276429, 29.84893439445829 ] ] ] } },
{ "type": "Feature", "properties": { "hazard": "EXTREME", "area_m2": 165706.89510193863, "area_ha": 16.570689510193862 }, "geometry": { "type": "Polygon", "coordinates": [ [ [ 80.050553478842716, 29.85684474268627 ], [ 80.050553478842716, 29.85288956857228 ], [ 80.046639661125866, 29.85288956857228 ], [ 80.046639661125866, 29.85684474268627 ], [ 80.050553478842716, 29.85684474268627 ] ] ] } },
{ "type": "Feature", "properties": { "hazard": "EXTREME", "area_m2": 331400.06803908164, "area_ha": 33.140006803908165 }, "geometry": { "type": "Polygon", "coordinates": [ [ [ 80.058381114276429, 29.860799916800257 ], [ 80.058381114276429, 29.85684474268627 ], [ 80.050553478842716, 29.85684474268627 ], [ 80.050553478842716, 29.860799916800257 ], [ 80.058381114276429, 29.860799916800257 ] ] ] } },
{ "type": "Feature", "properties": { "hazard": "LOW", "area_m2": 1159479.8709187701, "area_ha": 115.94798709187701 }, "geometry": { "type": "Polygon", "coordinates": [ [ [ 80.555435964316956, 29.884530961484195 ], [ 80.555435964316956, 29.880575787370205 ], [ 80.551522146600107, 29.880575787370205 ], [ 80.551522146600107, 29.876620613256215 ], [ 80.539780693449529, 29.876620613256215 ], [ 80.539780693449529, 29.884530961484195 ], [ 80.555435964316956, 29.884530961484195 ] ] ] } },
{ "type": "Feature", "properties": { "hazard": "LOW", "area_m2": 662647.86886454013, "area_ha": 66.264786886454019 }, "geometry": { "type": "Polygon", "coordinates": [ [ [ 80.054467296559565, 29.884530961484195 ], [ 80.054467296559565, 29.880575787370205 ], [ 80.038812025692152, 29.880575787370205 ], [ 80.038812025692152, 29.884530961484195 ], [ 80.054467296559565, 29.884530961484195 ] ] ] } },
{ "type": "Feature", "properties": { "hazard": "EXTREME", "area_m2": 321847.53276268562, "area_ha": 32.184753276268559 }, "geometry": { "type": "Polygon", "coordinates": [ [ [ 80.884196652532736, 30.196989716489362 ], [ 80.884196652532736, 30.194886928675732 ], [ 80.883907, 30.1946885 ], [ 80.8840518, 30.1912999 ], [ 80.884196652532736, 30.190997773761033 ], [ 80.884196652532736, 30.189079368261385 ], [ 80.880282834815887, 30.189079368261385 ], [ 80.880282834815887, 30.196989716489362 ], [ 80.884196652532736, 30.196989716489362 ] ] ] } },
{ "type": "Feature", "properties": { "hazard": "EXTREME", "area_m2": 165012.72878125959, "area_ha": 16.50127287812596 }, "geometry": { "type": "Polygon", "coordinates": [ [ [ 80.884196652532736, 30.260272502313196 ], [ 80.884196652532736, 30.256317328199206 ], [ 80.880282834815887, 30.256317328199206 ], [ 80.880282834815887, 30.260272502313196 ], [ 80.884196652532736, 30.260272502313196 ] ] ] } },
{ "type": "Feature", "properties": { "hazard": "LOW", "area_m2": 2809274.3694687402, "area_ha": 280.92743694687402 }, "geometry": { "type": "Polygon", "coordinates": [ [ [ 80.164054192631497, 30.137662104779523 ], [ 80.164054192631497, 30.121841408323565 ], [ 80.152312739480934, 30.121841408323565 ], [ 80.152312739480934, 30.125796582437552 ], [ 80.148398921764084, 30.125796582437552 ], [ 80.148398921764084, 30.129751756551542 ], [ 80.14448510404722, 30.129751756551542 ], [ 80.14448510404722, 30.137662104779523 ], [ 80.164054192631497, 30.137662104779523 ] ] ] } },
{ "type": "Feature", "properties": { "hazard": "EXTREME", "area_m2": 164914.5959163279, "area_ha": 16.49145959163279 }, "geometry": { "type": "Polygon", "coordinates": [ [ [ 80.277554906420278, 30.331465636365007 ], [ 80.277554906420278, 30.327510462251016 ], [ 80.273641088703428, 30.327510462251016 ], [ 80.273641088703428, 30.331465636365007 ], [ 80.277554906420278, 30.331465636365007 ] ] ] } },
{ "type": "Feature", "properties": { "hazard": "EXTREME", "area_m2": 329823.52000102354, "area_ha": 32.982352000102352 }, "geometry": { "type": "Polygon", "coordinates": [ [ [ 80.269727270986579, 30.335420810478993 ], [ 80.269727270986579, 30.327510462251016 ], [ 80.265813453269715, 30.327510462251016 ], [ 80.265813453269715, 30.335420810478993 ], [ 80.269727270986579, 30.335420810478993 ] ] ] } },
{ "type": "Feature", "properties": { "hazard": "EXTREME", "area_m2": 164895.0061227846, "area_ha": 16.489500612278459 }, "geometry": { "type": "Polygon", "coordinates": [ [ [ 80.277554906420278, 30.343331158706974 ], [ 80.277554906420278, 30.339375984592984 ], [ 80.273641088703428, 30.339375984592984 ], [ 80.273641088703428, 30.343331158706974 ], [ 80.277554906420278, 30.343331158706974 ] ] ] } },
{ "type": "Feature", "properties": { "hazard": "LOW", "area_m2": 3297417.5261359853, "area_ha": 329.74175261359852 }, "geometry": { "type": "Polygon", "coordinates": [ [ [ 80.238416729251739, 30.367062203390912 ], [ 80.238416729251739, 30.363107029276922 ], [ 80.246244364685438, 30.363107029276922 ], [ 80.246244364685438, 30.355196681048941 ], [ 80.242330546968589, 30.355196681048941 ], [ 80.242330546968589, 30.351241506934954 ], [ 80.238416729251739, 30.351241506934954 ], [ 80.238416729251739, 30.347286332820964 ], [ 80.226675276101176, 30.347286332820964 ], [ 80.226675276101176, 30.367062203390912 ], [ 80.238416729251739, 30.367062203390912 ] ] ] } },
{ "type": "Feature", "properties": { "hazard": "LOW", "area_m2": 1809642.0776045006, "area_ha": 180.96420776045005 }, "geometry": { "type": "Polygon", "coordinates": [ [ [ 79.162116857116729, 30.643924391370174 ], [ 79.162116857116729, 30.628103694914216 ], [ 79.158203039399879, 30.628103694914216 ], [ 79.158203039399879, 30.632058869028207 ], [ 79.150375403966166, 30.632058869028207 ], [ 79.150375403966166, 30.639969217256183 ], [ 79.146461586249316, 30.639969217256183 ], [ 79.146461586249316, 30.643924391370174 ], [ 79.162116857116729, 30.643924391370174 ] ] ] } },
{ "type": "Feature", "properties": { "hazard": "EXTREME", "area_m2": 164551.88466895977, "area_ha": 16.455188466895976 }, "geometry": { "type": "Polygon", "coordinates": [ [ [ 78.79421799173241, 30.647879565484164 ], [ 78.79421799173241, 30.643924391370174 ], [ 78.790304174015546, 30.643924391370174 ], [ 78.790304174015546, 30.647879565484164 ], [ 78.79421799173241, 30.647879565484164 ] ] ] } },
{ "type": "Feature", "properties": { "hazard": "EXTREME", "area_m2": 164474.17182684393, "area_ha": 16.447417182684394 }, "geometry": { "type": "Polygon", "coordinates": [ [ [ 79.279531388622374, 30.651834739598154 ], [ 79.279531388622374, 30.647879565484164 ], [ 79.27561757090551, 30.647879565484164 ], [ 79.27561757090551, 30.651834739598154 ], [ 79.279531388622374, 30.651834739598154 ] ] ] } },
{ "type": "Feature", "properties": { "hazard": "EXTREME", "area_m2": 328927.52725890896, "area_ha": 32.892752725890894 }, "geometry": { "type": "Polygon", "coordinates": [ [ [ 79.283445206339223, 30.659745087826131 ], [ 79.283445206339223, 30.651834739598154 ], [ 79.279531388622374, 30.651834739598154 ], [ 79.279531388622374, 30.659745087826131 ], [ 79.283445206339223, 30.659745087826131 ] ] ] } },
{ "type": "Feature", "properties": { "hazard": "EXTREME", "area_m2": 164532.69171144819, "area_ha": 16.453269171144818 }, "geometry": { "type": "Polygon", "coordinates": [ [ [ 78.790304174015546, 30.659745087826131 ], [ 78.790304174015546, 30.655789913712141 ], [ 78.786390356298696, 30.655789913712141 ], [ 78.786390356298696, 30.659745087826131 ], [ 78.790304174015546, 30.659745087826131 ] ] ] } },
{ "type": "Feature", "properties": { "hazard": "EXTREME", "area_m2": 493556.45509816619, "area_ha": 49.355645509816618 }, "geometry": { "type": "Polygon", "coordinates": [ [ [ 78.798131809449259, 30.667655436054112 ], [ 78.798131809449259, 30.663700261940122 ], [ 78.786390356298696, 30.663700261940122 ], [ 78.786390356298696, 30.667655436054112 ], [ 78.798131809449259, 30.667655436054112 ] ] ] } },
{ "type": "Feature", "properties": { "hazard": "LOW", "area_m2": 3289233.8606255036, "area_ha": 328.92338606255038 }, "geometry": { "type": "Polygon", "coordinates": [ [ [ 78.825528533467235, 30.707207177194004 ], [ 78.825528533467235, 30.695341654852037 ], [ 78.821614715750385, 30.695341654852037 ], [ 78.821614715750385, 30.68743130662406 ], [ 78.813787080316672, 30.68743130662406 ], [ 78.813787080316672, 30.691386480738046 ], [ 78.809873262599822, 30.691386480738046 ], [ 78.809873262599822, 30.695341654852037 ], [ 78.805959444882973, 30.695341654852037 ], [ 78.805959444882973, 30.707207177194004 ], [ 78.825528533467235, 30.707207177194004 ] ] ] } },
{ "type": "Feature", "properties": { "hazard": "LOW", "area_m2": 328810.19700187189, "area_ha": 32.881019700187188 }, "geometry": { "type": "Polygon", "coordinates": [ [ [ 79.107323409080763, 30.707207177194004 ], [ 79.107323409080763, 30.703252003080017 ], [ 79.099495773647064, 30.703252003080017 ], [ 79.099495773647064, 30.707207177194004 ], [ 79.107323409080763, 30.707207177194004 ] ] ] } },
{ "type": "Feature", "properties": { "hazard": "EXTREME", "area_m2": 164377.55347208623, "area_ha": 16.437755347208622 }, "geometry": { "type": "Polygon", "coordinates": [ [ [ 79.259962300038097, 30.711162351307994 ], [ 79.259962300038097, 30.707207177194004 ], [ 79.256048482321248, 30.707207177194004 ], [ 79.256048482321248, 30.711162351307994 ], [ 79.259962300038097, 30.711162351307994 ] ] ] } },
{ "type": "Feature", "properties": { "hazard": "LOW", "area_m2": 164374.03065046063, "area_ha": 16.437403065046063 }, "geometry": { "type": "Polygon", "coordinates": [ [ [ 79.287359024056073, 30.711162351307994 ], [ 79.287359024056073, 30.707207177194004 ], [ 79.283445206339223, 30.707207177194004 ], [ 79.283445206339223, 30.711162351307994 ], [ 79.287359024056073, 30.711162351307994 ] ] ] } },
{ "type": "Feature", "properties": { "hazard": "EXTREME", "area_m2": 164373.53195650494, "area_ha": 16.437353195650495 }, "geometry": { "type": "Polygon", "coordinates": [ [ [ 79.291272841772937, 30.711162351307994 ], [ 79.291272841772937, 30.707207177194004 ], [ 79.287359024056073, 30.707207177194004 ], [ 79.287359024056073, 30.711162351307994 ], [ 79.291272841772937, 30.711162351307994 ] ] ] } },
{ "type": "Feature", "properties": { "hazard": "EXTREME", "area_m2": 328743.59139274573, "area_ha": 32.874359139274574 }, "geometry": { "type": "Polygon", "coordinates": [ [ [ 79.30692811264035, 30.711162351307994 ], [ 79.30692811264035, 30.707207177194004 ], [ 79.299100477206636, 30.707207177194004 ], [ 79.299100477206636, 30.711162351307994 ], [ 79.30692811264035, 30.711162351307994 ] ] ] } },
{ "type": "Feature", "properties": { "hazard": "EXTREME", "area_m2": 493115.86025729985, "area_ha": 49.311586025729987 }, "geometry": { "type": "Polygon", "coordinates": [ [ [ 79.252134664604384, 30.719072699535975 ], [ 79.252134664604384, 30.707207177194004 ], [ 79.248220846887534, 30.707207177194004 ], [ 79.248220846887534, 30.719072699535975 ], [ 79.252134664604384, 30.719072699535975 ] ] ] } },
{ "type": "Feature", "properties": { "hazard": "EXTREME", "area_m2": 164359.80284735598, "area_ha": 16.435980284735599 }, "geometry": { "type": "Polygon", "coordinates": [ [ [ 79.295186659489787, 30.719072699535975 ], [ 79.295186659489787, 30.715117525421984 ], [ 79.291272841772937, 30.715117525421984 ], [ 79.291272841772937, 30.719072699535975 ], [ 79.295186659489787, 30.719072699535975 ] ] ] } },
{ "type": "Feature", "properties": { "hazard": "LOW", "area_m2": 1479279.4132270492, "area_ha": 147.92794132270492 }, "geometry": { "type": "Polygon", "coordinates": [ [ [ 79.228651758303258, 30.730938221877942 ], [ 79.228651758303258, 30.726983047763952 ], [ 79.232565576020122, 30.726983047763952 ], [ 79.232565576020122, 30.719072699535975 ], [ 79.228651758303258, 30.719072699535975 ], [ 79.228651758303258, 30.711162351307994 ], [ 79.232565576020122, 30.711162351307994 ], [ 79.232565576020122, 30.707207177194004 ], [ 79.224737940586408, 30.707207177194004 ], [ 79.224737940586408, 30.730938221877942 ], [ 79.228651758303258, 30.730938221877942 ] ] ] } },
{ "type": "Feature", "properties": { "hazard": "EXTREME", "area_m2": 164358.21094046137, "area_ha": 16.435821094046137 }, "geometry": { "type": "Polygon", "coordinates": [ [ [ 79.256048482321248, 30.723027873649965 ], [ 79.256048482321248, 30.719072699535975 ], [ 79.252134664604384, 30.719072699535975 ], [ 79.252134664604384, 30.723027873649965 ], [ 79.256048482321248, 30.723027873649965 ] ] ] } },
{ "type": "Feature", "properties": { "hazard": "LOW", "area_m2": 164315.90847140196, "area_ha": 16.431590847140196 }, "geometry": { "type": "Polygon", "coordinates": [ [ [ 78.661148189359352, 30.802131355929752 ], [ 78.661148189359352, 30.798176181815762 ], [ 78.657234371642502, 30.798176181815762 ], [ 78.657234371642502, 30.802131355929752 ], [ 78.661148189359352, 30.802131355929752 ] ] ] } },
{ "type": "Feature", "properties": { "hazard": "LOW", "area_m2": 3614201.6909424919, "area_ha": 361.42016909424916 }, "geometry": { "type": "Polygon", "coordinates": [ [ [ 78.637665283058226, 30.833772748841668 ], [ 78.637665283058226, 30.829817574727677 ], [ 78.641579100775076, 30.829817574727677 ], [ 78.641579100775076, 30.825862400613691 ], [ 78.637665283058226, 30.825862400613691 ], [ 78.637665283058226, 30.81795205238571 ], [ 78.625923829907663, 30.81795205238571 ], [ 78.625923829907663, 30.8219072264997 ], [ 78.618096194473949, 30.8219072264997 ], [ 78.618096194473949, 30.825862400613691 ], [ 78.6141823767571, 30.825862400613691 ], [ 78.6141823767571, 30.829817574727677 ], [ 78.610268559040236, 30.829817574727677 ], [ 78.610268559040236, 30.833772748841668 ], [ 78.637665283058226, 30.833772748841668 ] ] ] } },
{ "type": "Feature", "properties": { "hazard": "EXTREME", "area_m2": 164214.92709050997, "area_ha": 16.421492709050998 }, "geometry": { "type": "Polygon", "coordinates": [ [ [ 78.91163252323804, 30.837727922955658 ], [ 78.91163252323804, 30.833772748841668 ], [ 78.907718705521191, 30.833772748841668 ], [ 78.907718705521191, 30.837727922955658 ], [ 78.91163252323804, 30.837727922955658 ] ] ] } },
{ "type": "Feature", "properties": { "hazard": "LOW", "area_m2": 821040.72615175066, "area_ha": 82.10407261517507 }, "geometry": { "type": "Polygon", "coordinates": [ [ [ 78.91554634095489, 30.845638271183638 ], [ 78.91554634095489, 30.841683097069648 ], [ 78.919460158671754, 30.841683097069648 ], [ 78.919460158671754, 30.833772748841668 ], [ 78.91163252323804, 30.833772748841668 ], [ 78.91163252323804, 30.845638271183638 ], [ 78.91554634095489, 30.845638271183638 ] ] ] } },
{ "type": "Feature", "properties": { "hazard": "EXTREME", "area_m2": 328461.37265384011, "area_ha": 32.846137265384009 }, "geometry": { "type": "Polygon", "coordinates": [ [ [ 79.490877545332509, 30.782355485359805 ], [ 79.490877545332509, 30.778400311245814 ], [ 79.48304990989881, 30.778400311245814 ], [ 79.48304990989881, 30.782355485359805 ], [ 79.490877545332509, 30.782355485359805 ] ] ] } },
{ "type": "Feature", "properties": { "hazard": "EXTREME", "area_m2": 164205.6295467311, "area_ha": 16.420562954673109 }, "geometry": { "type": "Polygon", "coordinates": [ [ [ 79.66308552487412, 30.786310659473795 ], [ 79.66308552487412, 30.782355485359805 ], [ 79.659171707157256, 30.782355485359805 ], [ 79.659171707157256, 30.786310659473795 ], [ 79.66308552487412, 30.786310659473795 ] ] ] } },
{ "type": "Feature", "properties": { "hazard": "EXTREME", "area_m2": 328443.69553858403, "area_ha": 32.8443695538584 }, "geometry": { "type": "Polygon", "coordinates": [ [ [ 79.479136092181946, 30.790265833587785 ], [ 79.479136092181946, 30.782355485359805 ], [ 79.475222274465096, 30.782355485359805 ], [ 79.475222274465096, 30.790265833587785 ], [ 79.479136092181946, 30.790265833587785 ] ] ] } },
{ "type": "Feature", "properties": { "hazard": "LOW", "area_m2": 492608.84903122333, "area_ha": 49.260884903122331 }, "geometry": { "type": "Polygon", "coordinates": [ [ [ 79.627861165422431, 30.790265833587785 ], [ 79.627861165422431, 30.786310659473795 ], [ 79.616119712271868, 30.786310659473795 ], [ 79.616119712271868, 30.790265833587785 ], [ 79.627861165422431, 30.790265833587785 ] ] ] } },
{ "type": "Feature", "properties": { "hazard": "EXTREME", "area_m2": 164185.751719939, "area_ha": 16.418575171993901 }, "geometry": { "type": "Polygon", "coordinates": [ [ [ 79.66308552487412, 30.798176181815762 ], [ 79.66308552487412, 30.794221007701772 ], [ 79.659171707157256, 30.794221007701772 ], [ 79.659171707157256, 30.798176181815762 ], [ 79.66308552487412, 30.798176181815762 ] ] ] } },
{ "type": "Feature", "properties": { "hazard": "EXTREME", "area_m2": 164118.42943292629, "area_ha": 16.41184294329263 }, "geometry": { "type": "Polygon", "coordinates": [ [ [ 79.81572441583144, 30.829817574727677 ], [ 79.81572441583144, 30.825862400613691 ], [ 79.81181059811459, 30.825862400613691 ], [ 79.81181059811459, 30.829817574727677 ], [ 79.81572441583144, 30.829817574727677 ] ] ] } },
{ "type": "Feature", "properties": { "hazard": "EXTREME", "area_m2": 164117.74368234613, "area_ha": 16.411774368234614 }, "geometry": { "type": "Polygon", "coordinates": [ [ [ 79.823552051265153, 30.829817574727677 ], [ 79.823552051265153, 30.825862400613691 ], [ 79.819638233548304, 30.825862400613691 ], [ 79.819638233548304, 30.829817574727677 ], [ 79.823552051265153, 30.829817574727677 ] ] ] } },
{ "type": "Feature", "properties": { "hazard": "EXTREME", "area_m2": 327998.21075662039, "area_ha": 32.799821075662038 }, "geometry": { "type": "Polygon", "coordinates": [ [ [ 79.81572441583144, 30.901010708779488 ], [ 79.81572441583144, 30.897055534665501 ], [ 79.807896780397741, 30.897055534665501 ], [ 79.807896780397741, 30.901010708779488 ], [ 79.81572441583144, 30.901010708779488 ] ] ] } },
{ "type": "Feature", "properties": { "hazard": "EXTREME", "area_m2": 163998.24920129869, "area_ha": 16.39982492012987 }, "geometry": { "type": "Polygon", "coordinates": [ [ [ 79.823552051265153, 30.901010708779488 ], [ 79.823552051265153, 30.897055534665501 ], [ 79.819638233548304, 30.897055534665501 ], [ 79.819638233548304, 30.901010708779488 ], [ 79.823552051265153, 30.901010708779488 ] ] ] } },
{ "type": "Feature", "properties": { "hazard": "LOW", "area_m2": 491983.09853299445, "area_ha": 49.198309853299442 }, "geometry": { "type": "Polygon", "coordinates": [ [ [ 79.792241509530314, 30.908921057007468 ], [ 79.792241509530314, 30.897055534665501 ], [ 79.788327691813464, 30.897055534665501 ], [ 79.788327691813464, 30.908921057007468 ], [ 79.792241509530314, 30.908921057007468 ] ] ] } },
{ "type": "Feature", "properties": { "hazard": "EXTREME", "area_m2": 328752.33746234071, "area_ha": 32.875233746234073 }, "geometry": { "type": "Polygon", "coordinates": [ [ [ 78.512423116118882, 30.782355485359805 ], [ 78.512423116118882, 30.778400311245814 ], [ 78.504595480685168, 30.778400311245814 ], [ 78.504595480685168, 30.782355485359805 ], [ 78.512423116118882, 30.782355485359805 ] ] ] } },
{ "type": "Feature", "properties": { "hazard": "EXTREME", "area_m2": 328645.83003521094, "area_ha": 32.864583003521091 }, "geometry": { "type": "Polygon", "coordinates": [ [ [ 78.602440923606537, 30.806086530043743 ], [ 78.602440923606537, 30.798176181815762 ], [ 78.598527105889673, 30.798176181815762 ], [ 78.598527105889673, 30.806086530043743 ], [ 78.602440923606537, 30.806086530043743 ] ] ] } },
{ "type": "Feature", "properties": { "hazard": "LOW", "area_m2": 8544167.4546438493, "area_ha": 854.41674546438492 }, "geometry": { "type": "Polygon", "coordinates": [ [ [ 78.598527105889673, 30.833772748841668 ], [ 78.598527105889673, 30.81795205238571 ], [ 78.594613288172823, 30.81795205238571 ], [ 78.594613288172823, 30.810041704157733 ], [ 78.590699470455974, 30.810041704157733 ], [ 78.590699470455974, 30.798176181815762 ], [ 78.594613288172823, 30.798176181815762 ], [ 78.594613288172823, 30.794221007701772 ], [ 78.598527105889673, 30.794221007701772 ], [ 78.598527105889673, 30.790265833587785 ], [ 78.594613288172823, 30.790265833587785 ], [ 78.594613288172823, 30.786310659473795 ], [ 78.590699470455974, 30.786310659473795 ], [ 78.590699470455974, 30.782355485359805 ], [ 78.58678565273911, 30.782355485359805 ], [ 78.58678565273911, 30.786310659473795 ], [ 78.58287183502226, 30.786310659473795 ], [ 78.58287183502226, 30.782355485359805 ], [ 78.578958017305411, 30.782355485359805 ], [ 78.578958017305411, 30.833772748841668 ], [ 78.598527105889673, 30.833772748841668 ] ] ] } },
{ "type": "Feature", "properties": { "hazard": "EXTREME", "area_m2": 492934.65664910799, "area_ha": 49.293465664910798 }, "geometry": { "type": "Polygon", "coordinates": [ [ [ 78.610268559040236, 30.81399687827172 ], [ 78.610268559040236, 30.802131355929752 ], [ 78.606354741323386, 30.802131355929752 ], [ 78.606354741323386, 30.81399687827172 ], [ 78.610268559040236, 30.81399687827172 ] ] ] } },
{ "type": "Feature", "properties": { "hazard": "EXTREME", "area_m2": 164306.29682452028, "area_ha": 16.430629682452029 }, "geometry": { "type": "Polygon", "coordinates": [ [ [ 78.602440923606537, 30.81399687827172 ], [ 78.602440923606537, 30.810041704157733 ], [ 78.598527105889673, 30.810041704157733 ], [ 78.598527105889673, 30.81399687827172 ], [ 78.602440923606537, 30.81399687827172 ] ] ] } },
{ "type": "Feature", "properties": { "hazard": "EXTREME", "area_m2": 657133.06206887378, "area_ha": 65.713306206887381 }, "geometry": { "type": "Polygon", "coordinates": [ [ [ 78.551561293287421, 30.833772748841668 ], [ 78.551561293287421, 30.829817574727677 ], [ 78.535906022420008, 30.829817574727677 ], [ 78.535906022420008, 30.833772748841668 ], [ 78.551561293287421, 30.833772748841668 ] ] ] } },
{ "type": "Feature", "properties": { "hazard": "LOW", "area_m2": 360516272.86033285, "area_ha": 36051.627286033283 }, "geometry": { "type": "Polygon", "coordinates": [ [ [ 78.316732230276145, 30.995934887515237 ], [ 78.316732230276145, 30.999890061629227 ], [ 78.324559865709858, 30.999890061629227 ], [ 78.324559865709858, 30.995934887515237 ], [ 78.348042772010984, 30.995934887515237 ], [ 78.348042772010984, 30.960338320489331 ], [ 78.410663855480664, 30.960338320489331 ], [ 78.410663855480664, 30.928696927577416 ], [ 78.4067500377638, 30.928696927577416 ], [ 78.4067500377638, 30.924741753463426 ], [ 78.40283622004695, 30.924741753463426 ], [ 78.40283622004695, 30.928696927577416 ], [ 78.395008584613237, 30.928696927577416 ], [ 78.395008584613237, 30.924741753463426 ], [ 78.387180949179537, 30.924741753463426 ], [ 78.387180949179537, 30.928696927577416 ], [ 78.383267131462674, 30.928696927577416 ], [ 78.383267131462674, 30.924741753463426 ], [ 78.375439496028974, 30.924741753463426 ], [ 78.375439496028974, 30.928696927577416 ], [ 78.359784225161548, 30.928696927577416 ], [ 78.359784225161548, 30.924741753463426 ], [ 78.355870407444698, 30.924741753463426 ], [ 78.355870407444698, 30.904965882893478 ], [ 78.359784225161548, 30.904965882893478 ], [ 78.359784225161548, 30.897055534665501 ], [ 78.375439496028974, 30.897055534665501 ], [ 78.375439496028974, 30.901010708779488 ], [ 78.379353313745824, 30.901010708779488 ], [ 78.379353313745824, 30.904965882893478 ], [ 78.383267131462674, 30.904965882893478 ], [ 78.383267131462674, 30.897055534665501 ], [ 78.387180949179537, 30.897055534665501 ], [ 78.387180949179537, 30.904965882893478 ], [ 78.395008584613237, 30.904965882893478 ], [ 78.395008584613237, 30.897055534665501 ], [ 78.40283622004695, 30.897055534665501 ], [ 78.40283622004695, 30.901010708779488 ], [ 78.398922402330101, 30.901010708779488 ], [ 78.398922402330101, 30.904965882893478 ], [ 78.4067500377638, 30.904965882893478 ], [ 78.4067500377638, 30.897055534665501 ], [ 78.535906022420008, 30.897055534665501 ], [ 78.535906022420008, 30.833772748841668 ], [ 78.473284938950329, 30.833772748841668 ], [ 78.473284938950329, 30.81795205238571 ], [ 78.496767845251455, 30.81795205238571 ], [ 78.496767845251455, 30.8219072264997 ], [ 78.516336933835731, 30.8219072264997 ], [ 78.516336933835731, 30.81795205238571 ], [ 78.528078386986294, 30.81795205238571 ], [ 78.528078386986294, 30.81399687827172 ], [ 78.531992204703144, 30.81399687827172 ], [ 78.531992204703144, 30.810041704157733 ], [ 78.535906022420008, 30.810041704157733 ], [ 78.535906022420008, 30.790265833587785 ], [ 78.571130381871697, 30.790265833587785 ], [ 78.571130381871697, 30.786310659473795 ], [ 78.575044199588547, 30.786310659473795 ], [ 78.575044199588547, 30.782355485359805 ], [ 78.578958017305411, 30.782355485359805 ], [ 78.578958017305411, 30.774445137131828 ], [ 78.575044199588547, 30.774445137131828 ], [ 78.575044199588547, 30.770489963017837 ], [ 78.531992204703144, 30.770489963017837 ], [ 78.531992204703144, 30.774445137131828 ], [ 78.528078386986294, 30.774445137131828 ], [ 78.528078386986294, 30.782355485359805 ], [ 78.524164569269445, 30.782355485359805 ], [ 78.524164569269445, 30.790265833587785 ], [ 78.520250751552581, 30.790265833587785 ], [ 78.520250751552581, 30.798176181815762 ], [ 78.516336933835731, 30.798176181815762 ], [ 78.516336933835731, 30.802131355929752 ], [ 78.512423116118882, 30.802131355929752 ], [ 78.512423116118882, 30.806086530043743 ], [ 78.496767845251455, 30.806086530043743 ], [ 78.496767845251455, 30.802131355929752 ], [ 78.492854027534605, 30.802131355929752 ], [ 78.492854027534605, 30.798176181815762 ], [ 78.488940209817756, 30.798176181815762 ], [ 78.488940209817756, 30.794221007701772 ], [ 78.485026392100892, 30.794221007701772 ], [ 78.485026392100892, 30.790265833587785 ], [ 78.481112574384042, 30.790265833587785 ], [ 78.481112574384042, 30.778400311245814 ], [ 78.477198756667192, 30.778400311245814 ], [ 78.477198756667192, 30.770489963017837 ], [ 78.410663855480664, 30.770489963017837 ], [ 78.410663855480664, 30.833772748841668 ], [ 78.348042772010984, 30.833772748841668 ], [ 78.348042772010984, 30.841683097069648 ], [ 78.336301318860421, 30.841683097069648 ], [ 78.336301318860421, 30.837727922955658 ], [ 78.328473683426708, 30.837727922955658 ], [ 78.328473683426708, 30.841683097069648 ], [ 78.316732230276145, 30.841683097069648 ], [ 78.316732230276145, 30.837727922955658 ], [ 78.312818412559295, 30.837727922955658 ], [ 78.312818412559295, 30.833772748841668 ], [ 78.250197329089616, 30.833772748841668 ], [ 78.250197329089616, 30.841683097069648 ], [ 78.25411114680648, 30.841683097069648 ], [ 78.25411114680648, 30.849593445297625 ], [ 78.246283511372766, 30.849593445297625 ], [ 78.246283511372766, 30.841683097069648 ], [ 78.242369693655917, 30.841683097069648 ], [ 78.242369693655917, 30.833772748841668 ], [ 78.238455875939053, 30.833772748841668 ], [ 78.238455875939053, 30.841683097069648 ], [ 78.230628240505354, 30.841683097069648 ], [ 78.230628240505354, 30.849593445297625 ], [ 78.22280060507164, 30.849593445297625 ], [ 78.22280060507164, 30.853548619411615 ], [ 78.22671442278849, 30.853548619411615 ], [ 78.22671442278849, 30.857503793525606 ], [ 78.22280060507164, 30.857503793525606 ], [ 78.22280060507164, 30.897055534665501 ], [ 78.22671442278849, 30.897055534665501 ], [ 78.22671442278849, 30.901010708779488 ], [ 78.22280060507164, 30.901010708779488 ], [ 78.22280060507164, 30.924741753463426 ], [ 78.22671442278849, 30.924741753463426 ], [ 78.22671442278849, 30.920786579349436 ], [ 78.234542058222203, 30.920786579349436 ], [ 78.234542058222203, 30.912876231121459 ], [ 78.238455875939053, 30.912876231121459 ], [ 78.238455875939053, 30.901010708779488 ], [ 78.234542058222203, 30.901010708779488 ], [ 78.234542058222203, 30.897055534665501 ], [ 78.273680235390756, 30.897055534665501 ], [ 78.273680235390756, 30.912876231121459 ], [ 78.269766417673893, 30.912876231121459 ], [ 78.269766417673893, 30.924741753463426 ], [ 78.261938782240179, 30.924741753463426 ], [ 78.261938782240179, 30.928696927577416 ], [ 78.250197329089616, 30.928696927577416 ], [ 78.250197329089616, 30.936607275805393 ], [ 78.246283511372766, 30.936607275805393 ], [ 78.246283511372766, 30.952427972261354 ], [ 78.250197329089616, 30.952427972261354 ], [ 78.250197329089616, 30.960338320489331 ], [ 78.234542058222203, 30.960338320489331 ], [ 78.234542058222203, 30.964293494603321 ], [ 78.230628240505354, 30.964293494603321 ], [ 78.230628240505354, 30.968248668717312 ], [ 78.238455875939053, 30.968248668717312 ], [ 78.238455875939053, 30.972203842831298 ], [ 78.246283511372766, 30.972203842831298 ], [ 78.246283511372766, 30.964293494603321 ], [ 78.25411114680648, 30.964293494603321 ], [ 78.25411114680648, 30.960338320489331 ], [ 78.277594053107606, 30.960338320489331 ], [ 78.277594053107606, 30.956383146375341 ], [ 78.285421688541319, 30.956383146375341 ], [ 78.285421688541319, 30.960338320489331 ], [ 78.293249323975019, 30.960338320489331 ], [ 78.293249323975019, 30.984069365173269 ], [ 78.285421688541319, 30.984069365173269 ], [ 78.285421688541319, 30.991979713401246 ], [ 78.293249323975019, 30.991979713401246 ], [ 78.293249323975019, 30.995934887515237 ], [ 78.301076959408732, 30.995934887515237 ], [ 78.301076959408732, 30.991979713401246 ], [ 78.312818412559295, 30.991979713401246 ], [ 78.312818412559295, 30.995934887515237 ], [ 78.316732230276145, 30.995934887515237 ] ], [ [ 78.316732230276145, 30.991979713401246 ], [ 78.320646047993009, 30.991979713401246 ], [ 78.320646047993009, 30.995934887515237 ], [ 78.316732230276145, 30.995934887515237 ], [ 78.316732230276145, 30.991979713401246 ] ], [ [ 78.348042772010984, 30.960338320489331 ], [ 78.336301318860421, 30.960338320489331 ], [ 78.336301318860421, 30.956383146375341 ], [ 78.344128954294135, 30.956383146375341 ], [ 78.344128954294135, 30.952427972261354 ], [ 78.348042772010984, 30.952427972261354 ], [ 78.348042772010984, 30.960338320489331 ] ], [ [ 78.355870407444698, 30.924741753463426 ], [ 78.355870407444698, 30.928696927577416 ], [ 78.351956589727834, 30.928696927577416 ], [ 78.351956589727834, 30.924741753463426 ], [ 78.355870407444698, 30.924741753463426 ] ], [ [ 78.351956589727834, 30.924741753463426 ], [ 78.344128954294135, 30.924741753463426 ], [ 78.344128954294135, 30.904965882893478 ], [ 78.340215136577271, 30.904965882893478 ], [ 78.340215136577271, 30.901010708779488 ], [ 78.336301318860421, 30.901010708779488 ], [ 78.336301318860421, 30.897055534665501 ], [ 78.328473683426708, 30.897055534665501 ], [ 78.328473683426708, 30.889145186437521 ], [ 78.332387501143572, 30.889145186437521 ], [ 78.332387501143572, 30.88519001232353 ], [ 78.344128954294135, 30.88519001232353 ], [ 78.344128954294135, 30.881234838209544 ], [ 78.348042772010984, 30.881234838209544 ], [ 78.348042772010984, 30.916831405235449 ], [ 78.351956589727834, 30.916831405235449 ], [ 78.351956589727834, 30.924741753463426 ] ], [ [ 78.355870407444698, 30.904965882893478 ], [ 78.351956589727834, 30.904965882893478 ], [ 78.351956589727834, 30.897055534665501 ], [ 78.355870407444698, 30.897055534665501 ], [ 78.355870407444698, 30.904965882893478 ] ], [ [ 78.441974397215489, 30.837727922955658 ], [ 78.473284938950329, 30.837727922955658 ], [ 78.473284938950329, 30.845638271183638 ], [ 78.441974397215489, 30.845638271183638 ], [ 78.441974397215489, 30.837727922955658 ] ], [ [ 78.332387501143572, 30.904965882893478 ], [ 78.336301318860421, 30.904965882893478 ], [ 78.336301318860421, 30.908921057007468 ], [ 78.340215136577271, 30.908921057007468 ], [ 78.340215136577271, 30.912876231121459 ], [ 78.336301318860421, 30.912876231121459 ], [ 78.336301318860421, 30.916831405235449 ], [ 78.340215136577271, 30.916831405235449 ], [ 78.340215136577271, 30.920786579349436 ], [ 78.332387501143572, 30.920786579349436 ], [ 78.332387501143572, 30.904965882893478 ] ], [ [ 78.320646047993009, 30.904965882893478 ], [ 78.324559865709858, 30.904965882893478 ], [ 78.324559865709858, 30.908921057007468 ], [ 78.328473683426708, 30.908921057007468 ], [ 78.328473683426708, 30.912876231121459 ], [ 78.324559865709858, 30.912876231121459 ], [ 78.324559865709858, 30.916831405235449 ], [ 78.328473683426708, 30.916831405235449 ], [ 78.328473683426708, 30.920786579349436 ], [ 78.324559865709858, 30.920786579349436 ], [ 78.324559865709858, 30.924741753463426 ], [ 78.320646047993009, 30.924741753463426 ], [ 78.320646047993009, 30.904965882893478 ] ], [ [ 78.285421688541319, 30.916831405235449 ], [ 78.289335506258169, 30.916831405235449 ], [ 78.289335506258169, 30.924741753463426 ], [ 78.293249323975019, 30.924741753463426 ], [ 78.293249323975019, 30.920786579349436 ], [ 78.297163141691883, 30.920786579349436 ], [ 78.297163141691883, 30.924741753463426 ], [ 78.301076959408732, 30.924741753463426 ], [ 78.301076959408732, 30.920786579349436 ], [ 78.308904594842446, 30.920786579349436 ], [ 78.308904594842446, 30.928696927577416 ], [ 78.312818412559295, 30.928696927577416 ], [ 78.312818412559295, 30.932652101691406 ], [ 78.293249323975019, 30.932652101691406 ], [ 78.293249323975019, 30.936607275805393 ], [ 78.285421688541319, 30.936607275805393 ], [ 78.285421688541319, 30.916831405235449 ] ], [ [ 78.312818412559295, 30.928696927577416 ], [ 78.312818412559295, 30.912876231121459 ], [ 78.308904594842446, 30.912876231121459 ], [ 78.308904594842446, 30.908921057007468 ], [ 78.316732230276145, 30.908921057007468 ], [ 78.316732230276145, 30.928696927577416 ], [ 78.312818412559295, 30.928696927577416 ] ], [ [ 78.308904594842446, 30.908921057007468 ], [ 78.304990777125582, 30.908921057007468 ], [ 78.304990777125582, 30.912876231121459 ], [ 78.297163141691883, 30.912876231121459 ], [ 78.297163141691883, 30.916831405235449 ], [ 78.293249323975019, 30.916831405235449 ], [ 78.293249323975019, 30.908921057007468 ], [ 78.297163141691883, 30.908921057007468 ], [ 78.297163141691883, 30.904965882893478 ], [ 78.308904594842446, 30.904965882893478 ], [ 78.308904594842446, 30.908921057007468 ] ], [ [ 78.285421688541319, 30.841683097069648 ], [ 78.312818412559295, 30.841683097069648 ], [ 78.312818412559295, 30.857503793525606 ], [ 78.308904594842446, 30.857503793525606 ], [ 78.308904594842446, 30.865414141753583 ], [ 78.304990777125582, 30.865414141753583 ], [ 78.304990777125582, 30.869369315867573 ], [ 78.285421688541319, 30.869369315867573 ], [ 78.285421688541319, 30.841683097069648 ] ], [ [ 78.250197329089616, 30.861458967639596 ], [ 78.25411114680648, 30.861458967639596 ], [ 78.25411114680648, 30.865414141753583 ], [ 78.250197329089616, 30.865414141753583 ], [ 78.250197329089616, 30.861458967639596 ] ], [ [ 78.242369693655917, 30.853548619411615 ], [ 78.246283511372766, 30.853548619411615 ], [ 78.246283511372766, 30.857503793525606 ], [ 78.242369693655917, 30.857503793525606 ], [ 78.242369693655917, 30.853548619411615 ] ], [ [ 78.234542058222203, 30.845638271183638 ], [ 78.238455875939053, 30.845638271183638 ], [ 78.238455875939053, 30.849593445297625 ], [ 78.234542058222203, 30.849593445297625 ], [ 78.234542058222203, 30.845638271183638 ] ] ] } },
{ "type": "Feature", "properties": { "hazard": "LOW", "area_m2": 164184.18183677635, "area_ha": 16.418418183677634 }, "geometry": { "type": "Polygon", "coordinates": [ [ [ 78.398922402330101, 30.908921057007468 ], [ 78.398922402330101, 30.904965882893478 ], [ 78.395008584613237, 30.904965882893478 ], [ 78.395008584613237, 30.908921057007468 ], [ 78.398922402330101, 30.908921057007468 ] ] ] } },
{ "type": "Feature", "properties": { "hazard": "LOW", "area_m2": 164181.92488969833, "area_ha": 16.418192488969833 }, "geometry": { "type": "Polygon", "coordinates": [ [ [ 78.410663855480664, 30.908921057007468 ], [ 78.410663855480664, 30.904965882893478 ], [ 78.4067500377638, 30.904965882893478 ], [ 78.4067500377638, 30.908921057007468 ], [ 78.410663855480664, 30.908921057007468 ] ] ] } },
{ "type": "Feature", "properties": { "hazard": "LOW", "area_m2": 164186.44902200325, "area_ha": 16.418644902200324 }, "geometry": { "type": "Polygon", "coordinates": [ [ [ 78.387180949179537, 30.908921057007468 ], [ 78.387180949179537, 30.904965882893478 ], [ 78.383267131462674, 30.904965882893478 ], [ 78.383267131462674, 30.908921057007468 ], [ 78.387180949179537, 30.908921057007468 ] ] ] } },
{ "type": "Feature", "properties": { "hazard": "MODERATE", "area_m2": 164208.89303037105, "area_ha": 16.420889303037104 }, "geometry": { "type": "Polygon", "coordinates": [ [ [ 78.273680235390756, 30.908921057007468 ], [ 78.273680235390756, 30.904965882893478 ], [ 78.269766417673893, 30.904965882893478 ], [ 78.269766417673893, 30.908921057007468 ], [ 78.273680235390756, 30.908921057007468 ] ] ] } },
{ "type": "Feature", "properties": { "hazard": "LOW", "area_m2": 820919.12611132441, "area_ha": 82.091912611132443 }, "geometry": { "type": "Polygon", "coordinates": [ [ [ 78.367611860595261, 30.916831405235449 ], [ 78.367611860595261, 30.912876231121459 ], [ 78.363698042878411, 30.912876231121459 ], [ 78.363698042878411, 30.908921057007468 ], [ 78.367611860595261, 30.908921057007468 ], [ 78.367611860595261, 30.904965882893478 ], [ 78.359784225161548, 30.904965882893478 ], [ 78.359784225161548, 30.916831405235449 ], [ 78.367611860595261, 30.916831405235449 ] ] ] } },
{ "type": "Feature", "properties": { "hazard": "LOW", "area_m2": 1477583.6380705188, "area_ha": 147.75836380705189 }, "geometry": { "type": "Polygon", "coordinates": [ [ [ 78.375439496028974, 30.924741753463426 ], [ 78.375439496028974, 30.920786579349436 ], [ 78.379353313745824, 30.920786579349436 ], [ 78.379353313745824, 30.904965882893478 ], [ 78.371525678312111, 30.904965882893478 ], [ 78.371525678312111, 30.924741753463426 ], [ 78.375439496028974, 30.924741753463426 ] ] ] } },
{ "type": "Feature", "properties": { "hazard": "LOW", "area_m2": 656659.33173123037, "area_ha": 65.665933173123037 }, "geometry": { "type": "Polygon", "coordinates": [ [ [ 78.398922402330101, 30.924741753463426 ], [ 78.398922402330101, 30.916831405235449 ], [ 78.40283622004695, 30.916831405235449 ], [ 78.40283622004695, 30.912876231121459 ], [ 78.395008584613237, 30.912876231121459 ], [ 78.395008584613237, 30.924741753463426 ], [ 78.398922402330101, 30.924741753463426 ] ] ] } },
{ "type": "Feature", "properties": { "hazard": "LOW", "area_m2": 492499.28506818914, "area_ha": 49.249928506818911 }, "geometry": { "type": "Polygon", "coordinates": [ [ [ 78.387180949179537, 30.924741753463426 ], [ 78.387180949179537, 30.912876231121459 ], [ 78.383267131462674, 30.912876231121459 ], [ 78.383267131462674, 30.924741753463426 ], [ 78.387180949179537, 30.924741753463426 ] ] ] } },
{ "type": "Feature", "properties": { "hazard": "LOW", "area_m2": 492485.71771402971, "area_ha": 49.248571771402972 }, "geometry": { "type": "Polygon", "coordinates": [ [ [ 78.410663855480664, 30.924741753463426 ], [ 78.410663855480664, 30.912876231121459 ], [ 78.4067500377638, 30.912876231121459 ], [ 78.4067500377638, 30.924741753463426 ], [ 78.410663855480664, 30.924741753463426 ] ] ] } },
{ "type": "Feature", "properties": { "hazard": "LOW", "area_m2": 164164.31709862591, "area_ha": 16.416431709862589 }, "geometry": { "type": "Polygon", "coordinates": [ [ [ 78.363698042878411, 30.924741753463426 ], [ 78.363698042878411, 30.920786579349436 ], [ 78.359784225161548, 30.920786579349436 ], [ 78.359784225161548, 30.924741753463426 ], [ 78.363698042878411, 30.924741753463426 ] ] ] } },
{ "type": "Feature", "properties": { "hazard": "MODERATE", "area_m2": 3119540.0004393402, "area_ha": 311.954000043934 }, "geometry": { "type": "Polygon", "coordinates": [ [ [ 78.234542058222203, 30.936607275805393 ], [ 78.234542058222203, 30.932652101691406 ], [ 78.22671442278849, 30.932652101691406 ], [ 78.22671442278849, 30.928696927577416 ], [ 78.246283511372766, 30.928696927577416 ], [ 78.246283511372766, 30.924741753463426 ], [ 78.25411114680648, 30.924741753463426 ], [ 78.25411114680648, 30.920786579349436 ], [ 78.258024964523329, 30.920786579349436 ], [ 78.258024964523329, 30.916831405235449 ], [ 78.261938782240179, 30.916831405235449 ], [ 78.261938782240179, 30.912876231121459 ], [ 78.25411114680648, 30.912876231121459 ], [ 78.25411114680648, 30.916831405235449 ], [ 78.246283511372766, 30.916831405235449 ], [ 78.246283511372766, 30.920786579349436 ], [ 78.238455875939053, 30.920786579349436 ], [ 78.238455875939053, 30.924741753463426 ], [ 78.22280060507164, 30.924741753463426 ], [ 78.22280060507164, 30.936607275805393 ], [ 78.234542058222203, 30.936607275805393 ] ] ] } },
{ "type": "Feature", "properties": { "hazard": "SIGNIFICANT", "area_m2": 164165.02640408778, "area_ha": 16.41650264040878 }, "geometry": { "type": "Polygon", "coordinates": [ [ [ 78.22671442278849, 30.940562449919383 ], [ 78.22671442278849, 30.936607275805393 ], [ 78.22280060507164, 30.936607275805393 ], [ 78.22280060507164, 30.940562449919383 ], [ 78.22671442278849, 30.940562449919383 ] ] ] } },
{ "type": "Feature", "properties": { "hazard": "MODERATE", "area_m2": 164162.62164591436, "area_ha": 16.416262164591437 }, "geometry": { "type": "Polygon", "coordinates": [ [ [ 78.238455875939053, 30.940562449919383 ], [ 78.238455875939053, 30.936607275805393 ], [ 78.234542058222203, 30.936607275805393 ], [ 78.234542058222203, 30.940562449919383 ], [ 78.238455875939053, 30.940562449919383 ] ] ] } },
{ "type": "Feature", "properties": { "hazard": "EXTREME", "area_m2": 164086.47391339421, "area_ha": 16.408647391339422 }, "geometry": { "type": "Polygon", "coordinates": [ [ [ 78.602440923606537, 30.944517624033374 ], [ 78.602440923606537, 30.940562449919383 ], [ 78.598527105889673, 30.940562449919383 ], [ 78.598527105889673, 30.944517624033374 ], [ 78.602440923606537, 30.944517624033374 ] ] ] } },
{ "type": "Feature", "properties": { "hazard": "EXTREME", "area_m2": 164059.0775556154, "area_ha": 16.40590775556154 }, "geometry": { "type": "Polygon", "coordinates": [ [ [ 78.606354741323386, 30.960338320489331 ], [ 78.606354741323386, 30.956383146375341 ], [ 78.602440923606537, 30.956383146375341 ], [ 78.602440923606537, 30.960338320489331 ], [ 78.606354741323386, 30.960338320489331 ] ] ] } },
{ "type": "Feature", "properties": { "hazard": "EXTREME", "area_m2": 1476938.7167680888, "area_ha": 147.69387167680887 }, "geometry": { "type": "Polygon", "coordinates": [ [ [ 78.285421688541319, 30.976159016945289 ], [ 78.285421688541319, 30.964293494603321 ], [ 78.281507870824456, 30.964293494603321 ], [ 78.281507870824456, 30.960338320489331 ], [ 78.273680235390756, 30.960338320489331 ], [ 78.273680235390756, 30.968248668717312 ], [ 78.281507870824456, 30.968248668717312 ], [ 78.281507870824456, 30.972203842831298 ], [ 78.273680235390756, 30.972203842831298 ], [ 78.273680235390756, 30.976159016945289 ], [ 78.285421688541319, 30.976159016945289 ] ] ] } },
{ "type": "Feature", "properties": { "hazard": "LOW", "area_m2": 328072.78228721838, "area_ha": 32.807278228721835 }, "geometry": { "type": "Polygon", "coordinates": [ [ [ 78.336301318860421, 31.003845235743217 ], [ 78.336301318860421, 30.999890061629227 ], [ 78.328473683426708, 30.999890061629227 ], [ 78.328473683426708, 31.003845235743217 ], [ 78.336301318860421, 31.003845235743217 ] ] ] } },
{ "type": "Feature", "properties": { "hazard": "LOW", "area_m2": 164044.54369808681, "area_ha": 16.404454369808683 }, "geometry": { "type": "Polygon", "coordinates": [ [ [ 78.293249323975019, 31.003845235743217 ], [ 78.293249323975019, 30.999890061629227 ], [ 78.289335506258169, 30.999890061629227 ], [ 78.289335506258169, 31.003845235743217 ], [ 78.293249323975019, 31.003845235743217 ] ] ] } },
{ "type": "Feature", "properties": { "hazard": "LOW", "area_m2": 2128268.2265152619, "area_ha": 212.82682265152619 }, "geometry": { "type": "Polygon", "coordinates": [ [ [ 78.410663855480664, 31.197648767328701 ], [ 78.410663855480664, 31.173917722644763 ], [ 78.40283622004695, 31.173917722644763 ], [ 78.40283622004695, 31.177872896758753 ], [ 78.398922402330101, 31.177872896758753 ], [ 78.398922402330101, 31.18578324498673 ], [ 78.40283622004695, 31.18578324498673 ], [ 78.40283622004695, 31.193693593214711 ], [ 78.4067500377638, 31.193693593214711 ], [ 78.4067500377638, 31.197648767328701 ], [ 78.410663855480664, 31.197648767328701 ] ] ] } },
{ "type": "Feature", "properties": { "hazard": "LOW", "area_m2": 1964662.0268007696, "area_ha": 196.46620268007698 }, "geometry": { "type": "Polygon", "coordinates": [ [ [ 78.351956589727834, 31.197648767328701 ], [ 78.351956589727834, 31.193693593214711 ], [ 78.355870407444698, 31.193693593214711 ], [ 78.355870407444698, 31.181828070872744 ], [ 78.359784225161548, 31.181828070872744 ], [ 78.359784225161548, 31.177872896758753 ], [ 78.355870407444698, 31.177872896758753 ], [ 78.355870407444698, 31.173917722644763 ], [ 78.348042772010984, 31.173917722644763 ], [ 78.348042772010984, 31.197648767328701 ], [ 78.351956589727834, 31.197648767328701 ] ] ] } },
{ "type": "Feature", "properties": { "hazard": "EXTREME", "area_m2": 1473132.6507906169, "area_ha": 147.31326507906169 }, "geometry": { "type": "Polygon", "coordinates": [ [ [ 78.379353313745824, 31.213469463784659 ], [ 78.379353313745824, 31.209514289670668 ], [ 78.383267131462674, 31.209514289670668 ], [ 78.383267131462674, 31.205559115556678 ], [ 78.375439496028974, 31.205559115556678 ], [ 78.375439496028974, 31.201603941442688 ], [ 78.383267131462674, 31.201603941442688 ], [ 78.383267131462674, 31.197648767328701 ], [ 78.371525678312111, 31.197648767328701 ], [ 78.371525678312111, 31.213469463784659 ], [ 78.379353313745824, 31.213469463784659 ] ] ] } },
{ "type": "Feature", "properties": { "hazard": "EXTREME", "area_m2": 163668.87788963533, "area_ha": 16.366887788963535 }, "geometry": { "type": "Polygon", "coordinates": [ [ [ 78.395008584613237, 31.213469463784659 ], [ 78.395008584613237, 31.209514289670668 ], [ 78.391094766896387, 31.209514289670668 ], [ 78.391094766896387, 31.213469463784659 ], [ 78.395008584613237, 31.213469463784659 ] ] ] } },
{ "type": "Feature", "properties": { "hazard": "LOW", "area_m2": 1477743.8788434975, "area_ha": 147.77438788434975 }, "geometry": { "type": "Polygon", "coordinates": [ [ [ 78.97425360670772, 30.853548619411615 ], [ 78.97425360670772, 30.833772748841668 ], [ 78.966425971274006, 30.833772748841668 ], [ 78.966425971274006, 30.849593445297625 ], [ 78.970339788990856, 30.849593445297625 ], [ 78.970339788990856, 30.853548619411615 ], [ 78.97425360670772, 30.853548619411615 ] ] ] } },
{ "type": "Feature", "properties": { "hazard": "EXTREME", "area_m2": 328406.30334882846, "area_ha": 32.840630334882846 }, "geometry": { "type": "Polygon", "coordinates": [ [ [ 78.903804887804327, 30.845638271183638 ], [ 78.903804887804327, 30.841683097069648 ], [ 78.895977252370628, 30.841683097069648 ], [ 78.895977252370628, 30.845638271183638 ], [ 78.903804887804327, 30.845638271183638 ] ] ] } },
{ "type": "Feature", "properties": { "hazard": "EXTREME", "area_m2": 328384.53053202748, "area_ha": 32.838453053202748 }, "geometry": { "type": "Polygon", "coordinates": [ [ [ 78.907718705521191, 30.853548619411615 ], [ 78.907718705521191, 30.845638271183638 ], [ 78.903804887804327, 30.845638271183638 ], [ 78.903804887804327, 30.853548619411615 ], [ 78.907718705521191, 30.853548619411615 ] ] ] } },
{ "type": "Feature", "properties": { "hazard": "EXTREME", "area_m2": 164057.00473827476, "area_ha": 16.405700473827476 }, "geometry": { "type": "Polygon", "coordinates": [ [ [ 78.618096194473949, 30.960338320489331 ], [ 78.618096194473949, 30.956383146375341 ], [ 78.6141823767571, 30.956383146375341 ], [ 78.6141823767571, 30.960338320489331 ], [ 78.618096194473949, 30.960338320489331 ] ] ] } },
{ "type": "Feature", "properties": { "hazard": "LOW", "area_m2": 328099.66096375237, "area_ha": 32.809966096375234 }, "geometry": { "type": "Polygon", "coordinates": [ [ [ 78.661148189359352, 30.960338320489331 ], [ 78.661148189359352, 30.956383146375341 ], [ 78.653320553925639, 30.956383146375341 ], [ 78.653320553925639, 30.960338320489331 ], [ 78.661148189359352, 30.960338320489331 ] ] ] } },
{ "type": "Feature", "properties": { "hazard": "LOW", "area_m2": 983875.62544808863, "area_ha": 98.387562544808858 }, "geometry": { "type": "Polygon", "coordinates": [ [ [ 79.850948775283129, 30.920786579349436 ], [ 79.850948775283129, 30.897055534665501 ], [ 79.847034957566279, 30.897055534665501 ], [ 79.847034957566279, 30.920786579349436 ], [ 79.850948775283129, 30.920786579349436 ] ] ] } },
{ "type": "Feature", "properties": { "hazard": "EXTREME", "area_m2": 163972.34432991917, "area_ha": 16.397234432991919 }, "geometry": { "type": "Polygon", "coordinates": [ [ [ 79.81572441583144, 30.916831405235449 ], [ 79.81572441583144, 30.912876231121459 ], [ 79.81181059811459, 30.912876231121459 ], [ 79.81181059811459, 30.916831405235449 ], [ 79.81572441583144, 30.916831405235449 ] ] ] } },
{ "type": "Feature", "properties": { "hazard": "EXTREME", "area_m2": 163971.32019324007, "area_ha": 16.397132019324008 }, "geometry": { "type": "Polygon", "coordinates": [ [ [ 79.827465868982003, 30.916831405235449 ], [ 79.827465868982003, 30.912876231121459 ], [ 79.823552051265153, 30.912876231121459 ], [ 79.823552051265153, 30.916831405235449 ], [ 79.827465868982003, 30.916831405235449 ] ] ] } },
{ "type": "Feature", "properties": { "hazard": "LOW", "area_m2": 327942.19649717736, "area_ha": 32.794219649717732 }, "geometry": { "type": "Polygon", "coordinates": [ [ [ 79.792241509530314, 30.920786579349436 ], [ 79.792241509530314, 30.912876231121459 ], [ 79.788327691813464, 30.912876231121459 ], [ 79.788327691813464, 30.920786579349436 ], [ 79.792241509530314, 30.920786579349436 ] ] ] } },
{ "type": "Feature", "properties": { "hazard": "EXTREME", "area_m2": 163965.01129258011, "area_ha": 16.396501129258009 }, "geometry": { "type": "Polygon", "coordinates": [ [ [ 79.823552051265153, 30.920786579349436 ], [ 79.823552051265153, 30.916831405235449 ], [ 79.819638233548304, 30.916831405235449 ], [ 79.819638233548304, 30.920786579349436 ], [ 79.823552051265153, 30.920786579349436 ] ] ] } }
]
}
