{
"type": "FeatureCollection",
"name": "uttarakhand_flash_flood_hazard",
"crs": { "type": "name", "properties": { "name": "urn:ogc:def:crs:OGC:1.3:CRS84" } },
"features": [
{ "type": "Feature", "properties": { "hazard": "LOW", "area_m2": 489187.52640706697, "area_ha": 48.9187526407067 }, "geometry": { "type": "Polygon", "coordinates": [ [ [ 80.152312739480934, 31.438914388282058 ], [ 80.164054192631497, 31.438914388282058 ], [ 80.164054192631497, 31.434959214168067 ], [ 80.152312739480934, 31.434959214168067 ], [ 80.152312739480934, 31.438914388282058 ] ] ] } },
{ "type": "Feature", "properties": { "hazard": "LOW", "area_m2": 163075.76517050047, "area_ha": 16.307576517050048 }, "geometry": { "type": "Polygon", "coordinates": [ [ [ 80.160140374914647, 31.431004040054077 ], [ 80.164054192631497, 31.431004040054077 ], [ 80.164054192631497, 31.42704886594009 ], [ 80.160140374914647, 31.42704886594009 ], [ 80.160140374914647, 31.431004040054077 ] ] ] } },
{ "type": "Feature", "properties": { "hazard": "LOW", "area_m2": 978656.86202905467, "area_ha": 97.865686202905465 }, "geometry": { "type": "Polygon", "coordinates": [ [ [ 80.066208749710142, 31.41913851771211 ], [ 80.070122567426992, 31.41913851771211 ], [ 80.070122567426992, 31.41518334359812 ], [ 80.074036385143842, 31.41518334359812 ], [ 80.074036385143842, 31.407272995370143 ], [ 80.066208749710142, 31.407272995370143 ], [ 80.066208749710142, 31.411228169484133 ], [ 80.062294931993279, 31.411228169484133 ], [ 80.062294931993279, 31.41518334359812 ], [ 80.066208749710142, 31.41518334359812 ], [ 80.066208749710142, 31.41913851771211 ] ] ] } },
{ "type": "Feature", "properties": { "hazard": "LOW", "area_m2": 2446690.30045815, "area_ha": 244.66903004581499 }, "geometry": { "type": "Polygon", "coordinates": [ [ [ 80.101433109161832, 31.41518334359812 ], [ 80.121002197746094, 31.41518334359812 ], [ 80.121002197746094, 31.403317821256152 ], [ 80.101433109161832, 31.403317821256152 ], [ 80.101433109161832, 31.41518334359812 ] ] ] } },
{ "type": "Feature", "properties": { "hazard": "LOW", "area_m2": 163107.30588032276, "area_ha": 16.310730588032275 }, "geometry": { "type": "Polygon", "coordinates": [ [ [ 80.477159609979864, 31.403317821256152 ], [ 80.481073427696714, 31.403317821256152 ], [ 80.481073427696714, 31.399362647142162 ], [ 80.477159609979864, 31.399362647142162 ], [ 80.477159609979864, 31.403317821256152 ] ] ] } },
{ "type": "Feature", "properties": { "hazard": "LOW", "area_m2": 1632046.5518418436, "area_ha": 163.20465518418436 }, "geometry": { "type": "Polygon", "coordinates": [ [ [ 80.477159609979864, 31.347945383660299 ], [ 80.496728698564141, 31.347945383660299 ], [ 80.496728698564141, 31.340035035432322 ], [ 80.477159609979864, 31.340035035432322 ], [ 80.477159609979864, 31.347945383660299 ] ] ] } },
{ "type": "Feature", "properties": { "hazard": "LOW", "area_m2": 1307221.4185453828, "area_ha": 130.72214185453828 }, "geometry": { "type": "Polygon", "coordinates": [ [ [ 78.704200184244755, 31.340035035432322 ], [ 78.723769272829017, 31.340035035432322 ], [ 78.723769272829017, 31.332124687204342 ], [ 78.712027819678454, 31.332124687204342 ], [ 78.712027819678454, 31.336079861318332 ], [ 78.704200184244755, 31.336079861318332 ], [ 78.704200184244755, 31.340035035432322 ] ] ] } },
{ "type": "Feature", "properties": { "hazard": "LOW", "area_m2": 4245011.2917611497, "area_ha": 424.50112917611494 }, "geometry": { "type": "Polygon", "coordinates": [ [ [ 80.539780693449529, 31.320259164862374 ], [ 80.547608328883243, 31.320259164862374 ], [ 80.547608328883243, 31.316303990748384 ], [ 80.551522146600107, 31.316303990748384 ], [ 80.551522146600107, 31.312348816634394 ], [ 80.555435964316956, 31.312348816634394 ], [ 80.555435964316956, 31.296528120178436 ], [ 80.551522146600107, 31.296528120178436 ], [ 80.551522146600107, 31.292572946064446 ], [ 80.547608328883243, 31.292572946064446 ], [ 80.547608328883243, 31.288617771950459 ], [ 80.539780693449529, 31.288617771950459 ], [ 80.539780693449529, 31.320259164862374 ] ] ] } },
{ "type": "Feature", "properties": { "hazard": "LOW", "area_m2": 653226.39174291189, "area_ha": 65.322639174291183 }, "geometry": { "type": "Polygon", "coordinates": [ [ [ 80.665022860388888, 31.284662597836469 ], [ 80.672850495822587, 31.284662597836469 ], [ 80.672850495822587, 31.276752249608489 ], [ 80.665022860388888, 31.276752249608489 ], [ 80.665022860388888, 31.284662597836469 ] ] ] } },
{ "type": "Feature", "properties": { "hazard": "LOW", "area_m2": 653986.27646745951, "area_ha": 65.39862764674595 }, "geometry": { "type": "Polygon", "coordinates": [ [ [ 78.708114001961604, 31.280707423722479 ], [ 78.723769272829017, 31.280707423722479 ], [ 78.723769272829017, 31.276752249608489 ], [ 78.708114001961604, 31.276752249608489 ], [ 78.708114001961604, 31.280707423722479 ] ] ] } },
{ "type": "Feature", "properties": { "hazard": "LOW", "area_m2": 326693.37215324608, "area_ha": 32.66933721532461 }, "geometry": { "type": "Polygon", "coordinates": [ [ [ 80.030984390258439, 31.276752249608489 ], [ 80.038812025692152, 31.276752249608489 ], [ 80.038812025692152, 31.272797075494498 ], [ 80.030984390258439, 31.272797075494498 ], [ 80.030984390258439, 31.276752249608489 ] ] ] } },
{ "type": "Feature", "properties": { "hazard": "LOW", "area_m2": 653561.1044909748, "area_ha": 65.356110449097486 }, "geometry": { "type": "Polygon", "coordinates": [ [ [ 79.592636805970727, 31.276752249608489 ], [ 79.600464441404441, 31.276752249608489 ], [ 79.600464441404441, 31.264886727266521 ], [ 79.596550623687591, 31.264886727266521 ], [ 79.596550623687591, 31.272797075494498 ], [ 79.592636805970727, 31.272797075494498 ], [ 79.592636805970727, 31.276752249608489 ] ] ] } },
{ "type": "Feature", "properties": { "hazard": "LOW", "area_m2": 980401.68291258521, "area_ha": 98.040168291258524 }, "geometry": { "type": "Polygon", "coordinates": [ [ [ 79.537843357934776, 31.276752249608489 ], [ 79.541757175651625, 31.276752249608489 ], [ 79.541757175651625, 31.272797075494498 ], [ 79.545670993368475, 31.272797075494498 ], [ 79.545670993368475, 31.264886727266521 ], [ 79.541757175651625, 31.264886727266521 ], [ 79.541757175651625, 31.260931553152531 ], [ 79.537843357934776, 31.260931553152531 ], [ 79.537843357934776, 31.276752249608489 ] ] ] } },
{ "type": "Feature", "properties": { "hazard": "LOW", "area_m2": 653790.56878852344, "area_ha": 65.379056878852339 }, "geometry": { "type": "Polygon", "coordinates": [ [ [ 80.02315675482474, 31.217424637898649 ], [ 80.038812025692152, 31.217424637898649 ], [ 80.038812025692152, 31.213469463784659 ], [ 80.02315675482474, 31.213469463784659 ], [ 80.02315675482474, 31.217424637898649 ] ] ] } },
{ "type": "Feature", "properties": { "hazard": "LOW", "area_m2": 1964662.0268007696, "area_ha": 196.46620268007698 }, "geometry": { "type": "Polygon", "coordinates": [ [ [ 78.348042772010984, 31.197648767328701 ], [ 78.351956589727834, 31.197648767328701 ], [ 78.351956589727834, 31.193693593214711 ], [ 78.355870407444698, 31.193693593214711 ], [ 78.355870407444698, 31.181828070872744 ], [ 78.359784225161548, 31.181828070872744 ], [ 78.359784225161548, 31.177872896758753 ], [ 78.355870407444698, 31.177872896758753 ], [ 78.355870407444698, 31.173917722644763 ], [ 78.348042772010984, 31.173917722644763 ], [ 78.348042772010984, 31.197648767328701 ] ] ] } },
{ "type": "Feature", "properties": { "hazard": "LOW", "area_m2": 2128268.2265152619, "area_ha": 212.82682265152619 }, "geometry": { "type": "Polygon", "coordinates": [ [ [ 78.4067500377638, 31.197648767328701 ], [ 78.410663855480664, 31.197648767328701 ], [ 78.410663855480664, 31.173917722644763 ], [ 78.40283622004695, 31.173917722644763 ], [ 78.40283622004695, 31.177872896758753 ], [ 78.398922402330101, 31.177872896758753 ], [ 78.398922402330101, 31.18578324498673 ], [ 78.40283622004695, 31.18578324498673 ], [ 78.40283622004695, 31.193693593214711 ], [ 78.4067500377638, 31.193693593214711 ], [ 78.4067500377638, 31.197648767328701 ] ] ] } },
{ "type": "Feature", "properties": { "hazard": "LOW", "area_m2": 654057.75614026515, "area_ha": 65.40577561402651 }, "geometry": { "type": "Polygon", "coordinates": [ [ [ 80.665022860388888, 31.166007374416782 ], [ 80.668936678105737, 31.166007374416782 ], [ 80.668936678105737, 31.150186677960825 ], [ 80.665022860388888, 31.150186677960825 ], [ 80.665022860388888, 31.166007374416782 ] ] ] } },
{ "type": "Feature", "properties": { "hazard": "LOW", "area_m2": 982017.80568969366, "area_ha": 98.201780568969369 }, "geometry": { "type": "Polygon", "coordinates": [ [ [ 80.085777838294405, 31.086903892136995 ], [ 80.101433109161832, 31.086903892136995 ], [ 80.101433109161832, 31.078993543909014 ], [ 80.093605473728118, 31.078993543909014 ], [ 80.093605473728118, 31.082948718023005 ], [ 80.085777838294405, 31.082948718023005 ], [ 80.085777838294405, 31.086903892136995 ] ] ] } },
{ "type": "Feature", "properties": { "hazard": "LOW", "area_m2": 1146315.1244056327, "area_ha": 114.63151244056327 }, "geometry": { "type": "Polygon", "coordinates": [ [ [ 80.089691656011269, 31.031531454541142 ], [ 80.101433109161832, 31.031531454541142 ], [ 80.101433109161832, 31.023621106313165 ], [ 80.085777838294405, 31.023621106313165 ], [ 80.085777838294405, 31.027576280427152 ], [ 80.089691656011269, 31.027576280427152 ], [ 80.089691656011269, 31.031531454541142 ] ] ] } },
{ "type": "Feature", "properties": { "hazard": "LOW", "area_m2": 164044.54369808681, "area_ha": 16.404454369808683 }, "geometry": { "type": "Polygon", "coordinates": [ [ [ 78.289335506258169, 31.003845235743217 ], [ 78.293249323975019, 31.003845235743217 ], [ 78.293249323975019, 30.999890061629227 ], [ 78.289335506258169, 30.999890061629227 ], [ 78.289335506258169, 31.003845235743217 ] ] ] } },
{ "type": "Feature", "properties": { "hazard": "LOW", "area_m2": 328072.78228721838, "area_ha": 32.807278228721835 }, "geometry": { "type": "Polygon", "coordinates": [ [ [ 78.328473683426708, 31.003845235743217 ], [ 78.336301318860421, 31.003845235743217 ], [ 78.336301318860421, 30.999890061629227 ], [ 78.328473683426708, 30.999890061629227 ], [ 78.328473683426708, 31.003845235743217 ] ] ] } },
{ "type": "Feature", "properties": { "hazard": "LOW", "area_m2": 5241849.6298708674, "area_ha": 524.18496298708669 }, "geometry": { "type": "Polygon", "coordinates": [ [ [ 80.899851923400149, 30.976159016945289 ], [ 80.915507194267576, 30.976159016945289 ], [ 80.915507194267576, 30.968248668717312 ], [ 80.927248647418139, 30.968248668717312 ], [ 80.927248647418139, 30.964293494603321 ], [ 80.931162465134989, 30.964293494603321 ], [ 80.931162465134989, 30.968248668717312 ], [ 80.938990100568702, 30.968248668717312 ], [ 80.938990100568702, 30.964293494603321 ], [ 80.946817736002416, 30.964293494603321 ], [ 80.946817736002416, 30.960338320489331 ], [ 80.8959381056833, 30.960338320489331 ], [ 80.8959381056833, 30.964293494603321 ], [ 80.89202428796645, 30.964293494603321 ], [ 80.89202428796645, 30.968248668717312 ], [ 80.899851923400149, 30.968248668717312 ], [ 80.899851923400149, 30.976159016945289 ] ] ] } },
{ "type": "Feature", "properties": { "hazard": "LOW", "area_m2": 328099.66096375231, "area_ha": 32.809966096375234 }, "geometry": { "type": "Polygon", "coordinates": [ [ [ 78.653320553925639, 30.960338320489331 ], [ 78.661148189359352, 30.960338320489331 ], [ 78.661148189359352, 30.956383146375341 ], [ 78.653320553925639, 30.956383146375341 ], [ 78.653320553925639, 30.960338320489331 ] ] ] } },
{ "type": "Feature", "properties": { "hazard": "LOW", "area_m2": 4260409.4529454634, "area_ha": 426.04094529454636 }, "geometry": { "type": "Polygon", "coordinates": [ [ [ 81.079887538375459, 30.960338320489331 ], [ 81.103370444676585, 30.960338320489331 ], [ 81.103370444676585, 30.940562449919383 ], [ 81.091628991526022, 30.940562449919383 ], [ 81.091628991526022, 30.944517624033374 ], [ 81.083801356092323, 30.944517624033374 ], [ 81.083801356092323, 30.948472798147364 ], [ 81.079887538375459, 30.948472798147364 ], [ 81.079887538375459, 30.960338320489331 ] ] ] } },
{ "type": "Feature", "properties": { "hazard": "LOW", "area_m2": 164164.31709862591, "area_ha": 16.416431709862589 }, "geometry": { "type": "Polygon", "coordinates": [ [ [ 78.359784225161548, 30.924741753463426 ], [ 78.363698042878411, 30.924741753463426 ], [ 78.363698042878411, 30.920786579349436 ], [ 78.359784225161548, 30.920786579349436 ], [ 78.359784225161548, 30.924741753463426 ] ] ] } },
{ "type": "Feature", "properties": { "hazard": "LOW", "area_m2": 492499.28506818914, "area_ha": 49.249928506818911 }, "geometry": { "type": "Polygon", "coordinates": [ [ [ 78.383267131462674, 30.924741753463426 ], [ 78.387180949179537, 30.924741753463426 ], [ 78.387180949179537, 30.912876231121459 ], [ 78.383267131462674, 30.912876231121459 ], [ 78.383267131462674, 30.924741753463426 ] ] ] } },
{ "type": "Feature", "properties": { "hazard": "LOW", "area_m2": 656659.33173123025, "area_ha": 65.665933173123022 }, "geometry": { "type": "Polygon", "coordinates": [ [ [ 78.395008584613237, 30.924741753463426 ], [ 78.398922402330101, 30.924741753463426 ], [ 78.398922402330101, 30.916831405235449 ], [ 78.40283622004695, 30.916831405235449 ], [ 78.40283622004695, 30.912876231121459 ], [ 78.395008584613237, 30.912876231121459 ], [ 78.395008584613237, 30.924741753463426 ] ] ] } },
{ "type": "Feature", "properties": { "hazard": "LOW", "area_m2": 492485.71771402971, "area_ha": 49.248571771402972 }, "geometry": { "type": "Polygon", "coordinates": [ [ [ 78.4067500377638, 30.924741753463426 ], [ 78.410663855480664, 30.924741753463426 ], [ 78.410663855480664, 30.912876231121459 ], [ 78.4067500377638, 30.912876231121459 ], [ 78.4067500377638, 30.924741753463426 ] ] ] } },
{ "type": "Feature", "properties": { "hazard": "LOW", "area_m2": 327942.1964971773, "area_ha": 32.794219649717732 }, "geometry": { "type": "Polygon", "coordinates": [ [ [ 79.788327691813464, 30.920786579349436 ], [ 79.792241509530314, 30.920786579349436 ], [ 79.792241509530314, 30.912876231121459 ], [ 79.788327691813464, 30.912876231121459 ], [ 79.788327691813464, 30.920786579349436 ] ] ] } },
{ "type": "Feature", "properties": { "hazard": "LOW", "area_m2": 1477583.6380705186, "area_ha": 147.75836380705186 }, "geometry": { "type": "Polygon", "coordinates": [ [ [ 78.371525678312111, 30.924741753463426 ], [ 78.375439496028974, 30.924741753463426 ], [ 78.375439496028974, 30.920786579349436 ], [ 78.379353313745824, 30.920786579349436 ], [ 78.379353313745824, 30.904965882893478 ], [ 78.371525678312111, 30.904965882893478 ], [ 78.371525678312111, 30.924741753463426 ] ] ] } },
{ "type": "Feature", "properties": { "hazard": "LOW", "area_m2": 820919.12611132429, "area_ha": 82.091912611132429 }, "geometry": { "type": "Polygon", "coordinates": [ [ [ 78.359784225161548, 30.916831405235449 ], [ 78.367611860595261, 30.916831405235449 ], [ 78.367611860595261, 30.912876231121459 ], [ 78.363698042878411, 30.912876231121459 ], [ 78.363698042878411, 30.908921057007468 ], [ 78.367611860595261, 30.908921057007468 ], [ 78.367611860595261, 30.904965882893478 ], [ 78.359784225161548, 30.904965882893478 ], [ 78.359784225161548, 30.916831405235449 ] ] ] } },
{ "type": "Feature", "properties": { "hazard": "LOW", "area_m2": 164186.44902200325, "area_ha": 16.418644902200324 }, "geometry": { "type": "Polygon", "coordinates": [ [ [ 78.383267131462674, 30.908921057007468 ], [ 78.387180949179537, 30.908921057007468 ], [ 78.387180949179537, 30.904965882893478 ], [ 78.383267131462674, 30.904965882893478 ], [ 78.383267131462674, 30.908921057007468 ] ] ] } },
{ "type": "Feature", "properties": { "hazard": "LOW", "area_m2": 164184.18183677635, "area_ha": 16.418418183677634 }, "geometry": { "type": "Polygon", "coordinates": [ [ [ 78.395008584613237, 30.908921057007468 ], [ 78.398922402330101, 30.908921057007468 ], [ 78.398922402330101, 30.904965882893478 ], [ 78.395008584613237, 30.904965882893478 ], [ 78.395008584613237, 30.908921057007468 ] ] ] } },
{ "type": "Feature", "properties": { "hazard": "LOW", "area_m2": 164181.92488969836, "area_ha": 16.418192488969837 }, "geometry": { "type": "Polygon", "coordinates": [ [ [ 78.4067500377638, 30.908921057007468 ], [ 78.410663855480664, 30.908921057007468 ], [ 78.410663855480664, 30.904965882893478 ], [ 78.4067500377638, 30.904965882893478 ], [ 78.4067500377638, 30.908921057007468 ] ] ] } },
{ "type": "Feature", "properties": { "hazard": "LOW", "area_m2": 327881.30249143112, "area_ha": 32.788130249143116 }, "geometry": { "type": "Polygon", "coordinates": [ [ [ 81.095542809242886, 30.904965882893478 ], [ 81.103370444676585, 30.904965882893478 ], [ 81.103370444676585, 30.901010708779488 ], [ 81.095542809242886, 30.901010708779488 ], [ 81.095542809242886, 30.904965882893478 ] ] ] } },
{ "type": "Feature", "properties": { "hazard": "LOW", "area_m2": 983875.62544808863, "area_ha": 98.387562544808858 }, "geometry": { "type": "Polygon", "coordinates": [ [ [ 79.847034957566279, 30.920786579349436 ], [ 79.850948775283129, 30.920786579349436 ], [ 79.850948775283129, 30.897055534665501 ], [ 79.847034957566279, 30.897055534665501 ], [ 79.847034957566279, 30.920786579349436 ] ] ] } },
{ "type": "Feature", "properties": { "hazard": "LOW", "area_m2": 491983.09853299445, "area_ha": 49.198309853299442 }, "geometry": { "type": "Polygon", "coordinates": [ [ [ 79.788327691813464, 30.908921057007468 ], [ 79.792241509530314, 30.908921057007468 ], [ 79.792241509530314, 30.897055534665501 ], [ 79.788327691813464, 30.897055534665501 ], [ 79.788327691813464, 30.908921057007468 ] ] ] } },
{ "type": "Feature", "properties": { "hazard": "LOW", "area_m2": 4262248.4664165266, "area_ha": 426.22484664165268 }, "geometry": { "type": "Polygon", "coordinates": [ [ [ 81.029007908056357, 30.916831405235449 ], [ 81.04074936120692, 30.916831405235449 ], [ 81.04074936120692, 30.897055534665501 ], [ 81.017266454905794, 30.897055534665501 ], [ 81.017266454905794, 30.908921057007468 ], [ 81.021180272622644, 30.908921057007468 ], [ 81.021180272622644, 30.912876231121459 ], [ 81.029007908056357, 30.912876231121459 ], [ 81.029007908056357, 30.916831405235449 ] ] ] } },
{ "type": "Feature", "properties": { "hazard": "LOW", "area_m2": 1147601.5966180186, "area_ha": 114.76015966180186 }, "geometry": { "type": "Polygon", "coordinates": [ [ [ 81.165991528146264, 30.904965882893478 ], [ 81.177732981296828, 30.904965882893478 ], [ 81.177732981296828, 30.901010708779488 ], [ 81.181646799013677, 30.901010708779488 ], [ 81.181646799013677, 30.897055534665501 ], [ 81.165991528146264, 30.897055534665501 ], [ 81.165991528146264, 30.904965882893478 ] ] ] } },
{ "type": "Feature", "properties": { "hazard": "LOW", "area_m2": 1477743.8788434977, "area_ha": 147.77438788434978 }, "geometry": { "type": "Polygon", "coordinates": [ [ [ 78.970339788990856, 30.853548619411615 ], [ 78.97425360670772, 30.853548619411615 ], [ 78.97425360670772, 30.833772748841668 ], [ 78.966425971274006, 30.833772748841668 ], [ 78.966425971274006, 30.849593445297625 ], [ 78.970339788990856, 30.849593445297625 ], [ 78.970339788990856, 30.853548619411615 ] ] ] } },
{ "type": "Feature", "properties": { "hazard": "LOW", "area_m2": 821040.72615175066, "area_ha": 82.10407261517507 }, "geometry": { "type": "Polygon", "coordinates": [ [ [ 78.91163252323804, 30.845638271183638 ], [ 78.91554634095489, 30.845638271183638 ], [ 78.91554634095489, 30.841683097069648 ], [ 78.919460158671754, 30.841683097069648 ], [ 78.919460158671754, 30.833772748841668 ], [ 78.91163252323804, 30.833772748841668 ], [ 78.91163252323804, 30.845638271183638 ] ] ] } },
{ "type": "Feature", "properties": { "hazard": "LOW", "area_m2": 3614201.6909424914, "area_ha": 361.42016909424916 }, "geometry": { "type": "Polygon", "coordinates": [ [ [ 78.610268559040236, 30.833772748841668 ], [ 78.637665283058226, 30.833772748841668 ], [ 78.637665283058226, 30.829817574727677 ], [ 78.641579100775076, 30.829817574727677 ], [ 78.641579100775076, 30.825862400613691 ], [ 78.637665283058226, 30.825862400613691 ], [ 78.637665283058226, 30.81795205238571 ], [ 78.625923829907663, 30.81795205238571 ], [ 78.625923829907663, 30.8219072264997 ], [ 78.618096194473949, 30.8219072264997 ], [ 78.618096194473949, 30.825862400613691 ], [ 78.6141823767571, 30.825862400613691 ], [ 78.6141823767571, 30.829817574727677 ], [ 78.610268559040236, 30.829817574727677 ], [ 78.610268559040236, 30.833772748841668 ] ] ] } },
{ "type": "Feature", "properties": { "hazard": "LOW", "area_m2": 164315.90847140196, "area_ha": 16.431590847140196 }, "geometry": { "type": "Polygon", "coordinates": [ [ [ 78.657234371642502, 30.802131355929752 ], [ 78.661148189359352, 30.802131355929752 ], [ 78.661148189359352, 30.798176181815762 ], [ 78.657234371642502, 30.798176181815762 ], [ 78.657234371642502, 30.802131355929752 ] ] ] } },
{ "type": "Feature", "properties": { "hazard": "LOW", "area_m2": 492608.84903122333, "area_ha": 49.260884903122331 }, "geometry": { "type": "Polygon", "coordinates": [ [ [ 79.616119712271868, 30.790265833587785 ], [ 79.627861165422431, 30.790265833587785 ], [ 79.627861165422431, 30.786310659473795 ], [ 79.616119712271868, 30.786310659473795 ], [ 79.616119712271868, 30.790265833587785 ] ] ] } },
{ "type": "Feature", "properties": { "hazard": "LOW", "area_m2": 8544167.4546438493, "area_ha": 854.41674546438492 }, "geometry": { "type": "Polygon", "coordinates": [ [ [ 78.578958017305411, 30.833772748841668 ], [ 78.598527105889673, 30.833772748841668 ], [ 78.598527105889673, 30.81795205238571 ], [ 78.594613288172823, 30.81795205238571 ], [ 78.594613288172823, 30.810041704157733 ], [ 78.590699470455974, 30.810041704157733 ], [ 78.590699470455974, 30.798176181815762 ], [ 78.594613288172823, 30.798176181815762 ], [ 78.594613288172823, 30.794221007701772 ], [ 78.598527105889673, 30.794221007701772 ], [ 78.598527105889673, 30.790265833587785 ], [ 78.594613288172823, 30.790265833587785 ], [ 78.594613288172823, 30.786310659473795 ], [ 78.590699470455974, 30.786310659473795 ], [ 78.590699470455974, 30.782355485359805 ], [ 78.58678565273911, 30.782355485359805 ], [ 78.58678565273911, 30.786310659473795 ], [ 78.58287183502226, 30.786310659473795 ], [ 78.58287183502226, 30.782355485359805 ], [ 78.578958017305411, 30.782355485359805 ], [ 78.578958017305411, 30.833772748841668 ] ] ] } },
{ "type": "Feature", "properties": { "hazard": "LOW", "area_m2": 360516272.86033273, "area_ha": 36051.627286033276 }, "geometry": { "type": "Polygon", "coordinates": [ [ [ 78.316732230276145, 30.995934887515237 ], [ 78.316732230276145, 30.999890061629227 ], [ 78.324559865709858, 30.999890061629227 ], [ 78.324559865709858, 30.995934887515237 ], [ 78.348042772010984, 30.995934887515237 ], [ 78.348042772010984, 30.960338320489331 ], [ 78.410663855480664, 30.960338320489331 ], [ 78.410663855480664, 30.928696927577416 ], [ 78.4067500377638, 30.928696927577416 ], [ 78.4067500377638, 30.924741753463426 ], [ 78.40283622004695, 30.924741753463426 ], [ 78.40283622004695, 30.928696927577416 ], [ 78.395008584613237, 30.928696927577416 ], [ 78.395008584613237, 30.924741753463426 ], [ 78.387180949179537, 30.924741753463426 ], [ 78.387180949179537, 30.928696927577416 ], [ 78.383267131462674, 30.928696927577416 ], [ 78.383267131462674, 30.924741753463426 ], [ 78.375439496028974, 30.924741753463426 ], [ 78.375439496028974, 30.928696927577416 ], [ 78.359784225161548, 30.928696927577416 ], [ 78.359784225161548, 30.924741753463426 ], [ 78.355870407444698, 30.924741753463426 ], [ 78.355870407444698, 30.904965882893478 ], [ 78.359784225161548, 30.904965882893478 ], [ 78.359784225161548, 30.897055534665501 ], [ 78.375439496028974, 30.897055534665501 ], [ 78.375439496028974, 30.901010708779488 ], [ 78.379353313745824, 30.901010708779488 ], [ 78.379353313745824, 30.904965882893478 ], [ 78.383267131462674, 30.904965882893478 ], [ 78.383267131462674, 30.897055534665501 ], [ 78.387180949179537, 30.897055534665501 ], [ 78.387180949179537, 30.904965882893478 ], [ 78.395008584613237, 30.904965882893478 ], [ 78.395008584613237, 30.897055534665501 ], [ 78.40283622004695, 30.897055534665501 ], [ 78.40283622004695, 30.901010708779488 ], [ 78.398922402330101, 30.901010708779488 ], [ 78.398922402330101, 30.904965882893478 ], [ 78.4067500377638, 30.904965882893478 ], [ 78.4067500377638, 30.897055534665501 ], [ 78.535906022420008, 30.897055534665501 ], [ 78.535906022420008, 30.833772748841668 ], [ 78.473284938950329, 30.833772748841668 ], [ 78.473284938950329, 30.81795205238571 ], [ 78.496767845251455, 30.81795205238571 ], [ 78.496767845251455, 30.8219072264997 ], [ 78.516336933835731, 30.8219072264997 ], [ 78.516336933835731, 30.81795205238571 ], [ 78.528078386986294, 30.81795205238571 ], [ 78.528078386986294, 30.81399687827172 ], [ 78.531992204703144, 30.81399687827172 ], [ 78.531992204703144, 30.810041704157733 ], [ 78.535906022420008, 30.810041704157733 ], [ 78.535906022420008, 30.790265833587785 ], [ 78.571130381871697, 30.790265833587785 ], [ 78.571130381871697, 30.786310659473795 ], [ 78.575044199588547, 30.786310659473795 ], [ 78.575044199588547, 30.782355485359805 ], [ 78.578958017305411, 30.782355485359805 ], [ 78.578958017305411, 30.774445137131828 ], [ 78.575044199588547, 30.774445137131828 ], [ 78.575044199588547, 30.770489963017837 ], [ 78.531992204703144, 30.770489963017837 ], [ 78.531992204703144, 30.774445137131828 ], [ 78.528078386986294, 30.774445137131828 ], [ 78.528078386986294, 30.782355485359805 ], [ 78.524164569269445, 30.782355485359805 ], [ 78.524164569269445, 30.790265833587785 ], [ 78.520250751552581, 30.790265833587785 ], [ 78.520250751552581, 30.798176181815762 ], [ 78.516336933835731, 30.798176181815762 ], [ 78.516336933835731, 30.802131355929752 ], [ 78.512423116118882, 30.802131355929752 ], [ 78.512423116118882, 30.806086530043743 ], [ 78.496767845251455, 30.806086530043743 ], [ 78.496767845251455, 30.802131355929752 ], [ 78.492854027534605, 30.802131355929752 ], [ 78.492854027534605, 30.798176181815762 ], [ 78.488940209817756, 30.798176181815762 ], [ 78.488940209817756, 30.794221007701772 ], [ 78.485026392100892, 30.794221007701772 ], [ 78.485026392100892, 30.790265833587785 ], [ 78.481112574384042, 30.790265833587785 ], [ 78.481112574384042, 30.778400311245814 ], [ 78.477198756667192, 30.778400311245814 ], [ 78.477198756667192, 30.770489963017837 ], [ 78.410663855480664, 30.770489963017837 ], [ 78.410663855480664, 30.833772748841668 ], [ 78.348042772010984, 30.833772748841668 ], [ 78.348042772010984, 30.841683097069648 ], [ 78.336301318860421, 30.841683097069648 ], [ 78.336301318860421, 30.837727922955658 ], [ 78.328473683426708, 30.837727922955658 ], [ 78.328473683426708, 30.841683097069648 ], [ 78.316732230276145, 30.841683097069648 ], [ 78.316732230276145, 30.837727922955658 ], [ 78.312818412559295, 30.837727922955658 ], [ 78.312818412559295, 30.833772748841668 ], [ 78.250197329089616, 30.833772748841668 ], [ 78.250197329089616, 30.841683097069648 ], [ 78.25411114680648, 30.841683097069648 ], [ 78.25411114680648, 30.849593445297625 ], [ 78.246283511372766, 30.849593445297625 ], [ 78.246283511372766, 30.841683097069648 ], [ 78.242369693655917, 30.841683097069648 ], [ 78.242369693655917, 30.833772748841668 ], [ 78.238455875939053, 30.833772748841668 ], [ 78.238455875939053, 30.841683097069648 ], [ 78.230628240505354, 30.841683097069648 ], [ 78.230628240505354, 30.849593445297625 ], [ 78.22280060507164, 30.849593445297625 ], [ 78.22280060507164, 30.853548619411615 ], [ 78.22671442278849, 30.853548619411615 ], [ 78.22671442278849, 30.857503793525606 ], [ 78.22280060507164, 30.857503793525606 ], [ 78.22280060507164, 30.897055534665501 ], [ 78.22671442278849, 30.897055534665501 ], [ 78.22671442278849, 30.901010708779488 ], [ 78.22280060507164, 30.901010708779488 ], [ 78.22280060507164, 30.924741753463426 ], [ 78.22671442278849, 30.924741753463426 ], [ 78.22671442278849, 30.920786579349436 ], [ 78.234542058222203, 30.920786579349436 ], [ 78.234542058222203, 30.912876231121459 ], [ 78.238455875939053, 30.912876231121459 ], [ 78.238455875939053, 30.901010708779488 ], [ 78.234542058222203, 30.901010708779488 ], [ 78.234542058222203, 30.897055534665501 ], [ 78.273680235390756, 30.897055534665501 ], [ 78.273680235390756, 30.912876231121459 ], [ 78.269766417673893, 30.912876231121459 ], [ 78.269766417673893, 30.924741753463426 ], [ 78.261938782240179, 30.924741753463426 ], [ 78.261938782240179, 30.928696927577416 ], [ 78.250197329089616, 30.928696927577416 ], [ 78.250197329089616, 30.936607275805393 ], [ 78.246283511372766, 30.936607275805393 ], [ 78.246283511372766, 30.952427972261354 ], [ 78.250197329089616, 30.952427972261354 ], [ 78.250197329089616, 30.960338320489331 ], [ 78.234542058222203, 30.960338320489331 ], [ 78.234542058222203, 30.964293494603321 ], [ 78.230628240505354, 30.964293494603321 ], [ 78.230628240505354, 30.968248668717312 ], [ 78.238455875939053, 30.968248668717312 ], [ 78.238455875939053, 30.972203842831298 ], [ 78.246283511372766, 30.972203842831298 ], [ 78.246283511372766, 30.964293494603321 ], [ 78.25411114680648, 30.964293494603321 ], [ 78.25411114680648, 30.960338320489331 ], [ 78.277594053107606, 30.960338320489331 ], [ 78.277594053107606, 30.956383146375341 ], [ 78.285421688541319, 30.956383146375341 ], [ 78.285421688541319, 30.960338320489331 ], [ 78.293249323975019, 30.960338320489331 ], [ 78.293249323975019, 30.984069365173269 ], [ 78.285421688541319, 30.984069365173269 ], [ 78.285421688541319, 30.991979713401246 ], [ 78.293249323975019, 30.991979713401246 ], [ 78.293249323975019, 30.995934887515237 ], [ 78.301076959408732, 30.995934887515237 ], [ 78.301076959408732, 30.991979713401246 ], [ 78.312818412559295, 30.991979713401246 ], [ 78.312818412559295, 30.995934887515237 ], [ 78.316732230276145, 30.995934887515237 ] ], [ [ 78.348042772010984, 30.960338320489331 ], [ 78.336301318860421, 30.960338320489331 ], [ 78.336301318860421, 30.956383146375341 ], [ 78.344128954294135, 30.956383146375341 ], [ 78.344128954294135, 30.952427972261354 ], [ 78.348042772010984, 30.952427972261354 ], [ 78.348042772010984, 30.960338320489331 ] ], [ [ 78.355870407444698, 30.924741753463426 ], [ 78.355870407444698, 30.928696927577416 ], [ 78.351956589727834, 30.928696927577416 ], [ 78.351956589727834, 30.924741753463426 ], [ 78.355870407444698, 30.924741753463426 ] ], [ [ 78.351956589727834, 30.924741753463426 ], [ 78.344128954294135, 30.924741753463426 ], [ 78.344128954294135, 30.904965882893478 ], [ 78.340215136577271, 30.904965882893478 ], [ 78.340215136577271, 30.901010708779488 ], [ 78.336301318860421, 30.901010708779488 ], [ 78.336301318860421, 30.897055534665501 ], [ 78.328473683426708, 30.897055534665501 ], [ 78.328473683426708, 30.889145186437521 ], [ 78.332387501143572, 30.889145186437521 ], [ 78.332387501143572, 30.88519001232353 ], [ 78.344128954294135, 30.88519001232353 ], [ 78.344128954294135, 30.881234838209544 ], [ 78.348042772010984, 30.881234838209544 ], [ 78.348042772010984, 30.916831405235449 ], [ 78.351956589727834, 30.916831405235449 ], [ 78.351956589727834, 30.924741753463426 ] ], [ [ 78.355870407444698, 30.904965882893478 ], [ 78.351956589727834, 30.904965882893478 ], [ 78.351956589727834, 30.897055534665501 ], [ 78.355870407444698, 30.897055534665501 ], [ 78.355870407444698, 30.904965882893478 ] ], [ [ 78.316732230276145, 30.995934887515237 ], [ 78.316732230276145, 30.991979713401246 ], [ 78.320646047993009, 30.991979713401246 ], [ 78.320646047993009, 30.995934887515237 ], [ 78.316732230276145, 30.995934887515237 ] ], [ [ 78.441974397215489, 30.845638271183638 ], [ 78.441974397215489, 30.837727922955658 ], [ 78.473284938950329, 30.837727922955658 ], [ 78.473284938950329, 30.845638271183638 ], [ 78.441974397215489, 30.845638271183638 ] ], [ [ 78.332387501143572, 30.920786579349436 ], [ 78.332387501143572, 30.904965882893478 ], [ 78.336301318860421, 30.904965882893478 ], [ 78.336301318860421, 30.908921057007468 ], [ 78.340215136577271, 30.908921057007468 ], [ 78.340215136577271, 30.912876231121459 ], [ 78.336301318860421, 30.912876231121459 ], [ 78.336301318860421, 30.916831405235449 ], [ 78.340215136577271, 30.916831405235449 ], [ 78.340215136577271, 30.920786579349436 ], [ 78.332387501143572, 30.920786579349436 ] ], [ [ 78.320646047993009, 30.924741753463426 ], [ 78.320646047993009, 30.904965882893478 ], [ 78.324559865709858, 30.904965882893478 ], [ 78.324559865709858, 30.908921057007468 ], [ 78.328473683426708, 30.908921057007468 ], [ 78.328473683426708, 30.912876231121459 ], [ 78.324559865709858, 30.912876231121459 ], [ 78.324559865709858, 30.916831405235449 ], [ 78.328473683426708, 30.916831405235449 ], [ 78.328473683426708, 30.920786579349436 ], [ 78.324559865709858, 30.920786579349436 ], [ 78.324559865709858, 30.924741753463426 ], [ 78.320646047993009, 30.924741753463426 ] ], [ [ 78.285421688541319, 30.936607275805393 ], [ 78.285421688541319, 30.916831405235449 ], [ 78.289335506258169, 30.916831405235449 ], [ 78.289335506258169, 30.924741753463426 ], [ 78.293249323975019, 30.924741753463426 ], [ 78.293249323975019, 30.920786579349436 ], [ 78.297163141691883, 30.920786579349436 ], [ 78.297163141691883, 30.924741753463426 ], [ 78.301076959408732, 30.924741753463426 ], [ 78.301076959408732, 30.920786579349436 ], [ 78.308904594842446, 30.920786579349436 ], [ 78.308904594842446, 30.928696927577416 ], [ 78.312818412559295, 30.928696927577416 ], [ 78.312818412559295, 30.932652101691406 ], [ 78.293249323975019, 30.932652101691406 ], [ 78.293249323975019, 30.936607275805393 ], [ 78.285421688541319, 30.936607275805393 ] ], [ [ 78.312818412559295, 30.928696927577416 ], [ 78.312818412559295, 30.912876231121459 ], [ 78.308904594842446, 30.912876231121459 ], [ 78.308904594842446, 30.908921057007468 ], [ 78.316732230276145, 30.908921057007468 ], [ 78.316732230276145, 30.928696927577416 ], [ 78.312818412559295, 30.928696927577416 ] ], [ [ 78.308904594842446, 30.908921057007468 ], [ 78.304990777125582, 30.908921057007468 ], [ 78.304990777125582, 30.912876231121459 ], [ 78.297163141691883, 30.912876231121459 ], [ 78.297163141691883, 30.916831405235449 ], [ 78.293249323975019, 30.916831405235449 ], [ 78.293249323975019, 30.908921057007468 ], [ 78.297163141691883, 30.908921057007468 ], [ 78.297163141691883, 30.904965882893478 ], [ 78.308904594842446, 30.904965882893478 ], [ 78.308904594842446, 30.908921057007468 ] ], [ [ 78.285421688541319, 30.869369315867573 ], [ 78.285421688541319, 30.841683097069648 ], [ 78.312818412559295, 30.841683097069648 ], [ 78.312818412559295, 30.857503793525606 ], [ 78.308904594842446, 30.857503793525606 ], [ 78.308904594842446, 30.865414141753583 ], [ 78.304990777125582, 30.865414141753583 ], [ 78.304990777125582, 30.869369315867573 ], [ 78.285421688541319, 30.869369315867573 ] ], [ [ 78.250197329089616, 30.865414141753583 ], [ 78.250197329089616, 30.861458967639596 ], [ 78.25411114680648, 30.861458967639596 ], [ 78.25411114680648, 30.865414141753583 ], [ 78.250197329089616, 30.865414141753583 ] ], [ [ 78.242369693655917, 30.857503793525606 ], [ 78.242369693655917, 30.853548619411615 ], [ 78.246283511372766, 30.853548619411615 ], [ 78.246283511372766, 30.857503793525606 ], [ 78.242369693655917, 30.857503793525606 ] ], [ [ 78.234542058222203, 30.849593445297625 ], [ 78.234542058222203, 30.845638271183638 ], [ 78.238455875939053, 30.845638271183638 ], [ 78.238455875939053, 30.849593445297625 ], [ 78.234542058222203, 30.849593445297625 ] ] ] } },
{ "type": "Feature", "properties": { "hazard": "LOW", "area_m2": 656897.85950312496, "area_ha": 65.689785950312498 }, "geometry": { "type": "Polygon", "coordinates": [ [ [ 79.612205894555004, 30.782355485359805 ], [ 79.616119712271868, 30.782355485359805 ], [ 79.616119712271868, 30.774445137131828 ], [ 79.620033529988717, 30.774445137131828 ], [ 79.620033529988717, 30.770489963017837 ], [ 79.612205894555004, 30.770489963017837 ], [ 79.612205894555004, 30.782355485359805 ] ] ] } },
{ "type": "Feature", "properties": { "hazard": "LOW", "area_m2": 3940721.3298100326, "area_ha": 394.07213298100328 }, "geometry": { "type": "Polygon", "coordinates": [ [ [ 79.81572441583144, 30.790265833587785 ], [ 79.823552051265153, 30.790265833587785 ], [ 79.823552051265153, 30.786310659473795 ], [ 79.827465868982003, 30.786310659473795 ], [ 79.827465868982003, 30.782355485359805 ], [ 79.831379686698867, 30.782355485359805 ], [ 79.831379686698867, 30.770489963017837 ], [ 79.807896780397741, 30.770489963017837 ], [ 79.807896780397741, 30.782355485359805 ], [ 79.81181059811459, 30.782355485359805 ], [ 79.81181059811459, 30.786310659473795 ], [ 79.81572441583144, 30.786310659473795 ], [ 79.81572441583144, 30.790265833587785 ] ] ] } },
{ "type": "Feature", "properties": { "hazard": "LOW", "area_m2": 1149237.2332870993, "area_ha": 114.92372332870993 }, "geometry": { "type": "Polygon", "coordinates": [ [ [ 81.40082059115754, 30.770489963017837 ], [ 81.416475862024953, 30.770489963017837 ], [ 81.416475862024953, 30.762579614789857 ], [ 81.40473440887439, 30.762579614789857 ], [ 81.40473440887439, 30.766534788903847 ], [ 81.40082059115754, 30.766534788903847 ], [ 81.40082059115754, 30.770489963017837 ] ] ] } },
{ "type": "Feature", "properties": { "hazard": "LOW", "area_m2": 3120635.9301480236, "area_ha": 312.06359301480234 }, "geometry": { "type": "Polygon", "coordinates": [ [ [ 79.682654613458396, 30.770489963017837 ], [ 79.698309884325809, 30.770489963017837 ], [ 79.698309884325809, 30.75862444067587 ], [ 79.694396066608959, 30.75862444067587 ], [ 79.694396066608959, 30.746758918333899 ], [ 79.686568431175246, 30.746758918333899 ], [ 79.686568431175246, 30.75466926656188 ], [ 79.682654613458396, 30.75466926656188 ], [ 79.682654613458396, 30.770489963017837 ] ] ] } },
{ "type": "Feature", "properties": { "hazard": "LOW", "area_m2": 1479279.4132270489, "area_ha": 147.9279413227049 }, "geometry": { "type": "Polygon", "coordinates": [ [ [ 79.224737940586408, 30.730938221877942 ], [ 79.228651758303258, 30.730938221877942 ], [ 79.228651758303258, 30.726983047763952 ], [ 79.232565576020122, 30.726983047763952 ], [ 79.232565576020122, 30.719072699535975 ], [ 79.228651758303258, 30.719072699535975 ], [ 79.228651758303258, 30.711162351307994 ], [ 79.232565576020122, 30.711162351307994 ], [ 79.232565576020122, 30.707207177194004 ], [ 79.224737940586408, 30.707207177194004 ], [ 79.224737940586408, 30.730938221877942 ] ] ] } },
{ "type": "Feature", "properties": { "hazard": "LOW", "area_m2": 164374.03065046063, "area_ha": 16.437403065046063 }, "geometry": { "type": "Polygon", "coordinates": [ [ [ 79.283445206339223, 30.711162351307994 ], [ 79.287359024056073, 30.711162351307994 ], [ 79.287359024056073, 30.707207177194004 ], [ 79.283445206339223, 30.707207177194004 ], [ 79.283445206339223, 30.711162351307994 ] ] ] } },
{ "type": "Feature", "properties": { "hazard": "LOW", "area_m2": 821607.38626680966, "area_ha": 82.160738626680967 }, "geometry": { "type": "Polygon", "coordinates": [ [ [ 79.717878972910086, 30.715117525421984 ], [ 79.725706608343785, 30.715117525421984 ], [ 79.725706608343785, 30.707207177194004 ], [ 79.713965155193222, 30.707207177194004 ], [ 79.713965155193222, 30.711162351307994 ], [ 79.717878972910086, 30.711162351307994 ], [ 79.717878972910086, 30.715117525421984 ] ] ] } },
{ "type": "Feature", "properties": { "hazard": "LOW", "area_m2": 328810.19700187189, "area_ha": 32.881019700187188 }, "geometry": { "type": "Polygon", "coordinates": [ [ [ 79.099495773647064, 30.707207177194004 ], [ 79.107323409080763, 30.707207177194004 ], [ 79.107323409080763, 30.703252003080017 ], [ 79.099495773647064, 30.703252003080017 ], [ 79.099495773647064, 30.707207177194004 ] ] ] } },
{ "type": "Feature", "properties": { "hazard": "LOW", "area_m2": 3289233.8606255036, "area_ha": 328.92338606255038 }, "geometry": { "type": "Polygon", "coordinates": [ [ [ 78.805959444882973, 30.707207177194004 ], [ 78.825528533467235, 30.707207177194004 ], [ 78.825528533467235, 30.695341654852037 ], [ 78.821614715750385, 30.695341654852037 ], [ 78.821614715750385, 30.68743130662406 ], [ 78.813787080316672, 30.68743130662406 ], [ 78.813787080316672, 30.691386480738046 ], [ 78.809873262599822, 30.691386480738046 ], [ 78.809873262599822, 30.695341654852037 ], [ 78.805959444882973, 30.695341654852037 ], [ 78.805959444882973, 30.707207177194004 ] ] ] } },
{ "type": "Feature", "properties": { "hazard": "LOW", "area_m2": 164638.34093919204, "area_ha": 16.463834093919203 }, "geometry": { "type": "Polygon", "coordinates": [ [ [ 78.383267131462674, 30.639969217256183 ], [ 78.387180949179537, 30.639969217256183 ], [ 78.387180949179537, 30.636014043142197 ], [ 78.383267131462674, 30.636014043142197 ], [ 78.383267131462674, 30.639969217256183 ] ] ] } },
{ "type": "Feature", "properties": { "hazard": "LOW", "area_m2": 164388.02642339747, "area_ha": 16.438802642339748 }, "geometry": { "type": "Polygon", "coordinates": [ [ [ 81.349940960838424, 30.639969217256183 ], [ 81.353854778555288, 30.639969217256183 ], [ 81.353854778555288, 30.636014043142197 ], [ 81.349940960838424, 30.636014043142197 ], [ 81.349940960838424, 30.639969217256183 ] ] ] } },
{ "type": "Feature", "properties": { "hazard": "LOW", "area_m2": 1809642.0776045003, "area_ha": 180.96420776045002 }, "geometry": { "type": "Polygon", "coordinates": [ [ [ 79.146461586249316, 30.643924391370174 ], [ 79.162116857116729, 30.643924391370174 ], [ 79.162116857116729, 30.628103694914216 ], [ 79.158203039399879, 30.628103694914216 ], [ 79.158203039399879, 30.632058869028207 ], [ 79.150375403966166, 30.632058869028207 ], [ 79.150375403966166, 30.639969217256183 ], [ 79.146461586249316, 30.639969217256183 ], [ 79.146461586249316, 30.643924391370174 ] ] ] } },
{ "type": "Feature", "properties": { "hazard": "LOW", "area_m2": 164666.34050157733, "area_ha": 16.466634050157733 }, "geometry": { "type": "Polygon", "coordinates": [ [ [ 78.375439496028974, 30.624148520800226 ], [ 78.379353313745824, 30.624148520800226 ], [ 78.379353313745824, 30.620193346686236 ], [ 78.375439496028974, 30.620193346686236 ], [ 78.375439496028974, 30.624148520800226 ] ] ] } },
{ "type": "Feature", "properties": { "hazard": "LOW", "area_m2": 7571750.9800361702, "area_ha": 757.17509800361699 }, "geometry": { "type": "Polygon", "coordinates": [ [ [ 78.841183804334662, 30.643924391370174 ], [ 78.849011439768375, 30.643924391370174 ], [ 78.849011439768375, 30.636014043142197 ], [ 78.845097622051512, 30.636014043142197 ], [ 78.845097622051512, 30.632058869028207 ], [ 78.849011439768375, 30.632058869028207 ], [ 78.849011439768375, 30.580641605546344 ], [ 78.837269986617812, 30.580641605546344 ], [ 78.837269986617812, 30.616238172572249 ], [ 78.833356168900949, 30.616238172572249 ], [ 78.833356168900949, 30.620193346686236 ], [ 78.837269986617812, 30.620193346686236 ], [ 78.837269986617812, 30.636014043142197 ], [ 78.841183804334662, 30.636014043142197 ], [ 78.841183804334662, 30.643924391370174 ] ] ] } },
{ "type": "Feature", "properties": { "hazard": "LOW", "area_m2": 2139793.641308459, "area_ha": 213.97936413084591 }, "geometry": { "type": "Polygon", "coordinates": [ [ [ 79.099495773647064, 30.596462302002301 ], [ 79.107323409080763, 30.596462302002301 ], [ 79.107323409080763, 30.592507127888311 ], [ 79.111237226797627, 30.592507127888311 ], [ 79.111237226797627, 30.588551953774321 ], [ 79.115151044514477, 30.588551953774321 ], [ 79.115151044514477, 30.580641605546344 ], [ 79.099495773647064, 30.580641605546344 ], [ 79.099495773647064, 30.596462302002301 ] ] ] } },
{ "type": "Feature", "properties": { "hazard": "LOW", "area_m2": 329304.66991423612, "area_ha": 32.930466991423614 }, "geometry": { "type": "Polygon", "coordinates": [ [ [ 78.802045627166109, 30.588551953774321 ], [ 78.805959444882973, 30.588551953774321 ], [ 78.805959444882973, 30.580641605546344 ], [ 78.802045627166109, 30.580641605546344 ], [ 78.802045627166109, 30.588551953774321 ] ] ] } },
{ "type": "Feature", "properties": { "hazard": "LOW", "area_m2": 328975.82044815808, "area_ha": 32.897582044815806 }, "geometry": { "type": "Polygon", "coordinates": [ [ [ 81.256009335633919, 30.580641605546344 ], [ 81.259923153350769, 30.580641605546344 ], [ 81.259923153350769, 30.572731257318363 ], [ 81.256009335633919, 30.572731257318363 ], [ 81.256009335633919, 30.580641605546344 ] ] ] } },
{ "type": "Feature", "properties": { "hazard": "LOW", "area_m2": 164782.66152291058, "area_ha": 16.478266152291059 }, "geometry": { "type": "Polygon", "coordinates": [ [ [ 78.289335506258169, 30.564820909090386 ], [ 78.293249323975019, 30.564820909090386 ], [ 78.293249323975019, 30.560865734976396 ], [ 78.289335506258169, 30.560865734976396 ], [ 78.289335506258169, 30.564820909090386 ] ] ] } },
{ "type": "Feature", "properties": { "hazard": "LOW", "area_m2": 164790.06114666574, "area_ha": 16.479006114666575 }, "geometry": { "type": "Polygon", "coordinates": [ [ [ 78.285421688541319, 30.560865734976396 ], [ 78.289335506258169, 30.560865734976396 ], [ 78.289335506258169, 30.556910560862406 ], [ 78.285421688541319, 30.556910560862406 ], [ 78.285421688541319, 30.560865734976396 ] ] ] } },
{ "type": "Feature", "properties": { "hazard": "LOW", "area_m2": 1317069.6777599752, "area_ha": 131.70696777599753 }, "geometry": { "type": "Polygon", "coordinates": [ [ [ 81.103370444676585, 30.489672600924585 ], [ 81.134680986411425, 30.489672600924585 ], [ 81.134680986411425, 30.485717426810595 ], [ 81.103370444676585, 30.485717426810595 ], [ 81.103370444676585, 30.489672600924585 ] ] ] } },
{ "type": "Feature", "properties": { "hazard": "LOW", "area_m2": 2469514.4392801626, "area_ha": 246.95144392801626 }, "geometry": { "type": "Polygon", "coordinates": [ [ [ 81.165991528146264, 30.493627775038576 ], [ 81.181646799013677, 30.493627775038576 ], [ 81.181646799013677, 30.489672600924585 ], [ 81.185560616730541, 30.489672600924585 ], [ 81.185560616730541, 30.485717426810595 ], [ 81.181646799013677, 30.485717426810595 ], [ 81.181646799013677, 30.481762252696605 ], [ 81.165991528146264, 30.481762252696605 ], [ 81.165991528146264, 30.485717426810595 ], [ 81.158163892712551, 30.485717426810595 ], [ 81.158163892712551, 30.489672600924585 ], [ 81.165991528146264, 30.489672600924585 ], [ 81.165991528146264, 30.493627775038576 ] ] ] } },
{ "type": "Feature", "properties": { "hazard": "LOW", "area_m2": 329878.22445983253, "area_ha": 32.987822445983255 }, "geometry": { "type": "Polygon", "coordinates": [ [ [ 78.250197329089616, 30.477807078582615 ], [ 78.25411114680648, 30.477807078582615 ], [ 78.25411114680648, 30.469896730354638 ], [ 78.250197329089616, 30.469896730354638 ], [ 78.250197329089616, 30.477807078582615 ] ] ] } },
{ "type": "Feature", "properties": { "hazard": "LOW", "area_m2": 164949.80343895819, "area_ha": 16.494980343895818 }, "geometry": { "type": "Polygon", "coordinates": [ [ [ 78.246283511372766, 30.469896730354638 ], [ 78.250197329089616, 30.469896730354638 ], [ 78.250197329089616, 30.465941556240647 ], [ 78.246283511372766, 30.465941556240647 ], [ 78.246283511372766, 30.469896730354638 ] ] ] } },
{ "type": "Feature", "properties": { "hazard": "LOW", "area_m2": 164877.191463108, "area_ha": 16.487719146310798 }, "geometry": { "type": "Polygon", "coordinates": [ [ [ 78.661148189359352, 30.465941556240647 ], [ 78.665062007076202, 30.465941556240647 ], [ 78.665062007076202, 30.461986382126657 ], [ 78.661148189359352, 30.461986382126657 ], [ 78.661148189359352, 30.465941556240647 ] ] ] } },
{ "type": "Feature", "properties": { "hazard": "LOW", "area_m2": 329934.16127011972, "area_ha": 32.993416127011969 }, "geometry": { "type": "Polygon", "coordinates": [ [ [ 78.242369693655917, 30.461986382126657 ], [ 78.246283511372766, 30.461986382126657 ], [ 78.246283511372766, 30.45407603389868 ], [ 78.242369693655917, 30.45407603389868 ], [ 78.242369693655917, 30.461986382126657 ] ] ] } },
{ "type": "Feature", "properties": { "hazard": "LOW", "area_m2": 392767254.63836634, "area_ha": 39276.725463836636 }, "geometry": { "type": "Polygon", "coordinates": [ [ [ 78.637665283058226, 30.806086530043743 ], [ 78.649406736208789, 30.806086530043743 ], [ 78.649406736208789, 30.802131355929752 ], [ 78.653320553925639, 30.802131355929752 ], [ 78.653320553925639, 30.798176181815762 ], [ 78.657234371642502, 30.798176181815762 ], [ 78.657234371642502, 30.790265833587785 ], [ 78.653320553925639, 30.790265833587785 ], [ 78.653320553925639, 30.770489963017837 ], [ 78.661148189359352, 30.770489963017837 ], [ 78.661148189359352, 30.707207177194004 ], [ 78.739424543696444, 30.707207177194004 ], [ 78.739424543696444, 30.699296828966027 ], [ 78.743338361413294, 30.699296828966027 ], [ 78.743338361413294, 30.695341654852037 ], [ 78.747252179130157, 30.695341654852037 ], [ 78.747252179130157, 30.683476132510069 ], [ 78.743338361413294, 30.683476132510069 ], [ 78.743338361413294, 30.675565784282089 ], [ 78.747252179130157, 30.675565784282089 ], [ 78.747252179130157, 30.667655436054112 ], [ 78.743338361413294, 30.667655436054112 ], [ 78.743338361413294, 30.671610610168099 ], [ 78.739424543696444, 30.671610610168099 ], [ 78.739424543696444, 30.659745087826131 ], [ 78.743338361413294, 30.659745087826131 ], [ 78.743338361413294, 30.643924391370174 ], [ 78.805959444882973, 30.643924391370174 ], [ 78.805959444882973, 30.636014043142197 ], [ 78.798131809449259, 30.636014043142197 ], [ 78.798131809449259, 30.632058869028207 ], [ 78.786390356298696, 30.632058869028207 ], [ 78.786390356298696, 30.624148520800226 ], [ 78.782476538581847, 30.624148520800226 ], [ 78.782476538581847, 30.620193346686236 ], [ 78.786390356298696, 30.620193346686236 ], [ 78.786390356298696, 30.592507127888311 ], [ 78.790304174015546, 30.592507127888311 ], [ 78.790304174015546, 30.588551953774321 ], [ 78.798131809449259, 30.588551953774321 ], [ 78.798131809449259, 30.580641605546344 ], [ 78.786390356298696, 30.580641605546344 ], [ 78.786390356298696, 30.45407603389868 ], [ 78.770735085431284, 30.45407603389868 ], [ 78.770735085431284, 30.45803120801267 ], [ 78.76682126771442, 30.45803120801267 ], [ 78.76682126771442, 30.461986382126657 ], [ 78.76290744999757, 30.461986382126657 ], [ 78.76290744999757, 30.465941556240647 ], [ 78.755079814563857, 30.465941556240647 ], [ 78.755079814563857, 30.45803120801267 ], [ 78.747252179130157, 30.45803120801267 ], [ 78.747252179130157, 30.45407603389868 ], [ 78.696372548811041, 30.45407603389868 ], [ 78.696372548811041, 30.45803120801267 ], [ 78.692458731094192, 30.45803120801267 ], [ 78.692458731094192, 30.45407603389868 ], [ 78.672889642509915, 30.45407603389868 ], [ 78.672889642509915, 30.45803120801267 ], [ 78.665062007076202, 30.45803120801267 ], [ 78.665062007076202, 30.461986382126657 ], [ 78.680717277943629, 30.461986382126657 ], [ 78.680717277943629, 30.469896730354638 ], [ 78.661148189359352, 30.469896730354638 ], [ 78.661148189359352, 30.481762252696605 ], [ 78.665062007076202, 30.481762252696605 ], [ 78.665062007076202, 30.485717426810595 ], [ 78.661148189359352, 30.485717426810595 ], [ 78.661148189359352, 30.51735881972251 ], [ 78.723769272829017, 30.51735881972251 ], [ 78.723769272829017, 30.580641605546344 ], [ 78.598527105889673, 30.580641605546344 ], [ 78.598527105889673, 30.643924391370174 ], [ 78.563302746437984, 30.643924391370174 ], [ 78.563302746437984, 30.707207177194004 ], [ 78.598527105889673, 30.707207177194004 ], [ 78.598527105889673, 30.778400311245814 ], [ 78.602440923606537, 30.778400311245814 ], [ 78.602440923606537, 30.782355485359805 ], [ 78.6141823767571, 30.782355485359805 ], [ 78.6141823767571, 30.786310659473795 ], [ 78.618096194473949, 30.786310659473795 ], [ 78.618096194473949, 30.790265833587785 ], [ 78.625923829907663, 30.790265833587785 ], [ 78.625923829907663, 30.794221007701772 ], [ 78.629837647624512, 30.794221007701772 ], [ 78.629837647624512, 30.798176181815762 ], [ 78.633751465341362, 30.798176181815762 ], [ 78.633751465341362, 30.802131355929752 ], [ 78.637665283058226, 30.802131355929752 ], [ 78.637665283058226, 30.806086530043743 ] ], [ [ 78.680717277943629, 30.469896730354638 ], [ 78.692458731094192, 30.469896730354638 ], [ 78.692458731094192, 30.465941556240647 ], [ 78.688544913377328, 30.465941556240647 ], [ 78.688544913377328, 30.461986382126657 ], [ 78.700286366527891, 30.461986382126657 ], [ 78.700286366527891, 30.469896730354638 ], [ 78.696372548811041, 30.469896730354638 ], [ 78.696372548811041, 30.473851904468628 ], [ 78.692458731094192, 30.473851904468628 ], [ 78.692458731094192, 30.481762252696605 ], [ 78.688544913377328, 30.481762252696605 ], [ 78.688544913377328, 30.477807078582615 ], [ 78.684631095660478, 30.477807078582615 ], [ 78.684631095660478, 30.473851904468628 ], [ 78.680717277943629, 30.473851904468628 ], [ 78.680717277943629, 30.469896730354638 ] ], [ [ 78.755079814563857, 30.51735881972251 ], [ 78.755079814563857, 30.509448471494533 ], [ 78.747252179130157, 30.509448471494533 ], [ 78.747252179130157, 30.501538123266553 ], [ 78.751165996847007, 30.501538123266553 ], [ 78.751165996847007, 30.497582949152562 ], [ 78.755079814563857, 30.497582949152562 ], [ 78.755079814563857, 30.505493297380543 ], [ 78.76290744999757, 30.505493297380543 ], [ 78.76290744999757, 30.509448471494533 ], [ 78.76682126771442, 30.509448471494533 ], [ 78.76682126771442, 30.51735881972251 ], [ 78.755079814563857, 30.51735881972251 ] ], [ [ 78.751165996847007, 30.612282998458259 ], [ 78.751165996847007, 30.604372650230278 ], [ 78.755079814563857, 30.604372650230278 ], [ 78.755079814563857, 30.612282998458259 ], [ 78.751165996847007, 30.612282998458259 ] ], [ [ 78.755079814563857, 30.612282998458259 ], [ 78.75899363228072, 30.612282998458259 ], [ 78.75899363228072, 30.616238172572249 ], [ 78.755079814563857, 30.616238172572249 ], [ 78.755079814563857, 30.612282998458259 ] ], [ [ 78.751165996847007, 30.489672600924585 ], [ 78.751165996847007, 30.485717426810595 ], [ 78.755079814563857, 30.485717426810595 ], [ 78.755079814563857, 30.489672600924585 ], [ 78.751165996847007, 30.489672600924585 ] ], [ [ 78.73551072597958, 30.489672600924585 ], [ 78.73551072597958, 30.485717426810595 ], [ 78.739424543696444, 30.485717426810595 ], [ 78.739424543696444, 30.489672600924585 ], [ 78.73551072597958, 30.489672600924585 ] ], [ [ 78.723769272829017, 30.473851904468628 ], [ 78.723769272829017, 30.465941556240647 ], [ 78.73551072597958, 30.465941556240647 ], [ 78.73551072597958, 30.473851904468628 ], [ 78.723769272829017, 30.473851904468628 ] ], [ [ 78.719855455112167, 30.485717426810595 ], [ 78.719855455112167, 30.481762252696605 ], [ 78.727683090545881, 30.481762252696605 ], [ 78.727683090545881, 30.485717426810595 ], [ 78.719855455112167, 30.485717426810595 ] ], [ [ 78.723769272829017, 30.501538123266553 ], [ 78.723769272829017, 30.497582949152562 ], [ 78.715941637395318, 30.497582949152562 ], [ 78.715941637395318, 30.493627775038576 ], [ 78.727683090545881, 30.493627775038576 ], [ 78.727683090545881, 30.501538123266553 ], [ 78.723769272829017, 30.501538123266553 ] ], [ [ 78.712027819678454, 30.473851904468628 ], [ 78.712027819678454, 30.469896730354638 ], [ 78.708114001961604, 30.469896730354638 ], [ 78.708114001961604, 30.461986382126657 ], [ 78.715941637395318, 30.461986382126657 ], [ 78.715941637395318, 30.473851904468628 ], [ 78.712027819678454, 30.473851904468628 ] ], [ [ 78.692458731094192, 30.501538123266553 ], [ 78.692458731094192, 30.485717426810595 ], [ 78.700286366527891, 30.485717426810595 ], [ 78.700286366527891, 30.489672600924585 ], [ 78.704200184244755, 30.489672600924585 ], [ 78.704200184244755, 30.497582949152562 ], [ 78.696372548811041, 30.497582949152562 ], [ 78.696372548811041, 30.501538123266553 ], [ 78.692458731094192, 30.501538123266553 ] ], [ [ 78.622010012190799, 30.707207177194004 ], [ 78.622010012190799, 30.703252003080017 ], [ 78.618096194473949, 30.703252003080017 ], [ 78.618096194473949, 30.695341654852037 ], [ 78.6141823767571, 30.695341654852037 ], [ 78.6141823767571, 30.691386480738046 ], [ 78.610268559040236, 30.691386480738046 ], [ 78.610268559040236, 30.68743130662406 ], [ 78.606354741323386, 30.68743130662406 ], [ 78.606354741323386, 30.683476132510069 ], [ 78.602440923606537, 30.683476132510069 ], [ 78.602440923606537, 30.679520958396079 ], [ 78.598527105889673, 30.679520958396079 ], [ 78.598527105889673, 30.663700261940122 ], [ 78.606354741323386, 30.663700261940122 ], [ 78.606354741323386, 30.659745087826131 ], [ 78.610268559040236, 30.659745087826131 ], [ 78.610268559040236, 30.655789913712141 ], [ 78.6141823767571, 30.655789913712141 ], [ 78.6141823767571, 30.651834739598154 ], [ 78.618096194473949, 30.651834739598154 ], [ 78.618096194473949, 30.647879565484164 ], [ 78.622010012190799, 30.647879565484164 ], [ 78.622010012190799, 30.643924391370174 ], [ 78.637665283058226, 30.643924391370174 ], [ 78.637665283058226, 30.647879565484164 ], [ 78.641579100775076, 30.647879565484164 ], [ 78.641579100775076, 30.651834739598154 ], [ 78.645492918491925, 30.651834739598154 ], [ 78.645492918491925, 30.659745087826131 ], [ 78.649406736208789, 30.659745087826131 ], [ 78.649406736208789, 30.663700261940122 ], [ 78.653320553925639, 30.663700261940122 ], [ 78.653320553925639, 30.667655436054112 ], [ 78.661148189359352, 30.667655436054112 ], [ 78.661148189359352, 30.679520958396079 ], [ 78.657234371642502, 30.679520958396079 ], [ 78.657234371642502, 30.683476132510069 ], [ 78.653320553925639, 30.683476132510069 ], [ 78.653320553925639, 30.68743130662406 ], [ 78.649406736208789, 30.68743130662406 ], [ 78.649406736208789, 30.691386480738046 ], [ 78.645492918491925, 30.691386480738046 ], [ 78.645492918491925, 30.699296828966027 ], [ 78.641579100775076, 30.699296828966027 ], [ 78.641579100775076, 30.703252003080017 ], [ 78.637665283058226, 30.703252003080017 ], [ 78.637665283058226, 30.707207177194004 ], [ 78.622010012190799, 30.707207177194004 ] ] ] } },
{ "type": "Feature", "properties": { "hazard": "LOW", "area_m2": 329970.43824916601, "area_ha": 32.997043824916602 }, "geometry": { "type": "Polygon", "coordinates": [ [ [ 78.250197329089616, 30.45012085978469 ], [ 78.25411114680648, 30.45012085978469 ], [ 78.25411114680648, 30.442210511556709 ], [ 78.250197329089616, 30.442210511556709 ], [ 78.250197329089616, 30.45012085978469 ] ] ] } },
{ "type": "Feature", "properties": { "hazard": "LOW", "area_m2": 330049.41729320469, "area_ha": 33.004941729320471 }, "geometry": { "type": "Polygon", "coordinates": [ [ [ 78.250197329089616, 30.426389815100752 ], [ 78.25411114680648, 30.426389815100752 ], [ 78.25411114680648, 30.418479466872775 ], [ 78.250197329089616, 30.418479466872775 ], [ 78.250197329089616, 30.426389815100752 ] ] ] } },
{ "type": "Feature", "properties": { "hazard": "LOW", "area_m2": 165047.73141763068, "area_ha": 16.504773141763067 }, "geometry": { "type": "Polygon", "coordinates": [ [ [ 78.250197329089616, 30.410569118644794 ], [ 78.25411114680648, 30.410569118644794 ], [ 78.25411114680648, 30.406613944530804 ], [ 78.250197329089616, 30.406613944530804 ], [ 78.250197329089616, 30.410569118644794 ] ] ] } },
{ "type": "Feature", "properties": { "hazard": "LOW", "area_m2": 1483009.189850223, "area_ha": 148.30091898502229 }, "geometry": { "type": "Polygon", "coordinates": [ [ [ 81.099456626959736, 30.410569118644794 ], [ 81.103370444676585, 30.410569118644794 ], [ 81.103370444676585, 30.390793248074846 ], [ 81.095542809242886, 30.390793248074846 ], [ 81.095542809242886, 30.406613944530804 ], [ 81.099456626959736, 30.406613944530804 ], [ 81.099456626959736, 30.410569118644794 ] ] ] } },
{ "type": "Feature", "properties": { "hazard": "LOW", "area_m2": 824013.34738980932, "area_ha": 82.401334738980935 }, "geometry": { "type": "Polygon", "coordinates": [ [ [ 81.04074936120692, 30.390793248074846 ], [ 81.048576996640634, 30.390793248074846 ], [ 81.048576996640634, 30.382882899846869 ], [ 81.04466317892377, 30.382882899846869 ], [ 81.04466317892377, 30.378927725732879 ], [ 81.04074936120692, 30.378927725732879 ], [ 81.04074936120692, 30.390793248074846 ] ] ] } },
{ "type": "Feature", "properties": { "hazard": "LOW", "area_m2": 990412.93592395331, "area_ha": 99.041293592395334 }, "geometry": { "type": "Polygon", "coordinates": [ [ [ 78.473284938950329, 30.374972551618889 ], [ 78.481112574384042, 30.374972551618889 ], [ 78.481112574384042, 30.363107029276922 ], [ 78.473284938950329, 30.363107029276922 ], [ 78.473284938950329, 30.374972551618889 ] ] ] } },
{ "type": "Feature", "properties": { "hazard": "LOW", "area_m2": 3297417.5261359853, "area_ha": 329.74175261359852 }, "geometry": { "type": "Polygon", "coordinates": [ [ [ 80.226675276101176, 30.367062203390912 ], [ 80.238416729251739, 30.367062203390912 ], [ 80.238416729251739, 30.363107029276922 ], [ 80.246244364685438, 30.363107029276922 ], [ 80.246244364685438, 30.355196681048941 ], [ 80.242330546968589, 30.355196681048941 ], [ 80.242330546968589, 30.351241506934954 ], [ 80.238416729251739, 30.351241506934954 ], [ 80.238416729251739, 30.347286332820964 ], [ 80.226675276101176, 30.347286332820964 ], [ 80.226675276101176, 30.367062203390912 ] ] ] } },
{ "type": "Feature", "properties": { "hazard": "LOW", "area_m2": 165147.10056246957, "area_ha": 16.514710056246958 }, "geometry": { "type": "Polygon", "coordinates": [ [ [ 78.246283511372766, 30.351241506934954 ], [ 78.250197329089616, 30.351241506934954 ], [ 78.250197329089616, 30.347286332820964 ], [ 78.246283511372766, 30.347286332820964 ], [ 78.246283511372766, 30.351241506934954 ] ] ] } },
{ "type": "Feature", "properties": { "hazard": "LOW", "area_m2": 165152.85426880067, "area_ha": 16.515285426880066 }, "geometry": { "type": "Polygon", "coordinates": [ [ [ 78.250197329089616, 30.347286332820964 ], [ 78.25411114680648, 30.347286332820964 ], [ 78.25411114680648, 30.343331158706974 ], [ 78.250197329089616, 30.343331158706974 ], [ 78.250197329089616, 30.347286332820964 ] ] ] } },
{ "type": "Feature", "properties": { "hazard": "LOW", "area_m2": 495517.62475185475, "area_ha": 49.551762475185477 }, "geometry": { "type": "Polygon", "coordinates": [ [ [ 78.250197329089616, 30.339375984592984 ], [ 78.25411114680648, 30.339375984592984 ], [ 78.25411114680648, 30.327510462251016 ], [ 78.250197329089616, 30.327510462251016 ], [ 78.250197329089616, 30.339375984592984 ] ] ] } },
{ "type": "Feature", "properties": { "hazard": "LOW", "area_m2": 1154623.8473449205, "area_ha": 115.46238473449205 }, "geometry": { "type": "Polygon", "coordinates": [ [ [ 79.960535671355061, 30.327510462251016 ], [ 79.976190942222487, 30.327510462251016 ], [ 79.976190942222487, 30.319600114023036 ], [ 79.96444948907191, 30.319600114023036 ], [ 79.96444948907191, 30.323555288137026 ], [ 79.960535671355061, 30.323555288137026 ], [ 79.960535671355061, 30.327510462251016 ] ] ] } },
{ "type": "Feature", "properties": { "hazard": "LOW", "area_m2": 824539.09176428872, "area_ha": 82.453909176428866 }, "geometry": { "type": "Polygon", "coordinates": [ [ [ 80.856799928514761, 30.327510462251016 ], [ 80.86462756394846, 30.327510462251016 ], [ 80.86462756394846, 30.319600114023036 ], [ 80.86071374623161, 30.319600114023036 ], [ 80.86071374623161, 30.315644939909049 ], [ 80.856799928514761, 30.315644939909049 ], [ 80.856799928514761, 30.327510462251016 ] ] ] } },
{ "type": "Feature", "properties": { "hazard": "LOW", "area_m2": 2805980.0063570687, "area_ha": 280.59800063570685 }, "geometry": { "type": "Polygon", "coordinates": [ [ [ 79.036874690177385, 30.327510462251016 ], [ 79.052529961044812, 30.327510462251016 ], [ 79.052529961044812, 30.315644939909049 ], [ 79.048616143327948, 30.315644939909049 ], [ 79.048616143327948, 30.311689765795059 ], [ 79.044702325611098, 30.311689765795059 ], [ 79.044702325611098, 30.307734591681069 ], [ 79.036874690177385, 30.307734591681069 ], [ 79.036874690177385, 30.327510462251016 ] ] ] } },
{ "type": "Feature", "properties": { "hazard": "LOW", "area_m2": 165153.56493784758, "area_ha": 16.515356493784758 }, "geometry": { "type": "Polygon", "coordinates": [ [ [ 78.809873262599822, 30.28400354699713 ], [ 78.813787080316672, 30.28400354699713 ], [ 78.813787080316672, 30.280048372883144 ], [ 78.809873262599822, 30.280048372883144 ], [ 78.809873262599822, 30.28400354699713 ] ] ] } },
{ "type": "Feature", "properties": { "hazard": "LOW", "area_m2": 165160.74979270899, "area_ha": 16.516074979270897 }, "geometry": { "type": "Polygon", "coordinates": [ [ [ 78.805959444882973, 30.280048372883144 ], [ 78.809873262599822, 30.280048372883144 ], [ 78.809873262599822, 30.276093198769154 ], [ 78.805959444882973, 30.276093198769154 ], [ 78.805959444882973, 30.280048372883144 ] ] ] } },
{ "type": "Feature", "properties": { "hazard": "LOW", "area_m2": 165167.93517325399, "area_ha": 16.5167935173254 }, "geometry": { "type": "Polygon", "coordinates": [ [ [ 78.802045627166109, 30.276093198769154 ], [ 78.805959444882973, 30.276093198769154 ], [ 78.805959444882973, 30.272138024655163 ], [ 78.802045627166109, 30.272138024655163 ], [ 78.802045627166109, 30.276093198769154 ] ] ] } },
{ "type": "Feature", "properties": { "hazard": "LOW", "area_m2": 9249495.0726245381, "area_ha": 924.94950726245384 }, "geometry": { "type": "Polygon", "coordinates": [ [ [ 78.91163252323804, 30.280048372883144 ], [ 78.97425360670772, 30.280048372883144 ], [ 78.97425360670772, 30.264227676427183 ], [ 78.94294306497288, 30.264227676427183 ], [ 78.94294306497288, 30.268182850541173 ], [ 78.91163252323804, 30.268182850541173 ], [ 78.91163252323804, 30.280048372883144 ] ] ] } },
{ "type": "Feature", "properties": { "hazard": "LOW", "area_m2": 330356.77794937772, "area_ha": 33.035677794937769 }, "geometry": { "type": "Polygon", "coordinates": [ [ [ 78.798131809449259, 30.272138024655163 ], [ 78.802045627166109, 30.272138024655163 ], [ 78.802045627166109, 30.264227676427183 ], [ 78.798131809449259, 30.264227676427183 ], [ 78.798131809449259, 30.272138024655163 ] ] ] } },
{ "type": "Feature", "properties": { "hazard": "LOW", "area_m2": 2310414.4448824278, "area_ha": 231.04144448824277 }, "geometry": { "type": "Polygon", "coordinates": [ [ [ 79.972277124505624, 30.280048372883144 ], [ 79.976190942222487, 30.280048372883144 ], [ 79.976190942222487, 30.264227676427183 ], [ 79.956621853638211, 30.264227676427183 ], [ 79.956621853638211, 30.268182850541173 ], [ 79.960535671355061, 30.268182850541173 ], [ 79.960535671355061, 30.276093198769154 ], [ 79.972277124505624, 30.276093198769154 ], [ 79.972277124505624, 30.280048372883144 ] ] ] } },
{ "type": "Feature", "properties": { "hazard": "LOW", "area_m2": 165283.25985131523, "area_ha": 16.528325985131524 }, "geometry": { "type": "Polygon", "coordinates": [ [ [ 78.285421688541319, 30.264227676427183 ], [ 78.289335506258169, 30.264227676427183 ], [ 78.289335506258169, 30.260272502313196 ], [ 78.285421688541319, 30.260272502313196 ], [ 78.285421688541319, 30.264227676427183 ] ] ] } },
{ "type": "Feature", "properties": { "hazard": "LOW", "area_m2": 165216.93589780061, "area_ha": 16.52169358978006 }, "geometry": { "type": "Polygon", "coordinates": [ [ [ 78.782476538581847, 30.248406979971225 ], [ 78.786390356298696, 30.248406979971225 ], [ 78.786390356298696, 30.244451805857238 ], [ 78.782476538581847, 30.244451805857238 ], [ 78.782476538581847, 30.248406979971225 ] ] ] } },
{ "type": "Feature", "properties": { "hazard": "LOW", "area_m2": 661318.73795803892, "area_ha": 66.131873795803898 }, "geometry": { "type": "Polygon", "coordinates": [ [ [ 78.285421688541319, 30.240496631743248 ], [ 78.289335506258169, 30.240496631743248 ], [ 78.289335506258169, 30.232586283515268 ], [ 78.293249323975019, 30.232586283515268 ], [ 78.293249323975019, 30.228631109401281 ], [ 78.285421688541319, 30.228631109401281 ], [ 78.285421688541319, 30.240496631743248 ] ] ] } },
{ "type": "Feature", "properties": { "hazard": "LOW", "area_m2": 330542.71998565202, "area_ha": 33.054271998565198 }, "geometry": { "type": "Polygon", "coordinates": [ [ [ 78.712027819678454, 30.224675935287291 ], [ 78.715941637395318, 30.224675935287291 ], [ 78.715941637395318, 30.21676558705931 ], [ 78.712027819678454, 30.21676558705931 ], [ 78.712027819678454, 30.224675935287291 ] ] ] } },
{ "type": "Feature", "properties": { "hazard": "LOW", "area_m2": 165345.15667445288, "area_ha": 16.534515667445287 }, "geometry": { "type": "Polygon", "coordinates": [ [ [ 78.43414676178179, 30.208855238831333 ], [ 78.438060579498639, 30.208855238831333 ], [ 78.438060579498639, 30.204900064717343 ], [ 78.43414676178179, 30.204900064717343 ], [ 78.43414676178179, 30.208855238831333 ] ] ] } },
{ "type": "Feature", "properties": { "hazard": "LOW", "area_m2": 661370.03479367821, "area_ha": 66.13700347936782 }, "geometry": { "type": "Polygon", "coordinates": [ [ [ 78.441974397215489, 30.208855238831333 ], [ 78.457629668082916, 30.208855238831333 ], [ 78.457629668082916, 30.204900064717343 ], [ 78.441974397215489, 30.204900064717343 ], [ 78.441974397215489, 30.208855238831333 ] ] ] } },
{ "type": "Feature", "properties": { "hazard": "LOW", "area_m2": 992276.19740652374, "area_ha": 99.227619740652372 }, "geometry": { "type": "Polygon", "coordinates": [ [ [ 78.285421688541319, 30.204900064717343 ], [ 78.308904594842446, 30.204900064717343 ], [ 78.308904594842446, 30.200944890603353 ], [ 78.285421688541319, 30.200944890603353 ], [ 78.285421688541319, 30.204900064717343 ] ] ] } },
{ "type": "Feature", "properties": { "hazard": "LOW", "area_m2": 165352.44768983874, "area_ha": 16.535244768983873 }, "geometry": { "type": "Polygon", "coordinates": [ [ [ 78.430232944064926, 30.204900064717343 ], [ 78.43414676178179, 30.204900064717343 ], [ 78.43414676178179, 30.200944890603353 ], [ 78.430232944064926, 30.200944890603353 ], [ 78.430232944064926, 30.204900064717343 ] ] ] } },
{ "type": "Feature", "properties": { "hazard": "LOW", "area_m2": 165369.01791523496, "area_ha": 16.536901791523494 }, "geometry": { "type": "Polygon", "coordinates": [ [ [ 78.657234371642502, 30.169303497691438 ], [ 78.661148189359352, 30.169303497691438 ], [ 78.661148189359352, 30.165348323577447 ], [ 78.657234371642502, 30.165348323577447 ], [ 78.657234371642502, 30.169303497691438 ] ] ] } },
{ "type": "Feature", "properties": { "hazard": "LOW", "area_m2": 330753.1567562595, "area_ha": 33.075315675625951 }, "geometry": { "type": "Polygon", "coordinates": [ [ [ 78.649406736208789, 30.165348323577447 ], [ 78.657234371642502, 30.165348323577447 ], [ 78.657234371642502, 30.161393149463457 ], [ 78.649406736208789, 30.161393149463457 ], [ 78.649406736208789, 30.165348323577447 ] ] ] } },
{ "type": "Feature", "properties": { "hazard": "LOW", "area_m2": 330825.35928759386, "area_ha": 33.082535928759384 }, "geometry": { "type": "Polygon", "coordinates": [ [ [ 78.473284938950329, 30.165348323577447 ], [ 78.477198756667192, 30.165348323577447 ], [ 78.477198756667192, 30.15743797534947 ], [ 78.473284938950329, 30.15743797534947 ], [ 78.473284938950329, 30.165348323577447 ] ] ] } },
{ "type": "Feature", "properties": { "hazard": "LOW", "area_m2": 165384.14053460077, "area_ha": 16.538414053460077 }, "geometry": { "type": "Polygon", "coordinates": [ [ [ 78.645492918491925, 30.161393149463457 ], [ 78.649406736208789, 30.161393149463457 ], [ 78.649406736208789, 30.15743797534947 ], [ 78.645492918491925, 30.15743797534947 ], [ 78.645492918491925, 30.161393149463457 ] ] ] } },
{ "type": "Feature", "properties": { "hazard": "LOW", "area_m2": 1676585099.9131207, "area_ha": 167658.50999131208 }, "geometry": { "type": "Polygon", "coordinates": [ [ [ 78.281507870824456, 30.493627775038576 ], [ 78.281507870824456, 30.497582949152562 ], [ 78.285421688541319, 30.497582949152562 ], [ 78.285421688541319, 30.51340364560852 ], [ 78.297163141691883, 30.51340364560852 ], [ 78.297163141691883, 30.51735881972251 ], [ 78.304990777125582, 30.51735881972251 ], [ 78.304990777125582, 30.5213139938365 ], [ 78.301076959408732, 30.5213139938365 ], [ 78.301076959408732, 30.533179516178468 ], [ 78.297163141691883, 30.533179516178468 ], [ 78.297163141691883, 30.537134690292458 ], [ 78.293249323975019, 30.537134690292458 ], [ 78.293249323975019, 30.541089864406448 ], [ 78.289335506258169, 30.541089864406448 ], [ 78.289335506258169, 30.549000212634425 ], [ 78.293249323975019, 30.549000212634425 ], [ 78.293249323975019, 30.552955386748415 ], [ 78.297163141691883, 30.552955386748415 ], [ 78.297163141691883, 30.560865734976396 ], [ 78.301076959408732, 30.560865734976396 ], [ 78.301076959408732, 30.564820909090386 ], [ 78.304990777125582, 30.564820909090386 ], [ 78.304990777125582, 30.572731257318363 ], [ 78.312818412559295, 30.572731257318363 ], [ 78.312818412559295, 30.580641605546344 ], [ 78.379353313745824, 30.580641605546344 ], [ 78.379353313745824, 30.58459677966033 ], [ 78.375439496028974, 30.58459677966033 ], [ 78.375439496028974, 30.592507127888311 ], [ 78.379353313745824, 30.592507127888311 ], [ 78.379353313745824, 30.604372650230278 ], [ 78.375439496028974, 30.604372650230278 ], [ 78.375439496028974, 30.612282998458259 ], [ 78.383267131462674, 30.612282998458259 ], [ 78.383267131462674, 30.620193346686236 ], [ 78.387180949179537, 30.620193346686236 ], [ 78.387180949179537, 30.628103694914216 ], [ 78.391094766896387, 30.628103694914216 ], [ 78.391094766896387, 30.632058869028207 ], [ 78.395008584613237, 30.632058869028207 ], [ 78.395008584613237, 30.643924391370174 ], [ 78.473284938950329, 30.643924391370174 ], [ 78.473284938950329, 30.580641605546344 ], [ 78.535906022420008, 30.580641605546344 ], [ 78.535906022420008, 30.51735881972251 ], [ 78.598527105889673, 30.51735881972251 ], [ 78.598527105889673, 30.45407603389868 ], [ 78.622010012190799, 30.45407603389868 ], [ 78.622010012190799, 30.442210511556709 ], [ 78.625923829907663, 30.442210511556709 ], [ 78.625923829907663, 30.426389815100752 ], [ 78.633751465341362, 30.426389815100752 ], [ 78.633751465341362, 30.418479466872775 ], [ 78.641579100775076, 30.418479466872775 ], [ 78.641579100775076, 30.414524292758784 ], [ 78.661148189359352, 30.414524292758784 ], [ 78.661148189359352, 30.418479466872775 ], [ 78.680717277943629, 30.418479466872775 ], [ 78.680717277943629, 30.414524292758784 ], [ 78.688544913377328, 30.414524292758784 ], [ 78.688544913377328, 30.410569118644794 ], [ 78.692458731094192, 30.410569118644794 ], [ 78.692458731094192, 30.402658770416817 ], [ 78.696372548811041, 30.402658770416817 ], [ 78.696372548811041, 30.390793248074846 ], [ 78.786390356298696, 30.390793248074846 ], [ 78.786390356298696, 30.38683807396086 ], [ 78.790304174015546, 30.38683807396086 ], [ 78.790304174015546, 30.390793248074846 ], [ 78.821614715750385, 30.390793248074846 ], [ 78.821614715750385, 30.38683807396086 ], [ 78.817700898033536, 30.38683807396086 ], [ 78.817700898033536, 30.367062203390912 ], [ 78.821614715750385, 30.367062203390912 ], [ 78.821614715750385, 30.363107029276922 ], [ 78.817700898033536, 30.363107029276922 ], [ 78.817700898033536, 30.343331158706974 ], [ 78.821614715750385, 30.343331158706974 ], [ 78.821614715750385, 30.327510462251016 ], [ 78.849011439768375, 30.327510462251016 ], [ 78.849011439768375, 30.311689765795059 ], [ 78.841183804334662, 30.311689765795059 ], [ 78.841183804334662, 30.303779417567078 ], [ 78.837269986617812, 30.303779417567078 ], [ 78.837269986617812, 30.299824243453088 ], [ 78.821614715750385, 30.299824243453088 ], [ 78.821614715750385, 30.295869069339101 ], [ 78.817700898033536, 30.295869069339101 ], [ 78.817700898033536, 30.28400354699713 ], [ 78.813787080316672, 30.28400354699713 ], [ 78.813787080316672, 30.287958721111121 ], [ 78.805959444882973, 30.287958721111121 ], [ 78.805959444882973, 30.28400354699713 ], [ 78.802045627166109, 30.28400354699713 ], [ 78.802045627166109, 30.280048372883144 ], [ 78.798131809449259, 30.280048372883144 ], [ 78.798131809449259, 30.276093198769154 ], [ 78.79421799173241, 30.276093198769154 ], [ 78.79421799173241, 30.272138024655163 ], [ 78.790304174015546, 30.272138024655163 ], [ 78.790304174015546, 30.264227676427183 ], [ 78.786390356298696, 30.264227676427183 ], [ 78.786390356298696, 30.256317328199206 ], [ 78.778562720864983, 30.256317328199206 ], [ 78.778562720864983, 30.248406979971225 ], [ 78.76682126771442, 30.248406979971225 ], [ 78.76682126771442, 30.244451805857238 ], [ 78.76290744999757, 30.244451805857238 ], [ 78.76290744999757, 30.240496631743248 ], [ 78.75899363228072, 30.240496631743248 ], [ 78.75899363228072, 30.244451805857238 ], [ 78.723769272829017, 30.244451805857238 ], [ 78.723769272829017, 30.264227676427183 ], [ 78.712027819678454, 30.264227676427183 ], [ 78.712027819678454, 30.260272502313196 ], [ 78.708114001961604, 30.260272502313196 ], [ 78.708114001961604, 30.256317328199206 ], [ 78.712027819678454, 30.256317328199206 ], [ 78.712027819678454, 30.244451805857238 ], [ 78.708114001961604, 30.244451805857238 ], [ 78.708114001961604, 30.240496631743248 ], [ 78.700286366527891, 30.240496631743248 ], [ 78.700286366527891, 30.236541457629258 ], [ 78.704200184244755, 30.236541457629258 ], [ 78.704200184244755, 30.200944890603353 ], [ 78.661148189359352, 30.200944890603353 ], [ 78.661148189359352, 30.177213845919415 ], [ 78.653320553925639, 30.177213845919415 ], [ 78.653320553925639, 30.169303497691438 ], [ 78.645492918491925, 30.169303497691438 ], [ 78.645492918491925, 30.165348323577447 ], [ 78.641579100775076, 30.165348323577447 ], [ 78.641579100775076, 30.161393149463457 ], [ 78.637665283058226, 30.161393149463457 ], [ 78.637665283058226, 30.15743797534947 ], [ 78.633751465341362, 30.15743797534947 ], [ 78.633751465341362, 30.15348280123548 ], [ 78.629837647624512, 30.15348280123548 ], [ 78.629837647624512, 30.14952762712149 ], [ 78.6141823767571, 30.14952762712149 ], [ 78.6141823767571, 30.1455724530075 ], [ 78.606354741323386, 30.1455724530075 ], [ 78.606354741323386, 30.141617278893509 ], [ 78.590699470455974, 30.141617278893509 ], [ 78.590699470455974, 30.137662104779523 ], [ 78.500681662968319, 30.137662104779523 ], [ 78.500681662968319, 30.1455724530075 ], [ 78.496767845251455, 30.1455724530075 ], [ 78.496767845251455, 30.14952762712149 ], [ 78.488940209817756, 30.14952762712149 ], [ 78.488940209817756, 30.161393149463457 ], [ 78.485026392100892, 30.161393149463457 ], [ 78.485026392100892, 30.165348323577447 ], [ 78.488940209817756, 30.165348323577447 ], [ 78.488940209817756, 30.169303497691438 ], [ 78.481112574384042, 30.169303497691438 ], [ 78.481112574384042, 30.173258671805428 ], [ 78.477198756667192, 30.173258671805428 ], [ 78.477198756667192, 30.177213845919415 ], [ 78.473284938950329, 30.177213845919415 ], [ 78.473284938950329, 30.200944890603353 ], [ 78.469371121233479, 30.200944890603353 ], [ 78.469371121233479, 30.208855238831333 ], [ 78.465457303516629, 30.208855238831333 ], [ 78.465457303516629, 30.21281041294532 ], [ 78.457629668082916, 30.21281041294532 ], [ 78.457629668082916, 30.21676558705931 ], [ 78.430232944064926, 30.21676558705931 ], [ 78.430232944064926, 30.208855238831333 ], [ 78.426319126348076, 30.208855238831333 ], [ 78.426319126348076, 30.204900064717343 ], [ 78.391094766896387, 30.204900064717343 ], [ 78.391094766896387, 30.200944890603353 ], [ 78.328473683426708, 30.200944890603353 ], [ 78.328473683426708, 30.204900064717343 ], [ 78.320646047993009, 30.204900064717343 ], [ 78.320646047993009, 30.208855238831333 ], [ 78.308904594842446, 30.208855238831333 ], [ 78.308904594842446, 30.21281041294532 ], [ 78.293249323975019, 30.21281041294532 ], [ 78.293249323975019, 30.224675935287291 ], [ 78.297163141691883, 30.224675935287291 ], [ 78.297163141691883, 30.228631109401281 ], [ 78.301076959408732, 30.228631109401281 ], [ 78.301076959408732, 30.232586283515268 ], [ 78.297163141691883, 30.232586283515268 ], [ 78.297163141691883, 30.240496631743248 ], [ 78.293249323975019, 30.240496631743248 ], [ 78.293249323975019, 30.244451805857238 ], [ 78.289335506258169, 30.244451805857238 ], [ 78.289335506258169, 30.252362154085215 ], [ 78.293249323975019, 30.252362154085215 ], [ 78.293249323975019, 30.256317328199206 ], [ 78.297163141691883, 30.256317328199206 ], [ 78.297163141691883, 30.264227676427183 ], [ 78.301076959408732, 30.264227676427183 ], [ 78.301076959408732, 30.28400354699713 ], [ 78.297163141691883, 30.28400354699713 ], [ 78.297163141691883, 30.287958721111121 ], [ 78.301076959408732, 30.287958721111121 ], [ 78.301076959408732, 30.327510462251016 ], [ 78.265852599957043, 30.327510462251016 ], [ 78.265852599957043, 30.331465636365007 ], [ 78.261938782240179, 30.331465636365007 ], [ 78.261938782240179, 30.351241506934954 ], [ 78.25411114680648, 30.351241506934954 ], [ 78.25411114680648, 30.355196681048941 ], [ 78.246283511372766, 30.355196681048941 ], [ 78.246283511372766, 30.363107029276922 ], [ 78.25411114680648, 30.363107029276922 ], [ 78.25411114680648, 30.371017377504899 ], [ 78.250197329089616, 30.371017377504899 ], [ 78.250197329089616, 30.367062203390912 ], [ 78.246283511372766, 30.367062203390912 ], [ 78.246283511372766, 30.374972551618889 ], [ 78.250197329089616, 30.374972551618889 ], [ 78.250197329089616, 30.382882899846869 ], [ 78.25411114680648, 30.382882899846869 ], [ 78.25411114680648, 30.38683807396086 ], [ 78.250197329089616, 30.38683807396086 ], [ 78.250197329089616, 30.394748422188837 ], [ 78.25411114680648, 30.394748422188837 ], [ 78.25411114680648, 30.398703596302827 ], [ 78.258024964523329, 30.398703596302827 ], [ 78.258024964523329, 30.402658770416817 ], [ 78.261938782240179, 30.402658770416817 ], [ 78.261938782240179, 30.406613944530804 ], [ 78.265852599957043, 30.406613944530804 ], [ 78.265852599957043, 30.414524292758784 ], [ 78.261938782240179, 30.414524292758784 ], [ 78.261938782240179, 30.426389815100752 ], [ 78.258024964523329, 30.426389815100752 ], [ 78.258024964523329, 30.430344989214742 ], [ 78.25411114680648, 30.430344989214742 ], [ 78.25411114680648, 30.438255337442722 ], [ 78.261938782240179, 30.438255337442722 ], [ 78.261938782240179, 30.442210511556709 ], [ 78.265852599957043, 30.442210511556709 ], [ 78.265852599957043, 30.45012085978469 ], [ 78.261938782240179, 30.45012085978469 ], [ 78.261938782240179, 30.45407603389868 ], [ 78.258024964523329, 30.45407603389868 ], [ 78.258024964523329, 30.469896730354638 ], [ 78.261938782240179, 30.469896730354638 ], [ 78.261938782240179, 30.477807078582615 ], [ 78.265852599957043, 30.477807078582615 ], [ 78.265852599957043, 30.481762252696605 ], [ 78.269766417673893, 30.481762252696605 ], [ 78.269766417673893, 30.485717426810595 ], [ 78.277594053107606, 30.485717426810595 ], [ 78.277594053107606, 30.493627775038576 ], [ 78.281507870824456, 30.493627775038576 ] ], [ [ 78.629837647624512, 30.15348280123548 ], [ 78.629837647624512, 30.15743797534947 ], [ 78.625923829907663, 30.15743797534947 ], [ 78.625923829907663, 30.15348280123548 ], [ 78.629837647624512, 30.15348280123548 ] ], [ [ 78.606354741323386, 30.1455724530075 ], [ 78.606354741323386, 30.14952762712149 ], [ 78.602440923606537, 30.14952762712149 ], [ 78.602440923606537, 30.15348280123548 ], [ 78.598527105889673, 30.15348280123548 ], [ 78.598527105889673, 30.1455724530075 ], [ 78.606354741323386, 30.1455724530075 ] ], [ [ 78.281507870824456, 30.493627775038576 ], [ 78.281507870824456, 30.489672600924585 ], [ 78.285421688541319, 30.489672600924585 ], [ 78.285421688541319, 30.493627775038576 ], [ 78.281507870824456, 30.493627775038576 ] ], [ [ 78.629837647624512, 30.169303497691438 ], [ 78.629837647624512, 30.165348323577447 ], [ 78.633751465341362, 30.165348323577447 ], [ 78.633751465341362, 30.169303497691438 ], [ 78.629837647624512, 30.169303497691438 ] ], [ [ 78.559388928721134, 30.45407603389868 ], [ 78.559388928721134, 30.45012085978469 ], [ 78.555475111004284, 30.45012085978469 ], [ 78.555475111004284, 30.446165685670699 ], [ 78.551561293287421, 30.446165685670699 ], [ 78.551561293287421, 30.442210511556709 ], [ 78.547647475570571, 30.442210511556709 ], [ 78.547647475570571, 30.438255337442722 ], [ 78.543733657853707, 30.438255337442722 ], [ 78.543733657853707, 30.434300163328732 ], [ 78.539819840136857, 30.434300163328732 ], [ 78.539819840136857, 30.430344989214742 ], [ 78.535906022420008, 30.430344989214742 ], [ 78.535906022420008, 30.414524292758784 ], [ 78.539819840136857, 30.414524292758784 ], [ 78.539819840136857, 30.410569118644794 ], [ 78.543733657853707, 30.410569118644794 ], [ 78.543733657853707, 30.406613944530804 ], [ 78.547647475570571, 30.406613944530804 ], [ 78.547647475570571, 30.402658770416817 ], [ 78.551561293287421, 30.402658770416817 ], [ 78.551561293287421, 30.398703596302827 ], [ 78.555475111004284, 30.398703596302827 ], [ 78.555475111004284, 30.394748422188837 ], [ 78.559388928721134, 30.394748422188837 ], [ 78.559388928721134, 30.390793248074846 ], [ 78.575044199588547, 30.390793248074846 ], [ 78.575044199588547, 30.394748422188837 ], [ 78.578958017305411, 30.394748422188837 ], [ 78.578958017305411, 30.398703596302827 ], [ 78.58287183502226, 30.398703596302827 ], [ 78.58287183502226, 30.402658770416817 ], [ 78.58678565273911, 30.402658770416817 ], [ 78.58678565273911, 30.406613944530804 ], [ 78.590699470455974, 30.406613944530804 ], [ 78.590699470455974, 30.410569118644794 ], [ 78.594613288172823, 30.410569118644794 ], [ 78.594613288172823, 30.414524292758784 ], [ 78.598527105889673, 30.414524292758784 ], [ 78.598527105889673, 30.430344989214742 ], [ 78.594613288172823, 30.430344989214742 ], [ 78.594613288172823, 30.434300163328732 ], [ 78.590699470455974, 30.434300163328732 ], [ 78.590699470455974, 30.438255337442722 ], [ 78.58678565273911, 30.438255337442722 ], [ 78.58678565273911, 30.442210511556709 ], [ 78.578958017305411, 30.442210511556709 ], [ 78.578958017305411, 30.45407603389868 ], [ 78.559388928721134, 30.45407603389868 ] ], [ [ 78.555475111004284, 30.38683807396086 ], [ 78.555475111004284, 30.382882899846869 ], [ 78.551561293287421, 30.382882899846869 ], [ 78.551561293287421, 30.378927725732879 ], [ 78.555475111004284, 30.378927725732879 ], [ 78.555475111004284, 30.367062203390912 ], [ 78.578958017305411, 30.367062203390912 ], [ 78.578958017305411, 30.371017377504899 ], [ 78.575044199588547, 30.371017377504899 ], [ 78.575044199588547, 30.374972551618889 ], [ 78.578958017305411, 30.374972551618889 ], [ 78.578958017305411, 30.382882899846869 ], [ 78.58287183502226, 30.382882899846869 ], [ 78.58287183502226, 30.38683807396086 ], [ 78.571130381871697, 30.38683807396086 ], [ 78.571130381871697, 30.382882899846869 ], [ 78.563302746437984, 30.382882899846869 ], [ 78.563302746437984, 30.38683807396086 ], [ 78.555475111004284, 30.38683807396086 ] ], [ [ 78.563302746437984, 30.204900064717343 ], [ 78.563302746437984, 30.200944890603353 ], [ 78.567216564154847, 30.200944890603353 ], [ 78.567216564154847, 30.204900064717343 ], [ 78.563302746437984, 30.204900064717343 ] ], [ [ 78.512423116118882, 30.264227676427183 ], [ 78.512423116118882, 30.236541457629258 ], [ 78.508509298402018, 30.236541457629258 ], [ 78.508509298402018, 30.228631109401281 ], [ 78.504595480685168, 30.228631109401281 ], [ 78.504595480685168, 30.224675935287291 ], [ 78.500681662968319, 30.224675935287291 ], [ 78.500681662968319, 30.21676558705931 ], [ 78.496767845251455, 30.21676558705931 ], [ 78.496767845251455, 30.200944890603353 ], [ 78.516336933835731, 30.200944890603353 ], [ 78.516336933835731, 30.2207207611733 ], [ 78.520250751552581, 30.2207207611733 ], [ 78.520250751552581, 30.224675935287291 ], [ 78.535906022420008, 30.224675935287291 ], [ 78.535906022420008, 30.2207207611733 ], [ 78.539819840136857, 30.2207207611733 ], [ 78.539819840136857, 30.228631109401281 ], [ 78.543733657853707, 30.228631109401281 ], [ 78.543733657853707, 30.236541457629258 ], [ 78.547647475570571, 30.236541457629258 ], [ 78.547647475570571, 30.252362154085215 ], [ 78.543733657853707, 30.252362154085215 ], [ 78.543733657853707, 30.260272502313196 ], [ 78.547647475570571, 30.260272502313196 ], [ 78.547647475570571, 30.264227676427183 ], [ 78.512423116118882, 30.264227676427183 ] ], [ [ 78.516336933835731, 30.200944890603353 ], [ 78.516336933835731, 30.193034542375376 ], [ 78.520250751552581, 30.193034542375376 ], [ 78.520250751552581, 30.185124194147395 ], [ 78.528078386986294, 30.185124194147395 ], [ 78.528078386986294, 30.181169020033405 ], [ 78.535906022420008, 30.181169020033405 ], [ 78.535906022420008, 30.200944890603353 ], [ 78.516336933835731, 30.200944890603353 ] ], [ [ 78.535906022420008, 30.2207207611733 ], [ 78.531992204703144, 30.2207207611733 ], [ 78.531992204703144, 30.21676558705931 ], [ 78.535906022420008, 30.21676558705931 ], [ 78.535906022420008, 30.2207207611733 ] ], [ [ 78.547647475570571, 30.252362154085215 ], [ 78.551561293287421, 30.252362154085215 ], [ 78.551561293287421, 30.256317328199206 ], [ 78.547647475570571, 30.256317328199206 ], [ 78.547647475570571, 30.252362154085215 ] ], [ [ 78.535906022420008, 30.38683807396086 ], [ 78.535906022420008, 30.382882899846869 ], [ 78.531992204703144, 30.382882899846869 ], [ 78.531992204703144, 30.374972551618889 ], [ 78.535906022420008, 30.374972551618889 ], [ 78.535906022420008, 30.367062203390912 ], [ 78.543733657853707, 30.367062203390912 ], [ 78.543733657853707, 30.378927725732879 ], [ 78.547647475570571, 30.378927725732879 ], [ 78.547647475570571, 30.382882899846869 ], [ 78.539819840136857, 30.382882899846869 ], [ 78.539819840136857, 30.38683807396086 ], [ 78.535906022420008, 30.38683807396086 ] ], [ [ 78.524164569269445, 30.371017377504899 ], [ 78.524164569269445, 30.363107029276922 ], [ 78.528078386986294, 30.363107029276922 ], [ 78.528078386986294, 30.367062203390912 ], [ 78.531992204703144, 30.367062203390912 ], [ 78.531992204703144, 30.371017377504899 ], [ 78.524164569269445, 30.371017377504899 ] ], [ [ 78.473284938950329, 30.390793248074846 ], [ 78.473284938950329, 30.38683807396086 ], [ 78.469371121233479, 30.38683807396086 ], [ 78.469371121233479, 30.371017377504899 ], [ 78.461543485799766, 30.371017377504899 ], [ 78.461543485799766, 30.378927725732879 ], [ 78.465457303516629, 30.378927725732879 ], [ 78.465457303516629, 30.38683807396086 ], [ 78.457629668082916, 30.38683807396086 ], [ 78.457629668082916, 30.382882899846869 ], [ 78.453715850366052, 30.382882899846869 ], [ 78.453715850366052, 30.38683807396086 ], [ 78.445888214932353, 30.38683807396086 ], [ 78.445888214932353, 30.374972551618889 ], [ 78.453715850366052, 30.374972551618889 ], [ 78.453715850366052, 30.378927725732879 ], [ 78.457629668082916, 30.378927725732879 ], [ 78.457629668082916, 30.363107029276922 ], [ 78.465457303516629, 30.363107029276922 ], [ 78.465457303516629, 30.367062203390912 ], [ 78.469371121233479, 30.367062203390912 ], [ 78.469371121233479, 30.363107029276922 ], [ 78.473284938950329, 30.363107029276922 ], [ 78.473284938950329, 30.359151855162931 ], [ 78.485026392100892, 30.359151855162931 ], [ 78.485026392100892, 30.378927725732879 ], [ 78.492854027534605, 30.378927725732879 ], [ 78.492854027534605, 30.363107029276922 ], [ 78.496767845251455, 30.363107029276922 ], [ 78.496767845251455, 30.367062203390912 ], [ 78.504595480685168, 30.367062203390912 ], [ 78.504595480685168, 30.363107029276922 ], [ 78.512423116118882, 30.363107029276922 ], [ 78.512423116118882, 30.367062203390912 ], [ 78.516336933835731, 30.367062203390912 ], [ 78.516336933835731, 30.371017377504899 ], [ 78.504595480685168, 30.371017377504899 ], [ 78.504595480685168, 30.378927725732879 ], [ 78.524164569269445, 30.378927725732879 ], [ 78.524164569269445, 30.38683807396086 ], [ 78.520250751552581, 30.38683807396086 ], [ 78.520250751552581, 30.390793248074846 ], [ 78.516336933835731, 30.390793248074846 ], [ 78.516336933835731, 30.38683807396086 ], [ 78.504595480685168, 30.38683807396086 ], [ 78.504595480685168, 30.382882899846869 ], [ 78.496767845251455, 30.382882899846869 ], [ 78.496767845251455, 30.38683807396086 ], [ 78.500681662968319, 30.38683807396086 ], [ 78.500681662968319, 30.390793248074846 ], [ 78.492854027534605, 30.390793248074846 ], [ 78.492854027534605, 30.38683807396086 ], [ 78.488940209817756, 30.38683807396086 ], [ 78.488940209817756, 30.390793248074846 ], [ 78.473284938950329, 30.390793248074846 ] ], [ [ 78.504595480685168, 30.244451805857238 ], [ 78.504595480685168, 30.240496631743248 ], [ 78.508509298402018, 30.240496631743248 ], [ 78.508509298402018, 30.244451805857238 ], [ 78.504595480685168, 30.244451805857238 ] ], [ [ 78.500681662968319, 30.45803120801267 ], [ 78.500681662968319, 30.45407603389868 ], [ 78.504595480685168, 30.45407603389868 ], [ 78.504595480685168, 30.45803120801267 ], [ 78.500681662968319, 30.45803120801267 ] ], [ [ 78.473284938950329, 30.264227676427183 ], [ 78.473284938950329, 30.240496631743248 ], [ 78.481112574384042, 30.240496631743248 ], [ 78.481112574384042, 30.244451805857238 ], [ 78.485026392100892, 30.244451805857238 ], [ 78.485026392100892, 30.248406979971225 ], [ 78.488940209817756, 30.248406979971225 ], [ 78.488940209817756, 30.264227676427183 ], [ 78.473284938950329, 30.264227676427183 ] ], [ [ 78.438060579498639, 30.323555288137026 ], [ 78.438060579498639, 30.319600114023036 ], [ 78.43414676178179, 30.319600114023036 ], [ 78.43414676178179, 30.315644939909049 ], [ 78.430232944064926, 30.315644939909049 ], [ 78.430232944064926, 30.311689765795059 ], [ 78.426319126348076, 30.311689765795059 ], [ 78.426319126348076, 30.307734591681069 ], [ 78.422405308631227, 30.307734591681069 ], [ 78.422405308631227, 30.299824243453088 ], [ 78.418491490914363, 30.299824243453088 ], [ 78.418491490914363, 30.287958721111121 ], [ 78.422405308631227, 30.287958721111121 ], [ 78.422405308631227, 30.28400354699713 ], [ 78.426319126348076, 30.28400354699713 ], [ 78.426319126348076, 30.276093198769154 ], [ 78.430232944064926, 30.276093198769154 ], [ 78.430232944064926, 30.264227676427183 ], [ 78.445888214932353, 30.264227676427183 ], [ 78.445888214932353, 30.272138024655163 ], [ 78.449802032649202, 30.272138024655163 ], [ 78.449802032649202, 30.276093198769154 ], [ 78.453715850366052, 30.276093198769154 ], [ 78.453715850366052, 30.280048372883144 ], [ 78.457629668082916, 30.280048372883144 ], [ 78.457629668082916, 30.28400354699713 ], [ 78.461543485799766, 30.28400354699713 ], [ 78.461543485799766, 30.291913895225111 ], [ 78.465457303516629, 30.291913895225111 ], [ 78.465457303516629, 30.299824243453088 ], [ 78.461543485799766, 30.299824243453088 ], [ 78.461543485799766, 30.307734591681069 ], [ 78.457629668082916, 30.307734591681069 ], [ 78.457629668082916, 30.315644939909049 ], [ 78.449802032649202, 30.315644939909049 ], [ 78.449802032649202, 30.319600114023036 ], [ 78.445888214932353, 30.319600114023036 ], [ 78.445888214932353, 30.323555288137026 ], [ 78.438060579498639, 30.323555288137026 ] ], [ [ 78.445888214932353, 30.323555288137026 ], [ 78.449802032649202, 30.323555288137026 ], [ 78.449802032649202, 30.327510462251016 ], [ 78.445888214932353, 30.327510462251016 ], [ 78.445888214932353, 30.323555288137026 ] ], [ [ 78.445888214932353, 30.371017377504899 ], [ 78.445888214932353, 30.363107029276922 ], [ 78.449802032649202, 30.363107029276922 ], [ 78.449802032649202, 30.367062203390912 ], [ 78.453715850366052, 30.367062203390912 ], [ 78.453715850366052, 30.371017377504899 ], [ 78.445888214932353, 30.371017377504899 ] ], [ [ 78.426319126348076, 30.390793248074846 ], [ 78.426319126348076, 30.374972551618889 ], [ 78.430232944064926, 30.374972551618889 ], [ 78.430232944064926, 30.359151855162931 ], [ 78.43414676178179, 30.359151855162931 ], [ 78.43414676178179, 30.374972551618889 ], [ 78.441974397215489, 30.374972551618889 ], [ 78.441974397215489, 30.382882899846869 ], [ 78.438060579498639, 30.382882899846869 ], [ 78.438060579498639, 30.378927725732879 ], [ 78.43414676178179, 30.378927725732879 ], [ 78.43414676178179, 30.390793248074846 ], [ 78.426319126348076, 30.390793248074846 ] ], [ [ 78.383267131462674, 30.382882899846869 ], [ 78.383267131462674, 30.378927725732879 ], [ 78.379353313745824, 30.378927725732879 ], [ 78.379353313745824, 30.359151855162931 ], [ 78.383267131462674, 30.359151855162931 ], [ 78.383267131462674, 30.355196681048941 ], [ 78.387180949179537, 30.355196681048941 ], [ 78.387180949179537, 30.351241506934954 ], [ 78.395008584613237, 30.351241506934954 ], [ 78.395008584613237, 30.347286332820964 ], [ 78.410663855480664, 30.347286332820964 ], [ 78.410663855480664, 30.359151855162931 ], [ 78.414577673197513, 30.359151855162931 ], [ 78.414577673197513, 30.371017377504899 ], [ 78.410663855480664, 30.371017377504899 ], [ 78.410663855480664, 30.378927725732879 ], [ 78.398922402330101, 30.378927725732879 ], [ 78.398922402330101, 30.382882899846869 ], [ 78.383267131462674, 30.382882899846869 ] ], [ [ 78.410663855480664, 30.390793248074846 ], [ 78.410663855480664, 30.38683807396086 ], [ 78.414577673197513, 30.38683807396086 ], [ 78.414577673197513, 30.390793248074846 ], [ 78.410663855480664, 30.390793248074846 ] ], [ [ 78.375439496028974, 30.315644939909049 ], [ 78.375439496028974, 30.311689765795059 ], [ 78.371525678312111, 30.311689765795059 ], [ 78.371525678312111, 30.307734591681069 ], [ 78.367611860595261, 30.307734591681069 ], [ 78.367611860595261, 30.299824243453088 ], [ 78.363698042878411, 30.299824243453088 ], [ 78.363698042878411, 30.291913895225111 ], [ 78.367611860595261, 30.291913895225111 ], [ 78.367611860595261, 30.28400354699713 ], [ 78.371525678312111, 30.28400354699713 ], [ 78.371525678312111, 30.280048372883144 ], [ 78.375439496028974, 30.280048372883144 ], [ 78.375439496028974, 30.276093198769154 ], [ 78.395008584613237, 30.276093198769154 ], [ 78.395008584613237, 30.280048372883144 ], [ 78.398922402330101, 30.280048372883144 ], [ 78.398922402330101, 30.28400354699713 ], [ 78.40283622004695, 30.28400354699713 ], [ 78.40283622004695, 30.287958721111121 ], [ 78.4067500377638, 30.287958721111121 ], [ 78.4067500377638, 30.291913895225111 ], [ 78.410663855480664, 30.291913895225111 ], [ 78.410663855480664, 30.303779417567078 ], [ 78.4067500377638, 30.303779417567078 ], [ 78.4067500377638, 30.299824243453088 ], [ 78.40283622004695, 30.299824243453088 ], [ 78.40283622004695, 30.303779417567078 ], [ 78.398922402330101, 30.303779417567078 ], [ 78.398922402330101, 30.307734591681069 ], [ 78.395008584613237, 30.307734591681069 ], [ 78.395008584613237, 30.311689765795059 ], [ 78.387180949179537, 30.311689765795059 ], [ 78.387180949179537, 30.315644939909049 ], [ 78.375439496028974, 30.315644939909049 ] ], [ [ 78.348042772010984, 30.390793248074846 ], [ 78.348042772010984, 30.378927725732879 ], [ 78.367611860595261, 30.378927725732879 ], [ 78.367611860595261, 30.382882899846869 ], [ 78.379353313745824, 30.382882899846869 ], [ 78.379353313745824, 30.390793248074846 ], [ 78.348042772010984, 30.390793248074846 ] ], [ [ 78.375439496028974, 30.549000212634425 ], [ 78.375439496028974, 30.545045038520438 ], [ 78.379353313745824, 30.545045038520438 ], [ 78.379353313745824, 30.549000212634425 ], [ 78.375439496028974, 30.549000212634425 ] ], [ [ 78.359784225161548, 30.5213139938365 ], [ 78.359784225161548, 30.51735881972251 ], [ 78.367611860595261, 30.51735881972251 ], [ 78.367611860595261, 30.5213139938365 ], [ 78.359784225161548, 30.5213139938365 ] ], [ [ 78.336301318860421, 30.564820909090386 ], [ 78.336301318860421, 30.560865734976396 ], [ 78.332387501143572, 30.560865734976396 ], [ 78.332387501143572, 30.552955386748415 ], [ 78.328473683426708, 30.552955386748415 ], [ 78.328473683426708, 30.545045038520438 ], [ 78.332387501143572, 30.545045038520438 ], [ 78.332387501143572, 30.537134690292458 ], [ 78.336301318860421, 30.537134690292458 ], [ 78.336301318860421, 30.533179516178468 ], [ 78.348042772010984, 30.533179516178468 ], [ 78.348042772010984, 30.545045038520438 ], [ 78.351956589727834, 30.545045038520438 ], [ 78.351956589727834, 30.549000212634425 ], [ 78.348042772010984, 30.549000212634425 ], [ 78.348042772010984, 30.564820909090386 ], [ 78.336301318860421, 30.564820909090386 ] ], [ [ 78.293249323975019, 30.45407603389868 ], [ 78.293249323975019, 30.45012085978469 ], [ 78.297163141691883, 30.45012085978469 ], [ 78.297163141691883, 30.45407603389868 ], [ 78.293249323975019, 30.45407603389868 ] ], [ [ 78.297163141691883, 30.45012085978469 ], [ 78.297163141691883, 30.438255337442722 ], [ 78.301076959408732, 30.438255337442722 ], [ 78.301076959408732, 30.422434640986765 ], [ 78.304990777125582, 30.422434640986765 ], [ 78.304990777125582, 30.418479466872775 ], [ 78.308904594842446, 30.418479466872775 ], [ 78.308904594842446, 30.414524292758784 ], [ 78.324559865709858, 30.414524292758784 ], [ 78.324559865709858, 30.418479466872775 ], [ 78.328473683426708, 30.418479466872775 ], [ 78.328473683426708, 30.426389815100752 ], [ 78.332387501143572, 30.426389815100752 ], [ 78.332387501143572, 30.434300163328732 ], [ 78.336301318860421, 30.434300163328732 ], [ 78.336301318860421, 30.446165685670699 ], [ 78.332387501143572, 30.446165685670699 ], [ 78.332387501143572, 30.45012085978469 ], [ 78.336301318860421, 30.45012085978469 ], [ 78.336301318860421, 30.45407603389868 ], [ 78.301076959408732, 30.45407603389868 ], [ 78.301076959408732, 30.45012085978469 ], [ 78.297163141691883, 30.45012085978469 ] ] ] } },
{ "type": "Feature", "properties": { "hazard": "LOW", "area_m2": 495603.75977650267, "area_ha": 49.560375977650267 }, "geometry": { "type": "Polygon", "coordinates": [ [ [ 80.880282834815887, 30.14952762712149 ], [ 80.884196652532736, 30.14952762712149 ], [ 80.884196652532736, 30.137662104779523 ], [ 80.880282834815887, 30.137662104779523 ], [ 80.880282834815887, 30.14952762712149 ] ] ] } },
{ "type": "Feature", "properties": { "hazard": "LOW", "area_m2": 2809274.3694687402, "area_ha": 280.92743694687402 }, "geometry": { "type": "Polygon", "coordinates": [ [ [ 80.14448510404722, 30.137662104779523 ], [ 80.164054192631497, 30.137662104779523 ], [ 80.164054192631497, 30.121841408323565 ], [ 80.152312739480934, 30.121841408323565 ], [ 80.152312739480934, 30.125796582437552 ], [ 80.148398921764084, 30.125796582437552 ], [ 80.148398921764084, 30.129751756551542 ], [ 80.14448510404722, 30.129751756551542 ], [ 80.14448510404722, 30.137662104779523 ] ] ] } },
{ "type": "Feature", "properties": { "hazard": "LOW", "area_m2": 661959.23669869779, "area_ha": 66.195923669869785 }, "geometry": { "type": "Polygon", "coordinates": [ [ [ 78.481112574384042, 30.117886234209575 ], [ 78.485026392100892, 30.117886234209575 ], [ 78.485026392100892, 30.109975885981594 ], [ 78.473284938950329, 30.109975885981594 ], [ 78.473284938950329, 30.113931060095585 ], [ 78.481112574384042, 30.113931060095585 ], [ 78.481112574384042, 30.117886234209575 ] ] ] } },
{ "type": "Feature", "properties": { "hazard": "LOW", "area_m2": 165509.06848193856, "area_ha": 16.550906848193858 }, "geometry": { "type": "Polygon", "coordinates": [ [ [ 78.531992204703144, 30.098110363639627 ], [ 78.535906022420008, 30.098110363639627 ], [ 78.535906022420008, 30.094155189525637 ], [ 78.531992204703144, 30.094155189525637 ], [ 78.531992204703144, 30.098110363639627 ] ] ] } },
{ "type": "Feature", "properties": { "hazard": "LOW", "area_m2": 165516.30858939083, "area_ha": 16.551630858939085 }, "geometry": { "type": "Polygon", "coordinates": [ [ [ 78.528078386986294, 30.094155189525637 ], [ 78.531992204703144, 30.094155189525637 ], [ 78.531992204703144, 30.090200015411646 ], [ 78.528078386986294, 30.090200015411646 ], [ 78.528078386986294, 30.094155189525637 ] ] ] } },
{ "type": "Feature", "properties": { "hazard": "LOW", "area_m2": 15391222.929326417, "area_ha": 1539.1222929326416 }, "geometry": { "type": "Polygon", "coordinates": [ [ [ 78.496767845251455, 30.125796582437552 ], [ 78.531992204703144, 30.125796582437552 ], [ 78.531992204703144, 30.121841408323565 ], [ 78.535906022420008, 30.121841408323565 ], [ 78.535906022420008, 30.106020711867608 ], [ 78.524164569269445, 30.106020711867608 ], [ 78.524164569269445, 30.094155189525637 ], [ 78.520250751552581, 30.094155189525637 ], [ 78.520250751552581, 30.090200015411646 ], [ 78.512423116118882, 30.090200015411646 ], [ 78.512423116118882, 30.102065537753617 ], [ 78.504595480685168, 30.102065537753617 ], [ 78.504595480685168, 30.098110363639627 ], [ 78.500681662968319, 30.098110363639627 ], [ 78.500681662968319, 30.094155189525637 ], [ 78.496767845251455, 30.094155189525637 ], [ 78.496767845251455, 30.090200015411646 ], [ 78.481112574384042, 30.090200015411646 ], [ 78.481112574384042, 30.08624484129766 ], [ 78.477198756667192, 30.08624484129766 ], [ 78.477198756667192, 30.094155189525637 ], [ 78.473284938950329, 30.094155189525637 ], [ 78.473284938950329, 30.102065537753617 ], [ 78.481112574384042, 30.102065537753617 ], [ 78.481112574384042, 30.106020711867608 ], [ 78.492854027534605, 30.106020711867608 ], [ 78.492854027534605, 30.121841408323565 ], [ 78.496767845251455, 30.121841408323565 ], [ 78.496767845251455, 30.125796582437552 ] ] ] } },
{ "type": "Feature", "properties": { "hazard": "LOW", "area_m2": 34730085.091225944, "area_ha": 3473.0085091225947 }, "geometry": { "type": "Polygon", "coordinates": [ [ [ 79.185599763417855, 30.137662104779523 ], [ 79.224737940586408, 30.137662104779523 ], [ 79.224737940586408, 30.090200015411646 ], [ 79.216910305152695, 30.090200015411646 ], [ 79.216910305152695, 30.098110363639627 ], [ 79.212996487435845, 30.098110363639627 ], [ 79.212996487435845, 30.102065537753617 ], [ 79.193427398851568, 30.102065537753617 ], [ 79.193427398851568, 30.094155189525637 ], [ 79.201255034285282, 30.094155189525637 ], [ 79.201255034285282, 30.090200015411646 ], [ 79.205168852002132, 30.090200015411646 ], [ 79.205168852002132, 30.082289667183669 ], [ 79.212996487435845, 30.082289667183669 ], [ 79.212996487435845, 30.078334493069679 ], [ 79.216910305152695, 30.078334493069679 ], [ 79.216910305152695, 30.074379318955689 ], [ 79.162116857116729, 30.074379318955689 ], [ 79.162116857116729, 30.133706930665532 ], [ 79.166030674833593, 30.133706930665532 ], [ 79.166030674833593, 30.129751756551542 ], [ 79.181685945701005, 30.129751756551542 ], [ 79.181685945701005, 30.133706930665532 ], [ 79.185599763417855, 30.133706930665532 ], [ 79.185599763417855, 30.137662104779523 ] ], [ [ 79.189513581134719, 30.129751756551542 ], [ 79.189513581134719, 30.117886234209575 ], [ 79.193427398851568, 30.117886234209575 ], [ 79.193427398851568, 30.129751756551542 ], [ 79.189513581134719, 30.129751756551542 ] ], [ [ 79.169944492550442, 30.109975885981594 ], [ 79.169944492550442, 30.106020711867608 ], [ 79.181685945701005, 30.106020711867608 ], [ 79.181685945701005, 30.109975885981594 ], [ 79.169944492550442, 30.109975885981594 ] ] ] } },
{ "type": "Feature", "properties": { "hazard": "LOW", "area_m2": 8600444.1231257245, "area_ha": 860.04441231257249 }, "geometry": { "type": "Polygon", "coordinates": [ [ [ 79.326497201224626, 30.102065537753617 ], [ 79.349980107525752, 30.102065537753617 ], [ 79.349980107525752, 30.074379318955689 ], [ 79.310841930357213, 30.074379318955689 ], [ 79.310841930357213, 30.078334493069679 ], [ 79.314755748074063, 30.078334493069679 ], [ 79.314755748074063, 30.082289667183669 ], [ 79.318669565790913, 30.082289667183669 ], [ 79.318669565790913, 30.08624484129766 ], [ 79.322583383507776, 30.08624484129766 ], [ 79.322583383507776, 30.090200015411646 ], [ 79.326497201224626, 30.090200015411646 ], [ 79.326497201224626, 30.102065537753617 ] ] ] } },
{ "type": "Feature", "properties": { "hazard": "LOW", "area_m2": 2645874.600199894, "area_ha": 264.58746001998941 }, "geometry": { "type": "Polygon", "coordinates": [ [ [ 80.817661751346208, 30.074379318955689 ], [ 80.821575569063071, 30.074379318955689 ], [ 80.821575569063071, 30.011096533131859 ], [ 80.817661751346208, 30.011096533131859 ], [ 80.817661751346208, 30.074379318955689 ] ] ] } },
{ "type": "Feature", "properties": { "hazard": "LOW", "area_m2": 24160976.7180782, "area_ha": 2416.09767180782 }, "geometry": { "type": "Polygon", "coordinates": [ [ [ 79.310841930357213, 30.050648274271754 ], [ 79.318669565790913, 30.050648274271754 ], [ 79.318669565790913, 30.046693100157764 ], [ 79.349980107525752, 30.046693100157764 ], [ 79.349980107525752, 30.011096533131859 ], [ 79.287359024056073, 30.011096533131859 ], [ 79.287359024056073, 30.046693100157764 ], [ 79.310841930357213, 30.046693100157764 ], [ 79.310841930357213, 30.050648274271754 ] ] ] } },
{ "type": "Feature", "properties": { "hazard": "LOW", "area_m2": 2646912.6863308377, "area_ha": 264.69126863308378 }, "geometry": { "type": "Polygon", "coordinates": [ [ [ 80.778523574177669, 30.011096533131859 ], [ 80.802006480478795, 30.011096533131859 ], [ 80.802006480478795, 30.003186184903878 ], [ 80.798092662761931, 30.003186184903878 ], [ 80.798092662761931, 29.999231010789892 ], [ 80.782437391894518, 29.999231010789892 ], [ 80.782437391894518, 30.003186184903878 ], [ 80.778523574177669, 30.003186184903878 ], [ 80.778523574177669, 30.011096533131859 ] ] ] } },
{ "type": "Feature", "properties": { "hazard": "LOW", "area_m2": 1655113.4310787271, "area_ha": 165.5113431078727 }, "geometry": { "type": "Polygon", "coordinates": [ [ [ 80.727643943858553, 29.963634443763986 ], [ 80.735471579292266, 29.963634443763986 ], [ 80.735471579292266, 29.955724095536006 ], [ 80.739385397009116, 29.955724095536006 ], [ 80.739385397009116, 29.947813747308025 ], [ 80.727643943858553, 29.947813747308025 ], [ 80.727643943858553, 29.963634443763986 ] ] ] } },
{ "type": "Feature", "properties": { "hazard": "LOW", "area_m2": 165617.07240197645, "area_ha": 16.561707240197645 }, "geometry": { "type": "Polygon", "coordinates": [ [ [ 79.436084097296558, 29.947813747308025 ], [ 79.439997915013407, 29.947813747308025 ], [ 79.439997915013407, 29.943858573194039 ], [ 79.436084097296558, 29.943858573194039 ], [ 79.436084097296558, 29.947813747308025 ] ] ] } },
{ "type": "Feature", "properties": { "hazard": "LOW", "area_m2": 3642753.3118863031, "area_ha": 364.27533118863033 }, "geometry": { "type": "Polygon", "coordinates": [ [ [ 79.933138947337085, 29.947813747308025 ], [ 79.956621853638211, 29.947813747308025 ], [ 79.956621853638211, 29.935948224966058 ], [ 79.952708035921347, 29.935948224966058 ], [ 79.952708035921347, 29.931993050852068 ], [ 79.948794218204497, 29.931993050852068 ], [ 79.948794218204497, 29.928037876738081 ], [ 79.944880400487648, 29.928037876738081 ], [ 79.944880400487648, 29.931993050852068 ], [ 79.937052765053934, 29.931993050852068 ], [ 79.937052765053934, 29.939903399080048 ], [ 79.933138947337085, 29.939903399080048 ], [ 79.933138947337085, 29.947813747308025 ] ] ] } },
{ "type": "Feature", "properties": { "hazard": "LOW", "area_m2": 165649.83413189295, "area_ha": 16.564983413189296 }, "geometry": { "type": "Polygon", "coordinates": [ [ [ 79.432170279579694, 29.928037876738081 ], [ 79.436084097296558, 29.928037876738081 ], [ 79.436084097296558, 29.924082702624091 ], [ 79.432170279579694, 29.924082702624091 ], [ 79.432170279579694, 29.928037876738081 ] ] ] } },
{ "type": "Feature", "properties": { "hazard": "LOW", "area_m2": 662647.86886454001, "area_ha": 66.264786886454004 }, "geometry": { "type": "Polygon", "coordinates": [ [ [ 80.038812025692152, 29.884530961484195 ], [ 80.054467296559565, 29.884530961484195 ], [ 80.054467296559565, 29.880575787370205 ], [ 80.038812025692152, 29.880575787370205 ], [ 80.038812025692152, 29.884530961484195 ] ] ] } },
{ "type": "Feature", "properties": { "hazard": "LOW", "area_m2": 1159479.8709187701, "area_ha": 115.94798709187701 }, "geometry": { "type": "Polygon", "coordinates": [ [ [ 80.539780693449529, 29.884530961484195 ], [ 80.555435964316956, 29.884530961484195 ], [ 80.555435964316956, 29.880575787370205 ], [ 80.551522146600107, 29.880575787370205 ], [ 80.551522146600107, 29.876620613256215 ], [ 80.539780693449529, 29.876620613256215 ], [ 80.539780693449529, 29.884530961484195 ] ] ] } },
{ "type": "Feature", "properties": { "hazard": "LOW", "area_m2": 165795.3489206376, "area_ha": 16.579534892063759 }, "geometry": { "type": "Polygon", "coordinates": [ [ [ 79.349980107525752, 29.8449792203443 ], [ 79.353893925242602, 29.8449792203443 ], [ 79.353893925242602, 29.841024046230309 ], [ 79.349980107525752, 29.841024046230309 ], [ 79.349980107525752, 29.8449792203443 ] ] ] } },
{ "type": "Feature", "properties": { "hazard": "LOW", "area_m2": 1988675.7772923915, "area_ha": 198.86757772923914 }, "geometry": { "type": "Polygon", "coordinates": [ [ [ 80.539780693449529, 29.833113698002332 ], [ 80.551522146600107, 29.833113698002332 ], [ 80.551522146600107, 29.829158523888342 ], [ 80.555435964316956, 29.829158523888342 ], [ 80.555435964316956, 29.825203349774352 ], [ 80.559349782033806, 29.825203349774352 ], [ 80.559349782033806, 29.821248175660365 ], [ 80.539780693449529, 29.821248175660365 ], [ 80.539780693449529, 29.833113698002332 ] ] ] } },
{ "type": "Feature", "properties": { "hazard": "LOW", "area_m2": 828791.79514828324, "area_ha": 82.879179514828323 }, "geometry": { "type": "Polygon", "coordinates": [ [ [ 80.038812025692152, 29.825203349774352 ], [ 80.058381114276429, 29.825203349774352 ], [ 80.058381114276429, 29.821248175660365 ], [ 80.038812025692152, 29.821248175660365 ], [ 80.038812025692152, 29.825203349774352 ] ] ] } },
{ "type": "Feature", "properties": { "hazard": "LOW", "area_m2": 331695.97612671356, "area_ha": 33.169597612671353 }, "geometry": { "type": "Polygon", "coordinates": [ [ [ 79.240393211453821, 29.821248175660365 ], [ 79.248220846887534, 29.821248175660365 ], [ 79.248220846887534, 29.817293001546375 ], [ 79.240393211453821, 29.817293001546375 ], [ 79.240393211453821, 29.821248175660365 ] ] ] } },
{ "type": "Feature", "properties": { "hazard": "LOW", "area_m2": 165855.21554068878, "area_ha": 16.585521554068876 }, "geometry": { "type": "Polygon", "coordinates": [ [ [ 79.236479393736971, 29.817293001546375 ], [ 79.240393211453821, 29.817293001546375 ], [ 79.240393211453821, 29.813337827432385 ], [ 79.236479393736971, 29.813337827432385 ], [ 79.236479393736971, 29.817293001546375 ] ] ] } },
{ "type": "Feature", "properties": { "hazard": "LOW", "area_m2": 331706.75594146404, "area_ha": 33.170675594146402 }, "geometry": { "type": "Polygon", "coordinates": [ [ [ 79.248220846887534, 29.817293001546375 ], [ 79.256048482321248, 29.817293001546375 ], [ 79.256048482321248, 29.813337827432385 ], [ 79.248220846887534, 29.813337827432385 ], [ 79.248220846887534, 29.817293001546375 ] ] ] } },
{ "type": "Feature", "properties": { "hazard": "LOW", "area_m2": 1492690.6636630467, "area_ha": 149.26906636630466 }, "geometry": { "type": "Polygon", "coordinates": [ [ [ 79.886173134734833, 29.78169643452047 ], [ 79.890086952451682, 29.78169643452047 ], [ 79.890086952451682, 29.777741260406479 ], [ 79.894000770168532, 29.777741260406479 ], [ 79.894000770168532, 29.773786086292489 ], [ 79.897914587885396, 29.773786086292489 ], [ 79.897914587885396, 29.769830912178499 ], [ 79.901828405602245, 29.769830912178499 ], [ 79.901828405602245, 29.765875738064512 ], [ 79.894000770168532, 29.765875738064512 ], [ 79.894000770168532, 29.761920563950522 ], [ 79.890086952451682, 29.761920563950522 ], [ 79.890086952451682, 29.773786086292489 ], [ 79.886173134734833, 29.773786086292489 ], [ 79.886173134734833, 29.78169643452047 ] ] ] } },
{ "type": "Feature", "properties": { "hazard": "LOW", "area_m2": 829822.78893601825, "area_ha": 82.98227889360183 }, "geometry": { "type": "Polygon", "coordinates": [ [ [ 79.287359024056073, 29.750055041608555 ], [ 79.291272841772937, 29.750055041608555 ], [ 79.291272841772937, 29.746099867494564 ], [ 79.295186659489787, 29.746099867494564 ], [ 79.295186659489787, 29.742144693380574 ], [ 79.299100477206636, 29.742144693380574 ], [ 79.299100477206636, 29.738189519266584 ], [ 79.291272841772937, 29.738189519266584 ], [ 79.291272841772937, 29.742144693380574 ], [ 79.287359024056073, 29.742144693380574 ], [ 79.287359024056073, 29.750055041608555 ] ] ] } },
{ "type": "Feature", "properties": { "hazard": "LOW", "area_m2": 165975.51394986542, "area_ha": 16.597551394986542 }, "geometry": { "type": "Polygon", "coordinates": [ [ [ 79.299100477206636, 29.738189519266584 ], [ 79.3030142949235, 29.738189519266584 ], [ 79.3030142949235, 29.734234345152593 ], [ 79.299100477206636, 29.734234345152593 ], [ 79.299100477206636, 29.738189519266584 ] ] ] } },
{ "type": "Feature", "properties": { "hazard": "LOW", "area_m2": 165980.9178688566, "area_ha": 16.598091786885661 }, "geometry": { "type": "Polygon", "coordinates": [ [ [ 79.30692811264035, 29.734234345152593 ], [ 79.310841930357213, 29.734234345152593 ], [ 79.310841930357213, 29.730279171038607 ], [ 79.30692811264035, 29.730279171038607 ], [ 79.30692811264035, 29.734234345152593 ] ] ] } },
{ "type": "Feature", "properties": { "hazard": "LOW", "area_m2": 497929.20163858205, "area_ha": 49.792920163858206 }, "geometry": { "type": "Polygon", "coordinates": [ [ [ 79.338238654375189, 29.734234345152593 ], [ 79.349980107525752, 29.734234345152593 ], [ 79.349980107525752, 29.730279171038607 ], [ 79.338238654375189, 29.730279171038607 ], [ 79.338238654375189, 29.734234345152593 ] ] ] } },
{ "type": "Feature", "properties": { "hazard": "LOW", "area_m2": 165971.97739278615, "area_ha": 16.597197739278617 }, "geometry": { "type": "Polygon", "coordinates": [ [ [ 79.377376831543728, 29.734234345152593 ], [ 79.381290649260592, 29.734234345152593 ], [ 79.381290649260592, 29.730279171038607 ], [ 79.377376831543728, 29.730279171038607 ], [ 79.377376831543728, 29.734234345152593 ] ] ] } },
{ "type": "Feature", "properties": { "hazard": "LOW", "area_m2": 830360.25161693746, "area_ha": 83.036025161693743 }, "geometry": { "type": "Polygon", "coordinates": [ [ [ 79.537843357934776, 29.663041211100783 ], [ 79.549584811085339, 29.663041211100783 ], [ 79.549584811085339, 29.659086036986796 ], [ 79.545670993368475, 29.659086036986796 ], [ 79.545670993368475, 29.655130862872806 ], [ 79.537843357934776, 29.655130862872806 ], [ 79.537843357934776, 29.663041211100783 ] ] ] } },
{ "type": "Feature", "properties": { "hazard": "LOW", "area_m2": 332223.74236276484, "area_ha": 33.222374236276487 }, "geometry": { "type": "Polygon", "coordinates": [ [ [ 79.412601190995431, 29.647220514644829 ], [ 79.416515008712281, 29.647220514644829 ], [ 79.416515008712281, 29.639310166416848 ], [ 79.412601190995431, 29.639310166416848 ], [ 79.412601190995431, 29.647220514644829 ] ] ] } },
{ "type": "Feature", "properties": { "hazard": "LOW", "area_m2": 166127.39502850597, "area_ha": 16.612739502850598 }, "geometry": { "type": "Polygon", "coordinates": [ [ [ 79.416515008712281, 29.635354992302858 ], [ 79.420428826429131, 29.635354992302858 ], [ 79.420428826429131, 29.631399818188868 ], [ 79.416515008712281, 29.631399818188868 ], [ 79.416515008712281, 29.635354992302858 ] ] ] } },
{ "type": "Feature", "properties": { "hazard": "LOW", "area_m2": 498357.06873739755, "area_ha": 49.835706873739753 }, "geometry": { "type": "Polygon", "coordinates": [ [ [ 79.48304990989881, 29.635354992302858 ], [ 79.494791363049373, 29.635354992302858 ], [ 79.494791363049373, 29.631399818188868 ], [ 79.48304990989881, 29.631399818188868 ], [ 79.48304990989881, 29.635354992302858 ] ] ] } },
{ "type": "Feature", "properties": { "hazard": "LOW", "area_m2": 498135.13039243477, "area_ha": 49.813513039243475 }, "geometry": { "type": "Polygon", "coordinates": [ [ [ 80.657195224955174, 29.631399818188868 ], [ 80.665022860388888, 29.631399818188868 ], [ 80.665022860388888, 29.627444644074881 ], [ 80.661109042672024, 29.627444644074881 ], [ 80.661109042672024, 29.623489469960891 ], [ 80.657195224955174, 29.623489469960891 ], [ 80.657195224955174, 29.631399818188868 ] ] ] } },
{ "type": "Feature", "properties": { "hazard": "LOW", "area_m2": 7473791.8056334229, "area_ha": 747.37918056334229 }, "geometry": { "type": "Polygon", "coordinates": [ [ [ 80.602401776919208, 29.619534295846901 ], [ 80.618057047786621, 29.619534295846901 ], [ 80.618057047786621, 29.61557912173291 ], [ 80.625884683220335, 29.61557912173291 ], [ 80.625884683220335, 29.611623947618924 ], [ 80.629798500937198, 29.611623947618924 ], [ 80.629798500937198, 29.603713599390943 ], [ 80.625884683220335, 29.603713599390943 ], [ 80.625884683220335, 29.595803251162963 ], [ 80.621970865503485, 29.595803251162963 ], [ 80.621970865503485, 29.591848077048976 ], [ 80.618057047786621, 29.591848077048976 ], [ 80.618057047786621, 29.587892902934986 ], [ 80.602401776919208, 29.587892902934986 ], [ 80.602401776919208, 29.619534295846901 ] ] ] } },
{ "type": "Feature", "properties": { "hazard": "LOW", "area_m2": 166246.65251250507, "area_ha": 16.624665251250505 }, "geometry": { "type": "Polygon", "coordinates": [ [ [ 79.66308552487412, 29.5443859876811 ], [ 79.666999342590969, 29.5443859876811 ], [ 79.666999342590969, 29.540430813567113 ], [ 79.66308552487412, 29.540430813567113 ], [ 79.66308552487412, 29.5443859876811 ] ] ] } },
{ "type": "Feature", "properties": { "hazard": "LOW", "area_m2": 166252.62753727939, "area_ha": 16.625262753727938 }, "geometry": { "type": "Polygon", "coordinates": [ [ [ 79.666999342590969, 29.540430813567113 ], [ 79.670913160307819, 29.540430813567113 ], [ 79.670913160307819, 29.536475639453123 ], [ 79.666999342590969, 29.536475639453123 ], [ 79.666999342590969, 29.540430813567113 ] ] ] } },
{ "type": "Feature", "properties": { "hazard": "LOW", "area_m2": 166282.50711298769, "area_ha": 16.628250711298769 }, "geometry": { "type": "Polygon", "coordinates": [ [ [ 79.686568431175246, 29.520654942997165 ], [ 79.690482248892096, 29.520654942997165 ], [ 79.690482248892096, 29.516699768883175 ], [ 79.686568431175246, 29.516699768883175 ], [ 79.686568431175246, 29.520654942997165 ] ] ] } },
{ "type": "Feature", "properties": { "hazard": "LOW", "area_m2": 166286.91479424271, "area_ha": 16.628691479424269 }, "geometry": { "type": "Polygon", "coordinates": [ [ [ 79.706137519759523, 29.516699768883175 ], [ 79.710051337476372, 29.516699768883175 ], [ 79.710051337476372, 29.512744594769185 ], [ 79.706137519759523, 29.512744594769185 ], [ 79.706137519759523, 29.516699768883175 ] ] ] } },
{ "type": "Feature", "properties": { "hazard": "LOW", "area_m2": 166285.36458458746, "area_ha": 16.628536458458747 }, "geometry": { "type": "Polygon", "coordinates": [ [ [ 79.721792790626935, 29.516699768883175 ], [ 79.725706608343785, 29.516699768883175 ], [ 79.725706608343785, 29.512744594769185 ], [ 79.721792790626935, 29.512744594769185 ], [ 79.721792790626935, 29.516699768883175 ] ] ] } },
{ "type": "Feature", "properties": { "hazard": "LOW", "area_m2": 498892.01347006182, "area_ha": 49.889201347006185 }, "geometry": { "type": "Polygon", "coordinates": [ [ [ 79.725706608343785, 29.508789420655194 ], [ 79.737448061494348, 29.508789420655194 ], [ 79.737448061494348, 29.504834246541208 ], [ 79.725706608343785, 29.504834246541208 ], [ 79.725706608343785, 29.508789420655194 ] ] ] } },
{ "type": "Feature", "properties": { "hazard": "LOW", "area_m2": 332677.51871995872, "area_ha": 33.26775187199587 }, "geometry": { "type": "Polygon", "coordinates": [ [ [ 79.866604046150556, 29.477148027743279 ], [ 79.870517863867406, 29.477148027743279 ], [ 79.870517863867406, 29.469237679515302 ], [ 79.866604046150556, 29.469237679515302 ], [ 79.866604046150556, 29.477148027743279 ] ] ] } },
{ "type": "Feature", "properties": { "hazard": "LOW", "area_m2": 166355.01111335313, "area_ha": 16.635501111335312 }, "geometry": { "type": "Polygon", "coordinates": [ [ [ 79.792241509530314, 29.469237679515302 ], [ 79.796155327247178, 29.469237679515302 ], [ 79.796155327247178, 29.465282505401312 ], [ 79.792241509530314, 29.465282505401312 ], [ 79.792241509530314, 29.469237679515302 ] ] ] } },
{ "type": "Feature", "properties": { "hazard": "LOW", "area_m2": 166360.64510907952, "area_ha": 16.63606451090795 }, "geometry": { "type": "Polygon", "coordinates": [ [ [ 79.800069144964027, 29.465282505401312 ], [ 79.803982962680877, 29.465282505401312 ], [ 79.803982962680877, 29.461327331287322 ], [ 79.800069144964027, 29.461327331287322 ], [ 79.800069144964027, 29.465282505401312 ] ] ] } },
{ "type": "Feature", "properties": { "hazard": "LOW", "area_m2": 166357.43420562937, "area_ha": 16.635743420562935 }, "geometry": { "type": "Polygon", "coordinates": [ [ [ 79.835293504415716, 29.465282505401312 ], [ 79.839207322132566, 29.465282505401312 ], [ 79.839207322132566, 29.461327331287322 ], [ 79.835293504415716, 29.461327331287322 ], [ 79.835293504415716, 29.465282505401312 ] ] ] } },
{ "type": "Feature", "properties": { "hazard": "LOW", "area_m2": 665445.71854959906, "area_ha": 66.544571854959912 }, "geometry": { "type": "Polygon", "coordinates": [ [ [ 80.058381114276429, 29.453416983059341 ], [ 80.066208749710142, 29.453416983059341 ], [ 80.066208749710142, 29.445506634831364 ], [ 80.058381114276429, 29.445506634831364 ], [ 80.058381114276429, 29.453416983059341 ] ] ] } },
{ "type": "Feature", "properties": { "hazard": "LOW", "area_m2": 332698.59702184517, "area_ha": 33.269859702184519 }, "geometry": { "type": "Polygon", "coordinates": [ [ [ 80.246244364685438, 29.453416983059341 ], [ 80.250158182402302, 29.453416983059341 ], [ 80.250158182402302, 29.445506634831364 ], [ 80.246244364685438, 29.445506634831364 ], [ 80.246244364685438, 29.453416983059341 ] ] ] } },
{ "type": "Feature", "properties": { "hazard": "LOW", "area_m2": 831728.49192608125, "area_ha": 83.172849192608126 }, "geometry": { "type": "Polygon", "coordinates": [ [ [ 80.269727270986579, 29.457372157173332 ], [ 80.273641088703428, 29.457372157173332 ], [ 80.273641088703428, 29.445506634831364 ], [ 80.265813453269715, 29.445506634831364 ], [ 80.265813453269715, 29.453416983059341 ], [ 80.269727270986579, 29.453416983059341 ], [ 80.269727270986579, 29.457372157173332 ] ] ] } },
{ "type": "Feature", "properties": { "hazard": "LOW", "area_m2": 166349.19920310943, "area_ha": 16.634919920310942 }, "geometry": { "type": "Polygon", "coordinates": [ [ [ 80.304951630438268, 29.449461808945355 ], [ 80.308865448155117, 29.449461808945355 ], [ 80.308865448155117, 29.445506634831364 ], [ 80.304951630438268, 29.445506634831364 ], [ 80.304951630438268, 29.449461808945355 ] ] ] } },
{ "type": "Feature", "properties": { "hazard": "LOW", "area_m2": 831757.13982863631, "area_ha": 83.175713982863627 }, "geometry": { "type": "Polygon", "coordinates": [ [ [ 80.218847640667462, 29.457372157173332 ], [ 80.222761458384312, 29.457372157173332 ], [ 80.222761458384312, 29.449461808945355 ], [ 80.226675276101176, 29.449461808945355 ], [ 80.226675276101176, 29.441551460717374 ], [ 80.222761458384312, 29.441551460717374 ], [ 80.222761458384312, 29.445506634831364 ], [ 80.218847640667462, 29.445506634831364 ], [ 80.218847640667462, 29.457372157173332 ] ] ] } },
{ "type": "Feature", "properties": { "hazard": "LOW", "area_m2": 166465.75133507565, "area_ha": 16.646575133507564 }, "geometry": { "type": "Polygon", "coordinates": [ [ [ 80.066208749710142, 29.386179023121521 ], [ 80.070122567426992, 29.386179023121521 ], [ 80.070122567426992, 29.382223849007531 ], [ 80.066208749710142, 29.382223849007531 ], [ 80.066208749710142, 29.386179023121521 ] ] ] } },
{ "type": "Feature", "properties": { "hazard": "LOW", "area_m2": 166471.8109106028, "area_ha": 16.647181091060279 }, "geometry": { "type": "Polygon", "coordinates": [ [ [ 80.070122567426992, 29.382223849007531 ], [ 80.074036385143842, 29.382223849007531 ], [ 80.074036385143842, 29.378268674893544 ], [ 80.070122567426992, 29.378268674893544 ], [ 80.070122567426992, 29.382223849007531 ] ] ] } },
{ "type": "Feature", "properties": { "hazard": "LOW", "area_m2": 3203081787.4179792, "area_ha": 320308.17874179792 }, "geometry": { "type": "Polygon", "coordinates": [ [ [ 79.381290649260592, 29.8449792203443 ], [ 79.381290649260592, 29.84893439445829 ], [ 79.396945920128005, 29.84893439445829 ], [ 79.396945920128005, 29.8449792203443 ], [ 79.412601190995431, 29.8449792203443 ], [ 79.412601190995431, 29.884530961484195 ], [ 79.436084097296558, 29.884530961484195 ], [ 79.436084097296558, 29.892441309712176 ], [ 79.439997915013407, 29.892441309712176 ], [ 79.439997915013407, 29.904306832054143 ], [ 79.432170279579694, 29.904306832054143 ], [ 79.432170279579694, 29.908262006168133 ], [ 79.436084097296558, 29.908262006168133 ], [ 79.436084097296558, 29.91617235439611 ], [ 79.439997915013407, 29.91617235439611 ], [ 79.439997915013407, 29.9201275285101 ], [ 79.447825550447121, 29.9201275285101 ], [ 79.447825550447121, 29.924082702624091 ], [ 79.45173936816397, 29.924082702624091 ], [ 79.45173936816397, 29.931993050852068 ], [ 79.45565318588082, 29.931993050852068 ], [ 79.45565318588082, 29.935948224966058 ], [ 79.45173936816397, 29.935948224966058 ], [ 79.45173936816397, 29.939903399080048 ], [ 79.447825550447121, 29.939903399080048 ], [ 79.447825550447121, 29.943858573194039 ], [ 79.443911732730257, 29.943858573194039 ], [ 79.443911732730257, 29.947813747308025 ], [ 79.537843357934776, 29.947813747308025 ], [ 79.537843357934776, 29.884530961484195 ], [ 79.600464441404441, 29.884530961484195 ], [ 79.600464441404441, 29.931993050852068 ], [ 79.623947347705567, 29.931993050852068 ], [ 79.623947347705567, 29.935948224966058 ], [ 79.627861165422431, 29.935948224966058 ], [ 79.627861165422431, 29.939903399080048 ], [ 79.63568880085613, 29.939903399080048 ], [ 79.63568880085613, 29.935948224966058 ], [ 79.639602618572994, 29.935948224966058 ], [ 79.639602618572994, 29.931993050852068 ], [ 79.66308552487412, 29.931993050852068 ], [ 79.66308552487412, 29.876620613256215 ], [ 79.725706608343785, 29.876620613256215 ], [ 79.725706608343785, 29.884530961484195 ], [ 79.788327691813464, 29.884530961484195 ], [ 79.788327691813464, 29.829158523888342 ], [ 79.7844138740966, 29.829158523888342 ], [ 79.7844138740966, 29.825203349774352 ], [ 79.780500056379751, 29.825203349774352 ], [ 79.780500056379751, 29.821248175660365 ], [ 79.753103332361775, 29.821248175660365 ], [ 79.753103332361775, 29.817293001546375 ], [ 79.757017150078624, 29.817293001546375 ], [ 79.757017150078624, 29.809382653318394 ], [ 79.760930967795474, 29.809382653318394 ], [ 79.760930967795474, 29.805427479204404 ], [ 79.764844785512338, 29.805427479204404 ], [ 79.764844785512338, 29.801472305090417 ], [ 79.768758603229188, 29.801472305090417 ], [ 79.768758603229188, 29.797517130976427 ], [ 79.772672420946037, 29.797517130976427 ], [ 79.772672420946037, 29.793561956862437 ], [ 79.776586238662901, 29.793561956862437 ], [ 79.776586238662901, 29.789606782748447 ], [ 79.788327691813464, 29.789606782748447 ], [ 79.788327691813464, 29.809382653318394 ], [ 79.803982962680877, 29.809382653318394 ], [ 79.803982962680877, 29.821248175660365 ], [ 79.866604046150556, 29.821248175660365 ], [ 79.866604046150556, 29.817293001546375 ], [ 79.874431681584269, 29.817293001546375 ], [ 79.874431681584269, 29.821248175660365 ], [ 79.901828405602245, 29.821248175660365 ], [ 79.901828405602245, 29.817293001546375 ], [ 79.913569858752808, 29.817293001546375 ], [ 79.913569858752808, 29.78565160863446 ], [ 79.909656041035959, 29.78565160863446 ], [ 79.909656041035959, 29.769830912178499 ], [ 79.913569858752808, 29.769830912178499 ], [ 79.913569858752808, 29.761920563950522 ], [ 79.909656041035959, 29.761920563950522 ], [ 79.909656041035959, 29.765875738064512 ], [ 79.905742223319095, 29.765875738064512 ], [ 79.905742223319095, 29.757965389836532 ], [ 79.976190942222487, 29.757965389836532 ], [ 79.976190942222487, 29.694682604012701 ], [ 79.9918462130899, 29.694682604012701 ], [ 79.9918462130899, 29.742144693380574 ], [ 79.987932395373051, 29.742144693380574 ], [ 79.987932395373051, 29.757965389836532 ], [ 80.007501483957313, 29.757965389836532 ], [ 80.007501483957313, 29.694682604012701 ], [ 80.101433109161832, 29.694682604012701 ], [ 80.101433109161832, 29.631399818188868 ], [ 80.226675276101176, 29.631399818188868 ], [ 80.226675276101176, 29.568117032365038 ], [ 80.35191744304052, 29.568117032365038 ], [ 80.35191744304052, 29.560206684137057 ], [ 80.375400349341646, 29.560206684137057 ], [ 80.375400349341646, 29.55625151002307 ], [ 80.379314167058496, 29.55625151002307 ], [ 80.379314167058496, 29.55229633590908 ], [ 80.38322798477536, 29.55229633590908 ], [ 80.38322798477536, 29.55625151002307 ], [ 80.391055620209059, 29.55625151002307 ], [ 80.391055620209059, 29.55229633590908 ], [ 80.414538526510185, 29.55229633590908 ], [ 80.414538526510185, 29.568117032365038 ], [ 80.453676703678738, 29.568117032365038 ], [ 80.453676703678738, 29.564161858251047 ], [ 80.461504339112452, 29.564161858251047 ], [ 80.461504339112452, 29.568117032365038 ], [ 80.496728698564141, 29.568117032365038 ], [ 80.496728698564141, 29.564161858251047 ], [ 80.508470151714704, 29.564161858251047 ], [ 80.508470151714704, 29.568117032365038 ], [ 80.602401776919208, 29.568117032365038 ], [ 80.602401776919208, 29.564161858251047 ], [ 80.606315594636058, 29.564161858251047 ], [ 80.606315594636058, 29.560206684137057 ], [ 80.602401776919208, 29.560206684137057 ], [ 80.602401776919208, 29.55229633590908 ], [ 80.610229412352922, 29.55229633590908 ], [ 80.610229412352922, 29.508789420655194 ], [ 80.606315594636058, 29.508789420655194 ], [ 80.606315594636058, 29.496923898313227 ], [ 80.602401776919208, 29.496923898313227 ], [ 80.602401776919208, 29.492968724199237 ], [ 80.594574141485495, 29.492968724199237 ], [ 80.594574141485495, 29.496923898313227 ], [ 80.586746506051796, 29.496923898313227 ], [ 80.586746506051796, 29.504834246541208 ], [ 80.559349782033806, 29.504834246541208 ], [ 80.559349782033806, 29.500879072427217 ], [ 80.555435964316956, 29.500879072427217 ], [ 80.555435964316956, 29.489013550085247 ], [ 80.551522146600107, 29.489013550085247 ], [ 80.551522146600107, 29.48505837597126 ], [ 80.547608328883243, 29.48505837597126 ], [ 80.547608328883243, 29.477148027743279 ], [ 80.551522146600107, 29.477148027743279 ], [ 80.551522146600107, 29.465282505401312 ], [ 80.555435964316956, 29.465282505401312 ], [ 80.555435964316956, 29.461327331287322 ], [ 80.559349782033806, 29.461327331287322 ], [ 80.559349782033806, 29.457372157173332 ], [ 80.56326359975067, 29.457372157173332 ], [ 80.56326359975067, 29.445506634831364 ], [ 80.567177417467519, 29.445506634831364 ], [ 80.567177417467519, 29.441551460717374 ], [ 80.547608328883243, 29.441551460717374 ], [ 80.547608328883243, 29.378268674893544 ], [ 80.551522146600107, 29.378268674893544 ], [ 80.551522146600107, 29.376950283522213 ], [ 80.422366161943899, 29.376950283522213 ], [ 80.422366161943899, 29.378268674893544 ], [ 80.414538526510185, 29.378268674893544 ], [ 80.414538526510185, 29.376950283522213 ], [ 80.35191744304052, 29.376950283522213 ], [ 80.35191744304052, 29.378268674893544 ], [ 80.336262172173093, 29.378268674893544 ], [ 80.336262172173093, 29.382223849007531 ], [ 80.332348354456244, 29.382223849007531 ], [ 80.332348354456244, 29.386179023121521 ], [ 80.32060690130568, 29.386179023121521 ], [ 80.32060690130568, 29.382223849007531 ], [ 80.316693083588831, 29.382223849007531 ], [ 80.316693083588831, 29.386179023121521 ], [ 80.293210177287705, 29.386179023121521 ], [ 80.293210177287705, 29.382223849007531 ], [ 80.289296359570841, 29.382223849007531 ], [ 80.289296359570841, 29.376950283522213 ], [ 80.195364734366336, 29.376950283522213 ], [ 80.195364734366336, 29.378268674893544 ], [ 80.191450916649487, 29.378268674893544 ], [ 80.191450916649487, 29.376950283522213 ], [ 80.101433109161832, 29.376950283522213 ], [ 80.101433109161832, 29.378268674893544 ], [ 80.085777838294405, 29.378268674893544 ], [ 80.085777838294405, 29.386179023121521 ], [ 80.081864020577555, 29.386179023121521 ], [ 80.081864020577555, 29.390134197235511 ], [ 80.070122567426992, 29.390134197235511 ], [ 80.070122567426992, 29.394089371349502 ], [ 80.062294931993279, 29.394089371349502 ], [ 80.062294931993279, 29.398044545463492 ], [ 80.054467296559565, 29.398044545463492 ], [ 80.054467296559565, 29.405954893691469 ], [ 80.050553478842716, 29.405954893691469 ], [ 80.050553478842716, 29.425730764261417 ], [ 80.046639661125866, 29.425730764261417 ], [ 80.046639661125866, 29.445506634831364 ], [ 80.050553478842716, 29.445506634831364 ], [ 80.050553478842716, 29.453416983059341 ], [ 80.054467296559565, 29.453416983059341 ], [ 80.054467296559565, 29.441551460717374 ], [ 80.070122567426992, 29.441551460717374 ], [ 80.070122567426992, 29.453416983059341 ], [ 80.074036385143842, 29.453416983059341 ], [ 80.074036385143842, 29.441551460717374 ], [ 80.085777838294405, 29.441551460717374 ], [ 80.085777838294405, 29.461327331287322 ], [ 80.070122567426992, 29.461327331287322 ], [ 80.070122567426992, 29.465282505401312 ], [ 80.066208749710142, 29.465282505401312 ], [ 80.066208749710142, 29.461327331287322 ], [ 80.062294931993279, 29.461327331287322 ], [ 80.062294931993279, 29.465282505401312 ], [ 80.054467296559565, 29.465282505401312 ], [ 80.054467296559565, 29.457372157173332 ], [ 80.050553478842716, 29.457372157173332 ], [ 80.050553478842716, 29.461327331287322 ], [ 80.046639661125866, 29.461327331287322 ], [ 80.046639661125866, 29.465282505401312 ], [ 80.042725843409002, 29.465282505401312 ], [ 80.042725843409002, 29.461327331287322 ], [ 80.038812025692152, 29.461327331287322 ], [ 80.038812025692152, 29.457372157173332 ], [ 80.034898207975303, 29.457372157173332 ], [ 80.034898207975303, 29.461327331287322 ], [ 80.030984390258439, 29.461327331287322 ], [ 80.030984390258439, 29.453416983059341 ], [ 80.027070572541589, 29.453416983059341 ], [ 80.027070572541589, 29.473192853629289 ], [ 80.02315675482474, 29.473192853629289 ], [ 80.02315675482474, 29.441551460717374 ], [ 80.038812025692152, 29.441551460717374 ], [ 80.038812025692152, 29.378268674893544 ], [ 79.944880400487648, 29.378268674893544 ], [ 79.944880400487648, 29.382223849007531 ], [ 79.940966582770784, 29.382223849007531 ], [ 79.940966582770784, 29.390134197235511 ], [ 79.937052765053934, 29.390134197235511 ], [ 79.937052765053934, 29.421775590147426 ], [ 79.933138947337085, 29.421775590147426 ], [ 79.933138947337085, 29.441551460717374 ], [ 79.921397494186522, 29.441551460717374 ], [ 79.921397494186522, 29.445506634831364 ], [ 79.917483676469658, 29.445506634831364 ], [ 79.917483676469658, 29.449461808945355 ], [ 79.913569858752808, 29.449461808945355 ], [ 79.913569858752808, 29.492968724199237 ], [ 79.905742223319095, 29.492968724199237 ], [ 79.905742223319095, 29.489013550085247 ], [ 79.882259317017969, 29.489013550085247 ], [ 79.882259317017969, 29.48505837597126 ], [ 79.874431681584269, 29.48505837597126 ], [ 79.874431681584269, 29.489013550085247 ], [ 79.870517863867406, 29.489013550085247 ], [ 79.870517863867406, 29.48505837597126 ], [ 79.866604046150556, 29.48505837597126 ], [ 79.866604046150556, 29.48110320185727 ], [ 79.862690228433692, 29.48110320185727 ], [ 79.862690228433692, 29.477148027743279 ], [ 79.854862593, 29.477148027743279 ], [ 79.854862593, 29.473192853629289 ], [ 79.858776410716843, 29.473192853629289 ], [ 79.858776410716843, 29.469237679515302 ], [ 79.847034957566279, 29.469237679515302 ], [ 79.847034957566279, 29.473192853629289 ], [ 79.807896780397741, 29.473192853629289 ], [ 79.807896780397741, 29.469237679515302 ], [ 79.800069144964027, 29.469237679515302 ], [ 79.800069144964027, 29.473192853629289 ], [ 79.792241509530314, 29.473192853629289 ], [ 79.792241509530314, 29.477148027743279 ], [ 79.788327691813464, 29.477148027743279 ], [ 79.788327691813464, 29.504834246541208 ], [ 79.760930967795474, 29.504834246541208 ], [ 79.760930967795474, 29.508789420655194 ], [ 79.745275696928061, 29.508789420655194 ], [ 79.745275696928061, 29.512744594769185 ], [ 79.733534243777498, 29.512744594769185 ], [ 79.733534243777498, 29.516699768883175 ], [ 79.725706608343785, 29.516699768883175 ], [ 79.725706608343785, 29.524610117111152 ], [ 79.702223702042659, 29.524610117111152 ], [ 79.702223702042659, 29.520654942997165 ], [ 79.690482248892096, 29.520654942997165 ], [ 79.690482248892096, 29.524610117111152 ], [ 79.678740795741533, 29.524610117111152 ], [ 79.678740795741533, 29.528565291225142 ], [ 79.682654613458396, 29.528565291225142 ], [ 79.682654613458396, 29.540430813567113 ], [ 79.686568431175246, 29.540430813567113 ], [ 79.686568431175246, 29.5443859876811 ], [ 79.678740795741533, 29.5443859876811 ], [ 79.678740795741533, 29.54834116179509 ], [ 79.666999342590969, 29.54834116179509 ], [ 79.666999342590969, 29.55229633590908 ], [ 79.66308552487412, 29.55229633590908 ], [ 79.66308552487412, 29.568117032365038 ], [ 79.666999342590969, 29.568117032365038 ], [ 79.666999342590969, 29.599758425276953 ], [ 79.674826978024683, 29.599758425276953 ], [ 79.674826978024683, 29.603713599390943 ], [ 79.678740795741533, 29.603713599390943 ], [ 79.678740795741533, 29.607668773504933 ], [ 79.674826978024683, 29.607668773504933 ], [ 79.674826978024683, 29.61557912173291 ], [ 79.678740795741533, 29.61557912173291 ], [ 79.678740795741533, 29.619534295846901 ], [ 79.682654613458396, 29.619534295846901 ], [ 79.682654613458396, 29.631399818188868 ], [ 79.608292076838154, 29.631399818188868 ], [ 79.608292076838154, 29.635354992302858 ], [ 79.604378259121304, 29.635354992302858 ], [ 79.604378259121304, 29.643265340530839 ], [ 79.600464441404441, 29.643265340530839 ], [ 79.600464441404441, 29.655130862872806 ], [ 79.596550623687591, 29.655130862872806 ], [ 79.596550623687591, 29.659086036986796 ], [ 79.576981535103315, 29.659086036986796 ], [ 79.576981535103315, 29.663041211100783 ], [ 79.565240081952751, 29.663041211100783 ], [ 79.565240081952751, 29.666996385214773 ], [ 79.557412446519038, 29.666996385214773 ], [ 79.557412446519038, 29.663041211100783 ], [ 79.549584811085339, 29.663041211100783 ], [ 79.549584811085339, 29.666996385214773 ], [ 79.533929540217912, 29.666996385214773 ], [ 79.533929540217912, 29.663041211100783 ], [ 79.530015722501062, 29.663041211100783 ], [ 79.530015722501062, 29.659086036986796 ], [ 79.526101904784213, 29.659086036986796 ], [ 79.526101904784213, 29.655130862872806 ], [ 79.518274269350499, 29.655130862872806 ], [ 79.518274269350499, 29.631399818188868 ], [ 79.51436045163365, 29.631399818188868 ], [ 79.51436045163365, 29.643265340530839 ], [ 79.510446633916786, 29.643265340530839 ], [ 79.510446633916786, 29.631399818188868 ], [ 79.506532816199936, 29.631399818188868 ], [ 79.506532816199936, 29.635354992302858 ], [ 79.498705180766223, 29.635354992302858 ], [ 79.498705180766223, 29.643265340530839 ], [ 79.48304990989881, 29.643265340530839 ], [ 79.48304990989881, 29.639310166416848 ], [ 79.475222274465096, 29.639310166416848 ], [ 79.475222274465096, 29.631399818188868 ], [ 79.428256461862844, 29.631399818188868 ], [ 79.428256461862844, 29.647220514644829 ], [ 79.424342644145995, 29.647220514644829 ], [ 79.424342644145995, 29.659086036986796 ], [ 79.420428826429131, 29.659086036986796 ], [ 79.420428826429131, 29.666996385214773 ], [ 79.424342644145995, 29.666996385214773 ], [ 79.424342644145995, 29.674906733442754 ], [ 79.420428826429131, 29.674906733442754 ], [ 79.420428826429131, 29.678861907556744 ], [ 79.416515008712281, 29.678861907556744 ], [ 79.416515008712281, 29.682817081670731 ], [ 79.412601190995431, 29.682817081670731 ], [ 79.412601190995431, 29.702592952240678 ], [ 79.408687373278568, 29.702592952240678 ], [ 79.408687373278568, 29.706548126354669 ], [ 79.412601190995431, 29.706548126354669 ], [ 79.412601190995431, 29.714458474582649 ], [ 79.408687373278568, 29.714458474582649 ], [ 79.408687373278568, 29.710503300468659 ], [ 79.404773555561718, 29.710503300468659 ], [ 79.404773555561718, 29.714458474582649 ], [ 79.396945920128005, 29.714458474582649 ], [ 79.396945920128005, 29.726323996924616 ], [ 79.393032102411155, 29.726323996924616 ], [ 79.393032102411155, 29.722368822810626 ], [ 79.389118284694291, 29.722368822810626 ], [ 79.389118284694291, 29.730279171038607 ], [ 79.385204466977441, 29.730279171038607 ], [ 79.385204466977441, 29.734234345152593 ], [ 79.381290649260592, 29.734234345152593 ], [ 79.381290649260592, 29.742144693380574 ], [ 79.377376831543728, 29.742144693380574 ], [ 79.377376831543728, 29.738189519266584 ], [ 79.373463013826878, 29.738189519266584 ], [ 79.373463013826878, 29.746099867494564 ], [ 79.365635378393165, 29.746099867494564 ], [ 79.365635378393165, 29.754010215722541 ], [ 79.361721560676315, 29.754010215722541 ], [ 79.361721560676315, 29.757965389836532 ], [ 79.349980107525752, 29.757965389836532 ], [ 79.349980107525752, 29.742144693380574 ], [ 79.33432483665834, 29.742144693380574 ], [ 79.33432483665834, 29.738189519266584 ], [ 79.330411018941476, 29.738189519266584 ], [ 79.330411018941476, 29.734234345152593 ], [ 79.322583383507776, 29.734234345152593 ], [ 79.322583383507776, 29.738189519266584 ], [ 79.314755748074063, 29.738189519266584 ], [ 79.314755748074063, 29.742144693380574 ], [ 79.30692811264035, 29.742144693380574 ], [ 79.30692811264035, 29.746099867494564 ], [ 79.3030142949235, 29.746099867494564 ], [ 79.3030142949235, 29.754010215722541 ], [ 79.295186659489787, 29.754010215722541 ], [ 79.295186659489787, 29.757965389836532 ], [ 79.318669565790913, 29.757965389836532 ], [ 79.318669565790913, 29.765875738064512 ], [ 79.299100477206636, 29.765875738064512 ], [ 79.299100477206636, 29.769830912178499 ], [ 79.287359024056073, 29.769830912178499 ], [ 79.287359024056073, 29.773786086292489 ], [ 79.283445206339223, 29.773786086292489 ], [ 79.283445206339223, 29.777741260406479 ], [ 79.279531388622374, 29.777741260406479 ], [ 79.279531388622374, 29.78169643452047 ], [ 79.27561757090551, 29.78169643452047 ], [ 79.27561757090551, 29.78565160863446 ], [ 79.263876117754947, 29.78565160863446 ], [ 79.263876117754947, 29.789606782748447 ], [ 79.259962300038097, 29.789606782748447 ], [ 79.259962300038097, 29.797517130976427 ], [ 79.256048482321248, 29.797517130976427 ], [ 79.256048482321248, 29.801472305090417 ], [ 79.252134664604384, 29.801472305090417 ], [ 79.252134664604384, 29.805427479204404 ], [ 79.259962300038097, 29.805427479204404 ], [ 79.259962300038097, 29.809382653318394 ], [ 79.263876117754947, 29.809382653318394 ], [ 79.263876117754947, 29.817293001546375 ], [ 79.267789935471811, 29.817293001546375 ], [ 79.267789935471811, 29.821248175660365 ], [ 79.279531388622374, 29.821248175660365 ], [ 79.279531388622374, 29.813337827432385 ], [ 79.287359024056073, 29.813337827432385 ], [ 79.287359024056073, 29.809382653318394 ], [ 79.291272841772937, 29.809382653318394 ], [ 79.291272841772937, 29.801472305090417 ], [ 79.30692811264035, 29.801472305090417 ], [ 79.30692811264035, 29.805427479204404 ], [ 79.310841930357213, 29.805427479204404 ], [ 79.310841930357213, 29.809382653318394 ], [ 79.314755748074063, 29.809382653318394 ], [ 79.314755748074063, 29.821248175660365 ], [ 79.349980107525752, 29.821248175660365 ], [ 79.349980107525752, 29.833113698002332 ], [ 79.361721560676315, 29.833113698002332 ], [ 79.361721560676315, 29.837068872116323 ], [ 79.369549196110029, 29.837068872116323 ], [ 79.369549196110029, 29.841024046230309 ], [ 79.373463013826878, 29.841024046230309 ], [ 79.373463013826878, 29.84893439445829 ], [ 79.377376831543728, 29.84893439445829 ], [ 79.377376831543728, 29.8449792203443 ], [ 79.381290649260592, 29.8449792203443 ] ], [ [ 79.803982962680877, 29.809382653318394 ], [ 79.803982962680877, 29.805427479204404 ], [ 79.807896780397741, 29.805427479204404 ], [ 79.807896780397741, 29.78169643452047 ], [ 79.803982962680877, 29.78169643452047 ], [ 79.803982962680877, 29.769830912178499 ], [ 79.800069144964027, 29.769830912178499 ], [ 79.800069144964027, 29.765875738064512 ], [ 79.788327691813464, 29.765875738064512 ], [ 79.788327691813464, 29.757965389836532 ], [ 79.807896780397741, 29.757965389836532 ], [ 79.807896780397741, 29.765875738064512 ], [ 79.81181059811459, 29.765875738064512 ], [ 79.81181059811459, 29.769830912178499 ], [ 79.850948775283129, 29.769830912178499 ], [ 79.850948775283129, 29.761920563950522 ], [ 79.858776410716843, 29.761920563950522 ], [ 79.858776410716843, 29.769830912178499 ], [ 79.854862593, 29.769830912178499 ], [ 79.854862593, 29.78169643452047 ], [ 79.858776410716843, 29.78169643452047 ], [ 79.858776410716843, 29.789606782748447 ], [ 79.862690228433692, 29.789606782748447 ], [ 79.862690228433692, 29.797517130976427 ], [ 79.858776410716843, 29.797517130976427 ], [ 79.858776410716843, 29.801472305090417 ], [ 79.854862593, 29.801472305090417 ], [ 79.854862593, 29.805427479204404 ], [ 79.850948775283129, 29.805427479204404 ], [ 79.850948775283129, 29.813337827432385 ], [ 79.847034957566279, 29.813337827432385 ], [ 79.847034957566279, 29.809382653318394 ], [ 79.803982962680877, 29.809382653318394 ] ], [ [ 79.905742223319095, 29.765875738064512 ], [ 79.905742223319095, 29.793561956862437 ], [ 79.901828405602245, 29.793561956862437 ], [ 79.901828405602245, 29.78169643452047 ], [ 79.897914587885396, 29.78169643452047 ], [ 79.897914587885396, 29.777741260406479 ], [ 79.894000770168532, 29.777741260406479 ], [ 79.894000770168532, 29.789606782748447 ], [ 79.890086952451682, 29.789606782748447 ], [ 79.890086952451682, 29.797517130976427 ], [ 79.886173134734833, 29.797517130976427 ], [ 79.886173134734833, 29.801472305090417 ], [ 79.882259317017969, 29.801472305090417 ], [ 79.882259317017969, 29.769830912178499 ], [ 79.886173134734833, 29.769830912178499 ], [ 79.886173134734833, 29.761920563950522 ], [ 79.890086952451682, 29.761920563950522 ], [ 79.890086952451682, 29.757965389836532 ], [ 79.901828405602245, 29.757965389836532 ], [ 79.901828405602245, 29.765875738064512 ], [ 79.905742223319095, 29.765875738064512 ] ], [ [ 79.886173134734833, 29.761920563950522 ], [ 79.882259317017969, 29.761920563950522 ], [ 79.882259317017969, 29.765875738064512 ], [ 79.874431681584269, 29.765875738064512 ], [ 79.874431681584269, 29.757965389836532 ], [ 79.886173134734833, 29.757965389836532 ], [ 79.886173134734833, 29.761920563950522 ] ], [ [ 80.054467296559565, 29.405954893691469 ], [ 80.058381114276429, 29.405954893691469 ], [ 80.058381114276429, 29.409910067805459 ], [ 80.054467296559565, 29.409910067805459 ], [ 80.054467296559565, 29.405954893691469 ] ], [ [ 80.054467296559565, 29.465282505401312 ], [ 80.054467296559565, 29.469237679515302 ], [ 80.050553478842716, 29.469237679515302 ], [ 80.050553478842716, 29.465282505401312 ], [ 80.054467296559565, 29.465282505401312 ] ], [ [ 79.596550623687591, 29.659086036986796 ], [ 79.600464441404441, 29.659086036986796 ], [ 79.600464441404441, 29.663041211100783 ], [ 79.596550623687591, 29.663041211100783 ], [ 79.596550623687591, 29.659086036986796 ] ], [ [ 79.424342644145995, 29.659086036986796 ], [ 79.428256461862844, 29.659086036986796 ], [ 79.428256461862844, 29.655130862872806 ], [ 79.432170279579694, 29.655130862872806 ], [ 79.432170279579694, 29.663041211100783 ], [ 79.424342644145995, 29.663041211100783 ], [ 79.424342644145995, 29.659086036986796 ] ], [ [ 79.381290649260592, 29.8449792203443 ], [ 79.381290649260592, 29.841024046230309 ], [ 79.393032102411155, 29.841024046230309 ], [ 79.393032102411155, 29.8449792203443 ], [ 79.381290649260592, 29.8449792203443 ] ], [ [ 80.547608328883243, 29.504834246541208 ], [ 80.547608328883243, 29.500879072427217 ], [ 80.551522146600107, 29.500879072427217 ], [ 80.551522146600107, 29.504834246541208 ], [ 80.547608328883243, 29.504834246541208 ] ], [ [ 80.539780693449529, 29.477148027743279 ], [ 80.539780693449529, 29.473192853629289 ], [ 80.543694511166393, 29.473192853629289 ], [ 80.543694511166393, 29.477148027743279 ], [ 80.539780693449529, 29.477148027743279 ] ], [ [ 80.53586687573268, 29.540430813567113 ], [ 80.53586687573268, 29.536475639453123 ], [ 80.539780693449529, 29.536475639453123 ], [ 80.539780693449529, 29.540430813567113 ], [ 80.53586687573268, 29.540430813567113 ] ], [ [ 80.512383969431554, 29.536475639453123 ], [ 80.512383969431554, 29.520654942997165 ], [ 80.516297787148403, 29.520654942997165 ], [ 80.516297787148403, 29.524610117111152 ], [ 80.520211604865267, 29.524610117111152 ], [ 80.520211604865267, 29.536475639453123 ], [ 80.512383969431554, 29.536475639453123 ] ], [ [ 80.50064251628099, 29.540430813567113 ], [ 80.50064251628099, 29.536475639453123 ], [ 80.508470151714704, 29.536475639453123 ], [ 80.508470151714704, 29.540430813567113 ], [ 80.50064251628099, 29.540430813567113 ] ], [ [ 80.445849068245025, 29.425730764261417 ], [ 80.445849068245025, 29.421775590147426 ], [ 80.449762885961889, 29.421775590147426 ], [ 80.449762885961889, 29.425730764261417 ], [ 80.445849068245025, 29.425730764261417 ] ], [ [ 80.449762885961889, 29.421775590147426 ], [ 80.449762885961889, 29.417820416033436 ], [ 80.445849068245025, 29.417820416033436 ], [ 80.445849068245025, 29.413865241919449 ], [ 80.441935250528175, 29.413865241919449 ], [ 80.441935250528175, 29.405954893691469 ], [ 80.445849068245025, 29.405954893691469 ], [ 80.445849068245025, 29.401999719577478 ], [ 80.449762885961889, 29.401999719577478 ], [ 80.449762885961889, 29.398044545463492 ], [ 80.453676703678738, 29.398044545463492 ], [ 80.453676703678738, 29.394089371349502 ], [ 80.477159609979864, 29.394089371349502 ], [ 80.477159609979864, 29.425730764261417 ], [ 80.453676703678738, 29.425730764261417 ], [ 80.453676703678738, 29.421775590147426 ], [ 80.449762885961889, 29.421775590147426 ] ], [ [ 80.465418156829301, 29.55229633590908 ], [ 80.465418156829301, 29.54834116179509 ], [ 80.461504339112452, 29.54834116179509 ], [ 80.461504339112452, 29.5443859876811 ], [ 80.453676703678738, 29.5443859876811 ], [ 80.453676703678738, 29.540430813567113 ], [ 80.445849068245025, 29.540430813567113 ], [ 80.445849068245025, 29.536475639453123 ], [ 80.465418156829301, 29.536475639453123 ], [ 80.465418156829301, 29.540430813567113 ], [ 80.469331974546151, 29.540430813567113 ], [ 80.469331974546151, 29.55229633590908 ], [ 80.465418156829301, 29.55229633590908 ] ], [ [ 80.445849068245025, 29.55625151002307 ], [ 80.445849068245025, 29.54834116179509 ], [ 80.449762885961889, 29.54834116179509 ], [ 80.449762885961889, 29.55625151002307 ], [ 80.445849068245025, 29.55625151002307 ] ], [ [ 80.426279979660748, 29.536475639453123 ], [ 80.426279979660748, 29.532520465339132 ], [ 80.422366161943899, 29.532520465339132 ], [ 80.422366161943899, 29.528565291225142 ], [ 80.414538526510185, 29.528565291225142 ], [ 80.414538526510185, 29.516699768883175 ], [ 80.418452344227049, 29.516699768883175 ], [ 80.418452344227049, 29.520654942997165 ], [ 80.422366161943899, 29.520654942997165 ], [ 80.422366161943899, 29.524610117111152 ], [ 80.426279979660748, 29.524610117111152 ], [ 80.426279979660748, 29.528565291225142 ], [ 80.434107615094462, 29.528565291225142 ], [ 80.434107615094462, 29.532520465339132 ], [ 80.438021432811311, 29.532520465339132 ], [ 80.438021432811311, 29.536475639453123 ], [ 80.426279979660748, 29.536475639453123 ] ], [ [ 80.406710891076486, 29.512744594769185 ], [ 80.406710891076486, 29.508789420655194 ], [ 80.398883255642772, 29.508789420655194 ], [ 80.398883255642772, 29.500879072427217 ], [ 80.402797073359622, 29.500879072427217 ], [ 80.402797073359622, 29.504834246541208 ], [ 80.414538526510185, 29.504834246541208 ], [ 80.414538526510185, 29.512744594769185 ], [ 80.406710891076486, 29.512744594769185 ] ], [ [ 80.375400349341646, 29.489013550085247 ], [ 80.375400349341646, 29.48505837597126 ], [ 80.371486531624797, 29.48505837597126 ], [ 80.371486531624797, 29.477148027743279 ], [ 80.375400349341646, 29.477148027743279 ], [ 80.375400349341646, 29.469237679515302 ], [ 80.38322798477536, 29.469237679515302 ], [ 80.38322798477536, 29.489013550085247 ], [ 80.375400349341646, 29.489013550085247 ] ], [ [ 80.348003625323656, 29.504834246541208 ], [ 80.348003625323656, 29.500879072427217 ], [ 80.344089807606807, 29.500879072427217 ], [ 80.344089807606807, 29.496923898313227 ], [ 80.340175989889957, 29.496923898313227 ], [ 80.340175989889957, 29.492968724199237 ], [ 80.332348354456244, 29.492968724199237 ], [ 80.332348354456244, 29.489013550085247 ], [ 80.328434536739394, 29.489013550085247 ], [ 80.328434536739394, 29.48505837597126 ], [ 80.32060690130568, 29.48505837597126 ], [ 80.32060690130568, 29.48110320185727 ], [ 80.332348354456244, 29.48110320185727 ], [ 80.332348354456244, 29.48505837597126 ], [ 80.340175989889957, 29.48505837597126 ], [ 80.340175989889957, 29.489013550085247 ], [ 80.344089807606807, 29.489013550085247 ], [ 80.344089807606807, 29.492968724199237 ], [ 80.35191744304052, 29.492968724199237 ], [ 80.35191744304052, 29.504834246541208 ], [ 80.348003625323656, 29.504834246541208 ] ], [ [ 80.344089807606807, 29.48505837597126 ], [ 80.344089807606807, 29.48110320185727 ], [ 80.336262172173093, 29.48110320185727 ], [ 80.336262172173093, 29.477148027743279 ], [ 80.328434536739394, 29.477148027743279 ], [ 80.328434536739394, 29.469237679515302 ], [ 80.32452071902253, 29.469237679515302 ], [ 80.32452071902253, 29.465282505401312 ], [ 80.32060690130568, 29.465282505401312 ], [ 80.32060690130568, 29.469237679515302 ], [ 80.316693083588831, 29.469237679515302 ], [ 80.316693083588831, 29.461327331287322 ], [ 80.301037812721404, 29.461327331287322 ], [ 80.301037812721404, 29.465282505401312 ], [ 80.297123995004554, 29.465282505401312 ], [ 80.297123995004554, 29.461327331287322 ], [ 80.285382541853991, 29.461327331287322 ], [ 80.285382541853991, 29.441551460717374 ], [ 80.35191744304052, 29.441551460717374 ], [ 80.35191744304052, 29.48505837597126 ], [ 80.344089807606807, 29.48505837597126 ] ], [ [ 80.308865448155117, 29.492968724199237 ], [ 80.308865448155117, 29.48110320185727 ], [ 80.316693083588831, 29.48110320185727 ], [ 80.316693083588831, 29.492968724199237 ], [ 80.308865448155117, 29.492968724199237 ] ], [ [ 80.297123995004554, 29.504834246541208 ], [ 80.297123995004554, 29.496923898313227 ], [ 80.301037812721404, 29.496923898313227 ], [ 80.301037812721404, 29.504834246541208 ], [ 80.297123995004554, 29.504834246541208 ] ], [ [ 80.285382541853991, 29.473192853629289 ], [ 80.285382541853991, 29.469237679515302 ], [ 80.289296359570841, 29.469237679515302 ], [ 80.289296359570841, 29.473192853629289 ], [ 80.285382541853991, 29.473192853629289 ] ], [ [ 80.273641088703428, 29.465282505401312 ], [ 80.273641088703428, 29.461327331287322 ], [ 80.261899635552865, 29.461327331287322 ], [ 80.261899635552865, 29.441551460717374 ], [ 80.269727270986579, 29.441551460717374 ], [ 80.269727270986579, 29.437596286603384 ], [ 80.277554906420278, 29.437596286603384 ], [ 80.277554906420278, 29.441551460717374 ], [ 80.281468724137142, 29.441551460717374 ], [ 80.281468724137142, 29.445506634831364 ], [ 80.277554906420278, 29.445506634831364 ], [ 80.277554906420278, 29.453416983059341 ], [ 80.281468724137142, 29.453416983059341 ], [ 80.281468724137142, 29.461327331287322 ], [ 80.277554906420278, 29.461327331287322 ], [ 80.277554906420278, 29.465282505401312 ], [ 80.273641088703428, 29.465282505401312 ] ], [ [ 80.273641088703428, 29.524610117111152 ], [ 80.273641088703428, 29.520654942997165 ], [ 80.277554906420278, 29.520654942997165 ], [ 80.277554906420278, 29.524610117111152 ], [ 80.273641088703428, 29.524610117111152 ] ], [ [ 80.261899635552865, 29.473192853629289 ], [ 80.261899635552865, 29.469237679515302 ], [ 80.265813453269715, 29.469237679515302 ], [ 80.265813453269715, 29.473192853629289 ], [ 80.261899635552865, 29.473192853629289 ] ], [ [ 80.257985817836015, 29.536475639453123 ], [ 80.257985817836015, 29.528565291225142 ], [ 80.261899635552865, 29.528565291225142 ], [ 80.261899635552865, 29.536475639453123 ], [ 80.257985817836015, 29.536475639453123 ] ], [ [ 80.242330546968589, 29.469237679515302 ], [ 80.242330546968589, 29.441551460717374 ], [ 80.257985817836015, 29.441551460717374 ], [ 80.257985817836015, 29.461327331287322 ], [ 80.254072000119152, 29.461327331287322 ], [ 80.254072000119152, 29.465282505401312 ], [ 80.250158182402302, 29.465282505401312 ], [ 80.250158182402302, 29.461327331287322 ], [ 80.246244364685438, 29.461327331287322 ], [ 80.246244364685438, 29.469237679515302 ], [ 80.242330546968589, 29.469237679515302 ] ], [ [ 80.214933822950613, 29.473192853629289 ], [ 80.214933822950613, 29.469237679515302 ], [ 80.211020005233749, 29.469237679515302 ], [ 80.211020005233749, 29.445506634831364 ], [ 80.207106187516899, 29.445506634831364 ], [ 80.207106187516899, 29.441551460717374 ], [ 80.20319236980005, 29.441551460717374 ], [ 80.20319236980005, 29.445506634831364 ], [ 80.195364734366336, 29.445506634831364 ], [ 80.195364734366336, 29.465282505401312 ], [ 80.191450916649487, 29.465282505401312 ], [ 80.191450916649487, 29.461327331287322 ], [ 80.187537098932623, 29.461327331287322 ], [ 80.187537098932623, 29.469237679515302 ], [ 80.179709463498924, 29.469237679515302 ], [ 80.179709463498924, 29.457372157173332 ], [ 80.191450916649487, 29.457372157173332 ], [ 80.191450916649487, 29.445506634831364 ], [ 80.179709463498924, 29.445506634831364 ], [ 80.179709463498924, 29.441551460717374 ], [ 80.187537098932623, 29.441551460717374 ], [ 80.187537098932623, 29.433641112489397 ], [ 80.191450916649487, 29.433641112489397 ], [ 80.191450916649487, 29.425730764261417 ], [ 80.187537098932623, 29.425730764261417 ], [ 80.187537098932623, 29.417820416033436 ], [ 80.191450916649487, 29.417820416033436 ], [ 80.191450916649487, 29.413865241919449 ], [ 80.195364734366336, 29.413865241919449 ], [ 80.195364734366336, 29.409910067805459 ], [ 80.199278552083186, 29.409910067805459 ], [ 80.199278552083186, 29.405954893691469 ], [ 80.207106187516899, 29.405954893691469 ], [ 80.207106187516899, 29.401999719577478 ], [ 80.218847640667462, 29.401999719577478 ], [ 80.218847640667462, 29.405954893691469 ], [ 80.226675276101176, 29.405954893691469 ], [ 80.226675276101176, 29.441551460717374 ], [ 80.234502911534875, 29.441551460717374 ], [ 80.234502911534875, 29.473192853629289 ], [ 80.230589093818026, 29.473192853629289 ], [ 80.230589093818026, 29.453416983059341 ], [ 80.226675276101176, 29.453416983059341 ], [ 80.226675276101176, 29.465282505401312 ], [ 80.218847640667462, 29.465282505401312 ], [ 80.218847640667462, 29.473192853629289 ], [ 80.214933822950613, 29.473192853629289 ] ], [ [ 80.222761458384312, 29.528565291225142 ], [ 80.222761458384312, 29.524610117111152 ], [ 80.218847640667462, 29.524610117111152 ], [ 80.218847640667462, 29.520654942997165 ], [ 80.226675276101176, 29.520654942997165 ], [ 80.226675276101176, 29.528565291225142 ], [ 80.222761458384312, 29.528565291225142 ] ], [ [ 80.20319236980005, 29.536475639453123 ], [ 80.20319236980005, 29.532520465339132 ], [ 80.211020005233749, 29.532520465339132 ], [ 80.211020005233749, 29.536475639453123 ], [ 80.20319236980005, 29.536475639453123 ] ], [ [ 80.199278552083186, 29.469237679515302 ], [ 80.199278552083186, 29.461327331287322 ], [ 80.20319236980005, 29.461327331287322 ], [ 80.20319236980005, 29.469237679515302 ], [ 80.199278552083186, 29.469237679515302 ] ], [ [ 80.195364734366336, 29.512744594769185 ], [ 80.195364734366336, 29.504834246541208 ], [ 80.199278552083186, 29.504834246541208 ], [ 80.199278552083186, 29.512744594769185 ], [ 80.195364734366336, 29.512744594769185 ] ], [ [ 80.113174562312395, 29.473192853629289 ], [ 80.113174562312395, 29.469237679515302 ], [ 80.101433109161832, 29.469237679515302 ], [ 80.101433109161832, 29.465282505401312 ], [ 80.093605473728118, 29.465282505401312 ], [ 80.093605473728118, 29.461327331287322 ], [ 80.097519291444968, 29.461327331287322 ], [ 80.097519291444968, 29.449461808945355 ], [ 80.101433109161832, 29.449461808945355 ], [ 80.101433109161832, 29.453416983059341 ], [ 80.113174562312395, 29.453416983059341 ], [ 80.113174562312395, 29.445506634831364 ], [ 80.089691656011269, 29.445506634831364 ], [ 80.089691656011269, 29.441551460717374 ], [ 80.128829833179807, 29.441551460717374 ], [ 80.128829833179807, 29.445506634831364 ], [ 80.132743650896657, 29.445506634831364 ], [ 80.132743650896657, 29.441551460717374 ], [ 80.136657468613521, 29.441551460717374 ], [ 80.136657468613521, 29.445506634831364 ], [ 80.140571286330371, 29.445506634831364 ], [ 80.140571286330371, 29.453416983059341 ], [ 80.14448510404722, 29.453416983059341 ], [ 80.14448510404722, 29.441551460717374 ], [ 80.152312739480934, 29.441551460717374 ], [ 80.152312739480934, 29.445506634831364 ], [ 80.156226557197783, 29.445506634831364 ], [ 80.156226557197783, 29.433641112489397 ], [ 80.167968010348361, 29.433641112489397 ], [ 80.167968010348361, 29.437596286603384 ], [ 80.17188182806521, 29.437596286603384 ], [ 80.17188182806521, 29.445506634831364 ], [ 80.17579564578206, 29.445506634831364 ], [ 80.17579564578206, 29.457372157173332 ], [ 80.17188182806521, 29.457372157173332 ], [ 80.17188182806521, 29.465282505401312 ], [ 80.164054192631497, 29.465282505401312 ], [ 80.164054192631497, 29.453416983059341 ], [ 80.167968010348361, 29.453416983059341 ], [ 80.167968010348361, 29.445506634831364 ], [ 80.164054192631497, 29.445506634831364 ], [ 80.164054192631497, 29.449461808945355 ], [ 80.160140374914647, 29.449461808945355 ], [ 80.160140374914647, 29.457372157173332 ], [ 80.152312739480934, 29.457372157173332 ], [ 80.152312739480934, 29.461327331287322 ], [ 80.148398921764084, 29.461327331287322 ], [ 80.148398921764084, 29.465282505401312 ], [ 80.136657468613521, 29.465282505401312 ], [ 80.136657468613521, 29.461327331287322 ], [ 80.132743650896657, 29.461327331287322 ], [ 80.132743650896657, 29.449461808945355 ], [ 80.128829833179807, 29.449461808945355 ], [ 80.128829833179807, 29.453416983059341 ], [ 80.124916015462958, 29.453416983059341 ], [ 80.124916015462958, 29.449461808945355 ], [ 80.121002197746094, 29.449461808945355 ], [ 80.121002197746094, 29.445506634831364 ], [ 80.117088380029244, 29.445506634831364 ], [ 80.117088380029244, 29.457372157173332 ], [ 80.105346926878681, 29.457372157173332 ], [ 80.105346926878681, 29.465282505401312 ], [ 80.113174562312395, 29.465282505401312 ], [ 80.113174562312395, 29.461327331287322 ], [ 80.117088380029244, 29.461327331287322 ], [ 80.117088380029244, 29.473192853629289 ], [ 80.113174562312395, 29.473192853629289 ] ], [ [ 80.148398921764084, 29.568117032365038 ], [ 80.148398921764084, 29.564161858251047 ], [ 80.164054192631497, 29.564161858251047 ], [ 80.164054192631497, 29.568117032365038 ], [ 80.148398921764084, 29.568117032365038 ] ], [ [ 80.132743650896657, 29.55625151002307 ], [ 80.132743650896657, 29.55229633590908 ], [ 80.136657468613521, 29.55229633590908 ], [ 80.136657468613521, 29.55625151002307 ], [ 80.132743650896657, 29.55625151002307 ] ], [ [ 80.124916015462958, 29.5443859876811 ], [ 80.124916015462958, 29.540430813567113 ], [ 80.132743650896657, 29.540430813567113 ], [ 80.132743650896657, 29.5443859876811 ], [ 80.124916015462958, 29.5443859876811 ] ], [ [ 80.124916015462958, 29.465282505401312 ], [ 80.124916015462958, 29.461327331287322 ], [ 80.128829833179807, 29.461327331287322 ], [ 80.128829833179807, 29.465282505401312 ], [ 80.124916015462958, 29.465282505401312 ] ], [ [ 80.101433109161832, 29.54834116179509 ], [ 80.101433109161832, 29.540430813567113 ], [ 80.113174562312395, 29.540430813567113 ], [ 80.113174562312395, 29.5443859876811 ], [ 80.105346926878681, 29.5443859876811 ], [ 80.105346926878681, 29.54834116179509 ], [ 80.101433109161832, 29.54834116179509 ] ], [ [ 80.081864020577555, 29.595803251162963 ], [ 80.081864020577555, 29.591848077048976 ], [ 80.077950202860706, 29.591848077048976 ], [ 80.077950202860706, 29.587892902934986 ], [ 80.074036385143842, 29.587892902934986 ], [ 80.074036385143842, 29.568117032365038 ], [ 80.101433109161832, 29.568117032365038 ], [ 80.101433109161832, 29.595803251162963 ], [ 80.081864020577555, 29.595803251162963 ] ], [ [ 80.062294931993279, 29.473192853629289 ], [ 80.062294931993279, 29.469237679515302 ], [ 80.070122567426992, 29.469237679515302 ], [ 80.070122567426992, 29.473192853629289 ], [ 80.062294931993279, 29.473192853629289 ] ], [ [ 80.062294931993279, 29.504834246541208 ], [ 80.062294931993279, 29.500879072427217 ], [ 80.066208749710142, 29.500879072427217 ], [ 80.066208749710142, 29.504834246541208 ], [ 80.062294931993279, 29.504834246541208 ] ], [ [ 80.038812025692152, 29.631399818188868 ], [ 80.038812025692152, 29.603713599390943 ], [ 80.058381114276429, 29.603713599390943 ], [ 80.058381114276429, 29.607668773504933 ], [ 80.062294931993279, 29.607668773504933 ], [ 80.062294931993279, 29.619534295846901 ], [ 80.066208749710142, 29.619534295846901 ], [ 80.066208749710142, 29.631399818188868 ], [ 80.038812025692152, 29.631399818188868 ] ], [ [ 80.046639661125866, 29.504834246541208 ], [ 80.046639661125866, 29.500879072427217 ], [ 80.054467296559565, 29.500879072427217 ], [ 80.054467296559565, 29.504834246541208 ], [ 80.046639661125866, 29.504834246541208 ] ], [ [ 80.046639661125866, 29.568117032365038 ], [ 80.046639661125866, 29.564161858251047 ], [ 80.050553478842716, 29.564161858251047 ], [ 80.050553478842716, 29.568117032365038 ], [ 80.046639661125866, 29.568117032365038 ] ], [ [ 80.042725843409002, 29.473192853629289 ], [ 80.042725843409002, 29.469237679515302 ], [ 80.046639661125866, 29.469237679515302 ], [ 80.046639661125866, 29.473192853629289 ], [ 80.042725843409002, 29.473192853629289 ] ], [ [ 80.038812025692152, 29.489013550085247 ], [ 80.038812025692152, 29.48505837597126 ], [ 80.042725843409002, 29.48505837597126 ], [ 80.042725843409002, 29.489013550085247 ], [ 80.038812025692152, 29.489013550085247 ] ], [ [ 80.015329119391026, 29.576027380593018 ], [ 80.015329119391026, 29.572072206479028 ], [ 80.011415301674177, 29.572072206479028 ], [ 80.011415301674177, 29.568117032365038 ], [ 79.999673848523614, 29.568117032365038 ], [ 79.999673848523614, 29.564161858251047 ], [ 80.003587666240463, 29.564161858251047 ], [ 80.003587666240463, 29.54834116179509 ], [ 80.007501483957313, 29.54834116179509 ], [ 80.007501483957313, 29.540430813567113 ], [ 80.011415301674177, 29.540430813567113 ], [ 80.011415301674177, 29.536475639453123 ], [ 80.019242937107876, 29.536475639453123 ], [ 80.019242937107876, 29.532520465339132 ], [ 80.027070572541589, 29.532520465339132 ], [ 80.027070572541589, 29.528565291225142 ], [ 80.030984390258439, 29.528565291225142 ], [ 80.030984390258439, 29.532520465339132 ], [ 80.038812025692152, 29.532520465339132 ], [ 80.038812025692152, 29.568117032365038 ], [ 80.034898207975303, 29.568117032365038 ], [ 80.034898207975303, 29.572072206479028 ], [ 80.027070572541589, 29.572072206479028 ], [ 80.027070572541589, 29.576027380593018 ], [ 80.015329119391026, 29.576027380593018 ] ], [ [ 79.999673848523614, 29.433641112489397 ], [ 79.999673848523614, 29.429685938375407 ], [ 79.99576003080675, 29.429685938375407 ], [ 79.99576003080675, 29.425730764261417 ], [ 79.9918462130899, 29.425730764261417 ], [ 79.9918462130899, 29.421775590147426 ], [ 79.987932395373051, 29.421775590147426 ], [ 79.987932395373051, 29.417820416033436 ], [ 79.984018577656187, 29.417820416033436 ], [ 79.984018577656187, 29.409910067805459 ], [ 79.980104759939337, 29.409910067805459 ], [ 79.980104759939337, 29.405954893691469 ], [ 79.984018577656187, 29.405954893691469 ], [ 79.984018577656187, 29.398044545463492 ], [ 79.9918462130899, 29.398044545463492 ], [ 79.9918462130899, 29.394089371349502 ], [ 79.99576003080675, 29.394089371349502 ], [ 79.99576003080675, 29.390134197235511 ], [ 79.999673848523614, 29.390134197235511 ], [ 79.999673848523614, 29.386179023121521 ], [ 80.003587666240463, 29.386179023121521 ], [ 80.003587666240463, 29.382223849007531 ], [ 80.011415301674177, 29.382223849007531 ], [ 80.011415301674177, 29.386179023121521 ], [ 80.019242937107876, 29.386179023121521 ], [ 80.019242937107876, 29.390134197235511 ], [ 80.02315675482474, 29.390134197235511 ], [ 80.02315675482474, 29.398044545463492 ], [ 80.027070572541589, 29.398044545463492 ], [ 80.027070572541589, 29.401999719577478 ], [ 80.030984390258439, 29.401999719577478 ], [ 80.030984390258439, 29.409910067805459 ], [ 80.034898207975303, 29.409910067805459 ], [ 80.034898207975303, 29.413865241919449 ], [ 80.030984390258439, 29.413865241919449 ], [ 80.030984390258439, 29.417820416033436 ], [ 80.027070572541589, 29.417820416033436 ], [ 80.027070572541589, 29.421775590147426 ], [ 80.02315675482474, 29.421775590147426 ], [ 80.02315675482474, 29.425730764261417 ], [ 80.019242937107876, 29.425730764261417 ], [ 80.019242937107876, 29.429685938375407 ], [ 80.015329119391026, 29.429685938375407 ], [ 80.015329119391026, 29.433641112489397 ], [ 79.999673848523614, 29.433641112489397 ] ], [ [ 80.007501483957313, 29.599758425276953 ], [ 80.007501483957313, 29.579982554707005 ], [ 80.015329119391026, 29.579982554707005 ], [ 80.015329119391026, 29.583937728820995 ], [ 80.019242937107876, 29.583937728820995 ], [ 80.019242937107876, 29.587892902934986 ], [ 80.015329119391026, 29.587892902934986 ], [ 80.015329119391026, 29.591848077048976 ], [ 80.011415301674177, 29.591848077048976 ], [ 80.011415301674177, 29.599758425276953 ], [ 80.007501483957313, 29.599758425276953 ] ], [ [ 79.960535671355061, 29.473192853629289 ], [ 79.960535671355061, 29.461327331287322 ], [ 79.956621853638211, 29.461327331287322 ], [ 79.956621853638211, 29.457372157173332 ], [ 79.960535671355061, 29.457372157173332 ], [ 79.960535671355061, 29.441551460717374 ], [ 79.984018577656187, 29.441551460717374 ], [ 79.984018577656187, 29.449461808945355 ], [ 79.987932395373051, 29.449461808945355 ], [ 79.987932395373051, 29.441551460717374 ], [ 80.003587666240463, 29.441551460717374 ], [ 80.003587666240463, 29.449461808945355 ], [ 80.007501483957313, 29.449461808945355 ], [ 80.007501483957313, 29.437596286603384 ], [ 80.015329119391026, 29.437596286603384 ], [ 80.015329119391026, 29.473192853629289 ], [ 80.011415301674177, 29.473192853629289 ], [ 80.011415301674177, 29.465282505401312 ], [ 80.007501483957313, 29.465282505401312 ], [ 80.007501483957313, 29.457372157173332 ], [ 80.003587666240463, 29.457372157173332 ], [ 80.003587666240463, 29.473192853629289 ], [ 79.999673848523614, 29.473192853629289 ], [ 79.999673848523614, 29.445506634831364 ], [ 79.9918462130899, 29.445506634831364 ], [ 79.9918462130899, 29.465282505401312 ], [ 79.987932395373051, 29.465282505401312 ], [ 79.987932395373051, 29.453416983059341 ], [ 79.984018577656187, 29.453416983059341 ], [ 79.984018577656187, 29.469237679515302 ], [ 79.976190942222487, 29.469237679515302 ], [ 79.976190942222487, 29.453416983059341 ], [ 79.980104759939337, 29.453416983059341 ], [ 79.980104759939337, 29.449461808945355 ], [ 79.976190942222487, 29.449461808945355 ], [ 79.976190942222487, 29.445506634831364 ], [ 79.968363306788774, 29.445506634831364 ], [ 79.968363306788774, 29.449461808945355 ], [ 79.96444948907191, 29.449461808945355 ], [ 79.96444948907191, 29.457372157173332 ], [ 79.968363306788774, 29.457372157173332 ], [ 79.968363306788774, 29.465282505401312 ], [ 79.96444948907191, 29.465282505401312 ], [ 79.96444948907191, 29.473192853629289 ], [ 79.960535671355061, 29.473192853629289 ] ], [ [ 79.976190942222487, 29.635354992302858 ], [ 79.976190942222487, 29.631399818188868 ], [ 79.980104759939337, 29.631399818188868 ], [ 79.980104759939337, 29.635354992302858 ], [ 79.976190942222487, 29.635354992302858 ] ], [ [ 79.956621853638211, 29.5443859876811 ], [ 79.956621853638211, 29.540430813567113 ], [ 79.976190942222487, 29.540430813567113 ], [ 79.976190942222487, 29.5443859876811 ], [ 79.956621853638211, 29.5443859876811 ] ], [ [ 79.925311311903371, 29.54834116179509 ], [ 79.925311311903371, 29.5443859876811 ], [ 79.937052765053934, 29.5443859876811 ], [ 79.937052765053934, 29.54834116179509 ], [ 79.925311311903371, 29.54834116179509 ] ], [ [ 79.894000770168532, 29.805427479204404 ], [ 79.894000770168532, 29.801472305090417 ], [ 79.897914587885396, 29.801472305090417 ], [ 79.897914587885396, 29.805427479204404 ], [ 79.894000770168532, 29.805427479204404 ] ], [ [ 79.878345499301119, 29.647220514644829 ], [ 79.878345499301119, 29.639310166416848 ], [ 79.882259317017969, 29.639310166416848 ], [ 79.882259317017969, 29.647220514644829 ], [ 79.878345499301119, 29.647220514644829 ] ], [ [ 79.854862593, 29.663041211100783 ], [ 79.854862593, 29.659086036986796 ], [ 79.858776410716843, 29.659086036986796 ], [ 79.858776410716843, 29.655130862872806 ], [ 79.862690228433692, 29.655130862872806 ], [ 79.862690228433692, 29.663041211100783 ], [ 79.854862593, 29.663041211100783 ] ], [ [ 79.780500056379751, 29.670951559328763 ], [ 79.780500056379751, 29.663041211100783 ], [ 79.788327691813464, 29.663041211100783 ], [ 79.788327691813464, 29.670951559328763 ], [ 79.780500056379751, 29.670951559328763 ] ], [ [ 79.768758603229188, 29.85288956857228 ], [ 79.768758603229188, 29.84893439445829 ], [ 79.772672420946037, 29.84893439445829 ], [ 79.772672420946037, 29.8449792203443 ], [ 79.776586238662901, 29.8449792203443 ], [ 79.776586238662901, 29.85288956857228 ], [ 79.768758603229188, 29.85288956857228 ] ], [ [ 79.745275696928061, 29.55625151002307 ], [ 79.745275696928061, 29.55229633590908 ], [ 79.741361879211212, 29.55229633590908 ], [ 79.741361879211212, 29.5443859876811 ], [ 79.737448061494348, 29.5443859876811 ], [ 79.737448061494348, 29.540430813567113 ], [ 79.733534243777498, 29.540430813567113 ], [ 79.733534243777498, 29.536475639453123 ], [ 79.737448061494348, 29.536475639453123 ], [ 79.737448061494348, 29.528565291225142 ], [ 79.741361879211212, 29.528565291225142 ], [ 79.741361879211212, 29.524610117111152 ], [ 79.745275696928061, 29.524610117111152 ], [ 79.745275696928061, 29.520654942997165 ], [ 79.753103332361775, 29.520654942997165 ], [ 79.753103332361775, 29.516699768883175 ], [ 79.760930967795474, 29.516699768883175 ], [ 79.760930967795474, 29.520654942997165 ], [ 79.768758603229188, 29.520654942997165 ], [ 79.768758603229188, 29.524610117111152 ], [ 79.772672420946037, 29.524610117111152 ], [ 79.772672420946037, 29.532520465339132 ], [ 79.776586238662901, 29.532520465339132 ], [ 79.776586238662901, 29.540430813567113 ], [ 79.772672420946037, 29.540430813567113 ], [ 79.772672420946037, 29.54834116179509 ], [ 79.768758603229188, 29.54834116179509 ], [ 79.768758603229188, 29.55229633590908 ], [ 79.760930967795474, 29.55229633590908 ], [ 79.760930967795474, 29.55625151002307 ], [ 79.745275696928061, 29.55625151002307 ] ], [ [ 79.757017150078624, 29.837068872116323 ], [ 79.757017150078624, 29.829158523888342 ], [ 79.764844785512338, 29.829158523888342 ], [ 79.764844785512338, 29.833113698002332 ], [ 79.768758603229188, 29.833113698002332 ], [ 79.768758603229188, 29.837068872116323 ], [ 79.757017150078624, 29.837068872116323 ] ], [ [ 79.741361879211212, 29.789606782748447 ], [ 79.741361879211212, 29.78565160863446 ], [ 79.749189514644911, 29.78565160863446 ], [ 79.749189514644911, 29.789606782748447 ], [ 79.741361879211212, 29.789606782748447 ] ], [ [ 79.725706608343785, 29.603713599390943 ], [ 79.725706608343785, 29.599758425276953 ], [ 79.729620426060649, 29.599758425276953 ], [ 79.729620426060649, 29.603713599390943 ], [ 79.725706608343785, 29.603713599390943 ] ], [ [ 79.66308552487412, 29.829158523888342 ], [ 79.66308552487412, 29.817293001546375 ], [ 79.666999342590969, 29.817293001546375 ], [ 79.666999342590969, 29.821248175660365 ], [ 79.725706608343785, 29.821248175660365 ], [ 79.725706608343785, 29.829158523888342 ], [ 79.66308552487412, 29.829158523888342 ] ], [ [ 79.66308552487412, 29.757965389836532 ], [ 79.66308552487412, 29.750055041608555 ], [ 79.666999342590969, 29.750055041608555 ], [ 79.666999342590969, 29.754010215722541 ], [ 79.690482248892096, 29.754010215722541 ], [ 79.690482248892096, 29.750055041608555 ], [ 79.694396066608959, 29.750055041608555 ], [ 79.694396066608959, 29.746099867494564 ], [ 79.698309884325809, 29.746099867494564 ], [ 79.698309884325809, 29.754010215722541 ], [ 79.706137519759523, 29.754010215722541 ], [ 79.706137519759523, 29.750055041608555 ], [ 79.713965155193222, 29.750055041608555 ], [ 79.713965155193222, 29.746099867494564 ], [ 79.725706608343785, 29.746099867494564 ], [ 79.725706608343785, 29.757965389836532 ], [ 79.66308552487412, 29.757965389836532 ] ], [ [ 79.647430254006693, 29.682817081670731 ], [ 79.647430254006693, 29.678861907556744 ], [ 79.63177498313928, 29.678861907556744 ], [ 79.63177498313928, 29.674906733442754 ], [ 79.627861165422431, 29.674906733442754 ], [ 79.627861165422431, 29.670951559328763 ], [ 79.623947347705567, 29.670951559328763 ], [ 79.623947347705567, 29.655130862872806 ], [ 79.627861165422431, 29.655130862872806 ], [ 79.627861165422431, 29.651175688758816 ], [ 79.63568880085613, 29.651175688758816 ], [ 79.63568880085613, 29.647220514644829 ], [ 79.639602618572994, 29.647220514644829 ], [ 79.639602618572994, 29.643265340530839 ], [ 79.66308552487412, 29.643265340530839 ], [ 79.66308552487412, 29.682817081670731 ], [ 79.647430254006693, 29.682817081670731 ] ], [ [ 79.623947347705567, 29.9201275285101 ], [ 79.623947347705567, 29.91617235439611 ], [ 79.620033529988717, 29.91617235439611 ], [ 79.620033529988717, 29.91221718028212 ], [ 79.616119712271868, 29.91221718028212 ], [ 79.616119712271868, 29.904306832054143 ], [ 79.612205894555004, 29.904306832054143 ], [ 79.612205894555004, 29.896396483826162 ], [ 79.608292076838154, 29.896396483826162 ], [ 79.608292076838154, 29.884530961484195 ], [ 79.620033529988717, 29.884530961484195 ], [ 79.620033529988717, 29.880575787370205 ], [ 79.623947347705567, 29.880575787370205 ], [ 79.623947347705567, 29.876620613256215 ], [ 79.639602618572994, 29.876620613256215 ], [ 79.639602618572994, 29.880575787370205 ], [ 79.643516436289843, 29.880575787370205 ], [ 79.643516436289843, 29.884530961484195 ], [ 79.659171707157256, 29.884530961484195 ], [ 79.659171707157256, 29.888486135598185 ], [ 79.655257889440406, 29.888486135598185 ], [ 79.655257889440406, 29.896396483826162 ], [ 79.651344071723557, 29.896396483826162 ], [ 79.651344071723557, 29.904306832054143 ], [ 79.647430254006693, 29.904306832054143 ], [ 79.647430254006693, 29.91221718028212 ], [ 79.643516436289843, 29.91221718028212 ], [ 79.643516436289843, 29.91617235439611 ], [ 79.639602618572994, 29.91617235439611 ], [ 79.639602618572994, 29.9201275285101 ], [ 79.623947347705567, 29.9201275285101 ] ], [ [ 79.63177498313928, 29.773786086292489 ], [ 79.63177498313928, 29.765875738064512 ], [ 79.639602618572994, 29.765875738064512 ], [ 79.639602618572994, 29.769830912178499 ], [ 79.63568880085613, 29.769830912178499 ], [ 79.63568880085613, 29.773786086292489 ], [ 79.63177498313928, 29.773786086292489 ] ], [ [ 79.600464441404441, 29.777741260406479 ], [ 79.600464441404441, 29.773786086292489 ], [ 79.604378259121304, 29.773786086292489 ], [ 79.604378259121304, 29.777741260406479 ], [ 79.600464441404441, 29.777741260406479 ] ], [ [ 79.600464441404441, 29.757965389836532 ], [ 79.600464441404441, 29.750055041608555 ], [ 79.604378259121304, 29.750055041608555 ], [ 79.604378259121304, 29.757965389836532 ], [ 79.600464441404441, 29.757965389836532 ] ], [ [ 79.541757175651625, 29.761920563950522 ], [ 79.541757175651625, 29.757965389836532 ], [ 79.545670993368475, 29.757965389836532 ], [ 79.545670993368475, 29.761920563950522 ], [ 79.541757175651625, 29.761920563950522 ] ], [ [ 79.533929540217912, 29.765875738064512 ], [ 79.533929540217912, 29.757965389836532 ], [ 79.537843357934776, 29.757965389836532 ], [ 79.537843357934776, 29.765875738064512 ], [ 79.533929540217912, 29.765875738064512 ] ], [ [ 79.51436045163365, 29.789606782748447 ], [ 79.51436045163365, 29.78565160863446 ], [ 79.522188087067349, 29.78565160863446 ], [ 79.522188087067349, 29.789606782748447 ], [ 79.51436045163365, 29.789606782748447 ] ], [ [ 79.502618998483086, 29.821248175660365 ], [ 79.502618998483086, 29.817293001546375 ], [ 79.51436045163365, 29.817293001546375 ], [ 79.51436045163365, 29.821248175660365 ], [ 79.502618998483086, 29.821248175660365 ] ], [ [ 79.475222274465096, 29.91617235439611 ], [ 79.475222274465096, 29.91221718028212 ], [ 79.479136092181946, 29.91221718028212 ], [ 79.479136092181946, 29.91617235439611 ], [ 79.475222274465096, 29.91617235439611 ] ], [ [ 79.45565318588082, 29.730279171038607 ], [ 79.45565318588082, 29.726323996924616 ], [ 79.447825550447121, 29.726323996924616 ], [ 79.447825550447121, 29.722368822810626 ], [ 79.443911732730257, 29.722368822810626 ], [ 79.443911732730257, 29.714458474582649 ], [ 79.439997915013407, 29.714458474582649 ], [ 79.439997915013407, 29.698637778126688 ], [ 79.436084097296558, 29.698637778126688 ], [ 79.436084097296558, 29.694682604012701 ], [ 79.475222274465096, 29.694682604012701 ], [ 79.475222274465096, 29.730279171038607 ], [ 79.45565318588082, 29.730279171038607 ] ], [ [ 79.326497201224626, 29.809382653318394 ], [ 79.326497201224626, 29.805427479204404 ], [ 79.318669565790913, 29.805427479204404 ], [ 79.318669565790913, 29.769830912178499 ], [ 79.322583383507776, 29.769830912178499 ], [ 79.322583383507776, 29.765875738064512 ], [ 79.342152472092039, 29.765875738064512 ], [ 79.342152472092039, 29.769830912178499 ], [ 79.349980107525752, 29.769830912178499 ], [ 79.349980107525752, 29.809382653318394 ], [ 79.326497201224626, 29.809382653318394 ] ] ] } },
{ "type": "Feature", "properties": { "hazard": "MODERATE", "area_m2": 163311.78283093867, "area_ha": 16.331178283093866 }, "geometry": { "type": "Polygon", "coordinates": [ [ [ 80.598487959202359, 31.280707423722479 ], [ 80.602401776919208, 31.280707423722479 ], [ 80.602401776919208, 31.276752249608489 ], [ 80.598487959202359, 31.276752249608489 ], [ 80.598487959202359, 31.280707423722479 ] ] ] } },
{ "type": "Feature", "properties": { "hazard": "MODERATE", "area_m2": 327456.48547096847, "area_ha": 32.745648547096849 }, "geometry": { "type": "Polygon", "coordinates": [ [ [ 80.845058475364198, 31.031531454541142 ], [ 80.852886110797897, 31.031531454541142 ], [ 80.852886110797897, 31.027576280427152 ], [ 80.845058475364198, 31.027576280427152 ], [ 80.845058475364198, 31.031531454541142 ] ] ] } },
{ "type": "Feature", "properties": { "hazard": "MODERATE", "area_m2": 163827.31841944088, "area_ha": 16.382731841944089 }, "geometry": { "type": "Polygon", "coordinates": [ [ [ 81.025094090339508, 30.972203842831298 ], [ 81.029007908056357, 30.972203842831298 ], [ 81.029007908056357, 30.968248668717312 ], [ 81.025094090339508, 30.968248668717312 ], [ 81.025094090339508, 30.972203842831298 ] ] ] } },
{ "type": "Feature", "properties": { "hazard": "MODERATE", "area_m2": 327654.88748629845, "area_ha": 32.765488748629842 }, "geometry": { "type": "Polygon", "coordinates": [ [ [ 81.060318449791197, 30.972203842831298 ], [ 81.068146085224896, 30.972203842831298 ], [ 81.068146085224896, 30.968248668717312 ], [ 81.060318449791197, 30.968248668717312 ], [ 81.060318449791197, 30.972203842831298 ] ] ] } },
{ "type": "Feature", "properties": { "hazard": "MODERATE", "area_m2": 163834.07001025096, "area_ha": 16.383407001025095 }, "geometry": { "type": "Polygon", "coordinates": [ [ [ 81.056404632074333, 30.968248668717312 ], [ 81.060318449791197, 30.968248668717312 ], [ 81.060318449791197, 30.964293494603321 ], [ 81.056404632074333, 30.964293494603321 ], [ 81.056404632074333, 30.968248668717312 ] ] ] } },
{ "type": "Feature", "properties": { "hazard": "MODERATE", "area_m2": 164162.62164591436, "area_ha": 16.416262164591437 }, "geometry": { "type": "Polygon", "coordinates": [ [ [ 78.234542058222203, 30.940562449919383 ], [ 78.238455875939053, 30.940562449919383 ], [ 78.238455875939053, 30.936607275805393 ], [ 78.234542058222203, 30.936607275805393 ], [ 78.234542058222203, 30.940562449919383 ] ] ] } },
{ "type": "Feature", "properties": { "hazard": "MODERATE", "area_m2": 3119540.0004393407, "area_ha": 311.95400004393406 }, "geometry": { "type": "Polygon", "coordinates": [ [ [ 78.22280060507164, 30.936607275805393 ], [ 78.234542058222203, 30.936607275805393 ], [ 78.234542058222203, 30.932652101691406 ], [ 78.22671442278849, 30.932652101691406 ], [ 78.22671442278849, 30.928696927577416 ], [ 78.246283511372766, 30.928696927577416 ], [ 78.246283511372766, 30.924741753463426 ], [ 78.25411114680648, 30.924741753463426 ], [ 78.25411114680648, 30.920786579349436 ], [ 78.258024964523329, 30.920786579349436 ], [ 78.258024964523329, 30.916831405235449 ], [ 78.261938782240179, 30.916831405235449 ], [ 78.261938782240179, 30.912876231121459 ], [ 78.25411114680648, 30.912876231121459 ], [ 78.25411114680648, 30.916831405235449 ], [ 78.246283511372766, 30.916831405235449 ], [ 78.246283511372766, 30.920786579349436 ], [ 78.238455875939053, 30.920786579349436 ], [ 78.238455875939053, 30.924741753463426 ], [ 78.22280060507164, 30.924741753463426 ], [ 78.22280060507164, 30.936607275805393 ] ] ] } },
{ "type": "Feature", "properties": { "hazard": "MODERATE", "area_m2": 164208.89303037108, "area_ha": 16.420889303037107 }, "geometry": { "type": "Polygon", "coordinates": [ [ [ 78.269766417673893, 30.908921057007468 ], [ 78.273680235390756, 30.908921057007468 ], [ 78.273680235390756, 30.904965882893478 ], [ 78.269766417673893, 30.904965882893478 ], [ 78.269766417673893, 30.908921057007468 ] ] ] } },
{ "type": "Feature", "properties": { "hazard": "MODERATE", "area_m2": 164055.986699206, "area_ha": 16.4055986699206 }, "geometry": { "type": "Polygon", "coordinates": [ [ [ 81.279492241935046, 30.837727922955658 ], [ 81.283406059651895, 30.837727922955658 ], [ 81.283406059651895, 30.833772748841668 ], [ 81.279492241935046, 30.833772748841668 ], [ 81.279492241935046, 30.837727922955658 ] ] ] } },
{ "type": "Feature", "properties": { "hazard": "MODERATE", "area_m2": 329083.63954454951, "area_ha": 32.908363954454948 }, "geometry": { "type": "Polygon", "coordinates": [ [ [ 78.598527105889673, 30.675565784282089 ], [ 78.602440923606537, 30.675565784282089 ], [ 78.602440923606537, 30.667655436054112 ], [ 78.598527105889673, 30.667655436054112 ], [ 78.598527105889673, 30.675565784282089 ] ] ] } },
{ "type": "Feature", "properties": { "hazard": "MODERATE", "area_m2": 165189.68076491082, "area_ha": 16.518968076491081 }, "geometry": { "type": "Polygon", "coordinates": [ [ [ 78.426319126348076, 30.303779417567078 ], [ 78.430232944064926, 30.303779417567078 ], [ 78.430232944064926, 30.299824243453088 ], [ 78.426319126348076, 30.299824243453088 ], [ 78.426319126348076, 30.303779417567078 ] ] ] } },
{ "type": "Feature", "properties": { "hazard": "MODERATE", "area_m2": 166093.86219186441, "area_ha": 16.60938621918644 }, "geometry": { "type": "Polygon", "coordinates": [ [ [ 80.633712318654048, 29.599758425276953 ], [ 80.637626136370898, 29.599758425276953 ], [ 80.637626136370898, 29.595803251162963 ], [ 80.633712318654048, 29.595803251162963 ], [ 80.633712318654048, 29.599758425276953 ] ] ] } },
{ "type": "Feature", "properties": { "hazard": "MODERATE", "area_m2": 498444.60928429745, "area_ha": 49.844460928429747 }, "geometry": { "type": "Polygon", "coordinates": [ [ [ 80.618057047786621, 29.568117032365038 ], [ 80.625884683220335, 29.568117032365038 ], [ 80.625884683220335, 29.560206684137057 ], [ 80.621970865503485, 29.560206684137057 ], [ 80.621970865503485, 29.564161858251047 ], [ 80.618057047786621, 29.564161858251047 ], [ 80.618057047786621, 29.568117032365038 ] ] ] } },
{ "type": "Feature", "properties": { "hazard": "MODERATE", "area_m2": 332316.27976185211, "area_ha": 33.231627976185209 }, "geometry": { "type": "Polygon", "coordinates": [ [ [ 80.614143230069772, 29.560206684137057 ], [ 80.621970865503485, 29.560206684137057 ], [ 80.621970865503485, 29.55625151002307 ], [ 80.614143230069772, 29.55625151002307 ], [ 80.614143230069772, 29.560206684137057 ] ] ] } },
{ "type": "Feature", "properties": { "hazard": "SIGNIFICANT", "area_m2": 1141676.7854946149, "area_ha": 114.16767854946148 }, "geometry": { "type": "Polygon", "coordinates": [ [ [ 80.402797073359622, 31.41518334359812 ], [ 80.414538526510185, 31.41518334359812 ], [ 80.414538526510185, 31.403317821256152 ], [ 80.402797073359622, 31.403317821256152 ], [ 80.402797073359622, 31.407272995370143 ], [ 80.410624708793335, 31.407272995370143 ], [ 80.410624708793335, 31.411228169484133 ], [ 80.402797073359622, 31.411228169484133 ], [ 80.402797073359622, 31.41518334359812 ] ] ] } },
{ "type": "Feature", "properties": { "hazard": "SIGNIFICANT", "area_m2": 2121569.7628259412, "area_ha": 212.15697628259412 }, "geometry": { "type": "Polygon", "coordinates": [ [ [ 80.528039240298966, 31.35585573188828 ], [ 80.53195305801583, 31.35585573188828 ], [ 80.53195305801583, 31.35190055777429 ], [ 80.539780693449529, 31.35190055777429 ], [ 80.539780693449529, 31.340035035432322 ], [ 80.524125422582117, 31.340035035432322 ], [ 80.524125422582117, 31.343990209546309 ], [ 80.520211604865267, 31.343990209546309 ], [ 80.520211604865267, 31.347945383660299 ], [ 80.528039240298966, 31.347945383660299 ], [ 80.528039240298966, 31.35585573188828 ] ] ] } },
{ "type": "Feature", "properties": { "hazard": "SIGNIFICANT", "area_m2": 3264539.303210794, "area_ha": 326.45393032107938 }, "geometry": { "type": "Polygon", "coordinates": [ [ [ 80.551522146600107, 31.340035035432322 ], [ 80.567177417467519, 31.340035035432322 ], [ 80.567177417467519, 31.336079861318332 ], [ 80.571091235184369, 31.336079861318332 ], [ 80.571091235184369, 31.328169513090351 ], [ 80.575005052901233, 31.328169513090351 ], [ 80.575005052901233, 31.316303990748384 ], [ 80.571091235184369, 31.316303990748384 ], [ 80.571091235184369, 31.320259164862374 ], [ 80.56326359975067, 31.320259164862374 ], [ 80.56326359975067, 31.324214338976365 ], [ 80.559349782033806, 31.324214338976365 ], [ 80.559349782033806, 31.328169513090351 ], [ 80.555435964316956, 31.328169513090351 ], [ 80.555435964316956, 31.336079861318332 ], [ 80.551522146600107, 31.336079861318332 ], [ 80.551522146600107, 31.340035035432322 ] ] ] } },
{ "type": "Feature", "properties": { "hazard": "SIGNIFICANT", "area_m2": 163256.45234408899, "area_ha": 16.325645234408899 }, "geometry": { "type": "Polygon", "coordinates": [ [ [ 80.657195224955174, 31.312348816634394 ], [ 80.661109042672024, 31.312348816634394 ], [ 80.661109042672024, 31.308393642520404 ], [ 80.657195224955174, 31.308393642520404 ], [ 80.657195224955174, 31.312348816634394 ] ] ] } },
{ "type": "Feature", "properties": { "hazard": "SIGNIFICANT", "area_m2": 163262.88598936851, "area_ha": 16.326288598936852 }, "geometry": { "type": "Polygon", "coordinates": [ [ [ 80.668936678105737, 31.308393642520404 ], [ 80.672850495822587, 31.308393642520404 ], [ 80.672850495822587, 31.304438468406417 ], [ 80.668936678105737, 31.304438468406417 ], [ 80.668936678105737, 31.308393642520404 ] ] ] } },
{ "type": "Feature", "properties": { "hazard": "SIGNIFICANT", "area_m2": 163269.51236993627, "area_ha": 16.326951236993626 }, "geometry": { "type": "Polygon", "coordinates": [ [ [ 80.672850495822587, 31.304438468406417 ], [ 80.676764313539451, 31.304438468406417 ], [ 80.676764313539451, 31.300483294292427 ], [ 80.672850495822587, 31.300483294292427 ], [ 80.672850495822587, 31.304438468406417 ] ] ] } },
{ "type": "Feature", "properties": { "hazard": "SIGNIFICANT", "area_m2": 1632719.604382653, "area_ha": 163.2719604382653 }, "geometry": { "type": "Polygon", "coordinates": [ [ [ 80.649367589521461, 31.308393642520404 ], [ 80.653281407238325, 31.308393642520404 ], [ 80.653281407238325, 31.304438468406417 ], [ 80.661109042672024, 31.304438468406417 ], [ 80.661109042672024, 31.308393642520404 ], [ 80.665022860388888, 31.308393642520404 ], [ 80.665022860388888, 31.300483294292427 ], [ 80.661109042672024, 31.300483294292427 ], [ 80.661109042672024, 31.292572946064446 ], [ 80.657195224955174, 31.292572946064446 ], [ 80.657195224955174, 31.296528120178436 ], [ 80.649367589521461, 31.296528120178436 ], [ 80.649367589521461, 31.308393642520404 ] ] ] } },
{ "type": "Feature", "properties": { "hazard": "SIGNIFICANT", "area_m2": 163285.14718223957, "area_ha": 16.328514718223957 }, "geometry": { "type": "Polygon", "coordinates": [ [ [ 80.590660323768645, 31.296528120178436 ], [ 80.594574141485495, 31.296528120178436 ], [ 80.594574141485495, 31.292572946064446 ], [ 80.590660323768645, 31.292572946064446 ], [ 80.590660323768645, 31.296528120178436 ] ] ] } },
{ "type": "Feature", "properties": { "hazard": "SIGNIFICANT", "area_m2": 163291.52075870422, "area_ha": 16.329152075870422 }, "geometry": { "type": "Polygon", "coordinates": [ [ [ 80.602401776919208, 31.292572946064446 ], [ 80.606315594636058, 31.292572946064446 ], [ 80.606315594636058, 31.288617771950459 ], [ 80.602401776919208, 31.288617771950459 ], [ 80.602401776919208, 31.292572946064446 ] ] ] } },
{ "type": "Feature", "properties": { "hazard": "SIGNIFICANT", "area_m2": 326605.21129443916, "area_ha": 32.660521129443914 }, "geometry": { "type": "Polygon", "coordinates": [ [ [ 80.692419584406863, 31.284662597836469 ], [ 80.700247219840577, 31.284662597836469 ], [ 80.700247219840577, 31.280707423722479 ], [ 80.692419584406863, 31.280707423722479 ], [ 80.692419584406863, 31.284662597836469 ] ] ] } },
{ "type": "Feature", "properties": { "hazard": "SIGNIFICANT", "area_m2": 3919027.3965395261, "area_ha": 391.90273965395261 }, "geometry": { "type": "Polygon", "coordinates": [ [ [ 80.625884683220335, 31.292572946064446 ], [ 80.633712318654048, 31.292572946064446 ], [ 80.633712318654048, 31.288617771950459 ], [ 80.637626136370898, 31.288617771950459 ], [ 80.637626136370898, 31.284662597836469 ], [ 80.633712318654048, 31.284662597836469 ], [ 80.633712318654048, 31.280707423722479 ], [ 80.637626136370898, 31.280707423722479 ], [ 80.637626136370898, 31.276752249608489 ], [ 80.602401776919208, 31.276752249608489 ], [ 80.602401776919208, 31.280707423722479 ], [ 80.610229412352922, 31.280707423722479 ], [ 80.610229412352922, 31.288617771950459 ], [ 80.625884683220335, 31.288617771950459 ], [ 80.625884683220335, 31.292572946064446 ] ] ] } },
{ "type": "Feature", "properties": { "hazard": "SIGNIFICANT", "area_m2": 163335.55318724777, "area_ha": 16.333555318724777 }, "geometry": { "type": "Polygon", "coordinates": [ [ [ 80.723730126141703, 31.264886727266521 ], [ 80.727643943858553, 31.264886727266521 ], [ 80.727643943858553, 31.260931553152531 ], [ 80.723730126141703, 31.260931553152531 ], [ 80.723730126141703, 31.264886727266521 ] ] ] } },
{ "type": "Feature", "properties": { "hazard": "SIGNIFICANT", "area_m2": 163335.32288638805, "area_ha": 16.333532288638803 }, "geometry": { "type": "Polygon", "coordinates": [ [ [ 80.735471579292266, 31.264886727266521 ], [ 80.739385397009116, 31.264886727266521 ], [ 80.739385397009116, 31.260931553152531 ], [ 80.735471579292266, 31.260931553152531 ], [ 80.735471579292266, 31.264886727266521 ] ] ] } },
{ "type": "Feature", "properties": { "hazard": "SIGNIFICANT", "area_m2": 163342.42342853453, "area_ha": 16.334242342853454 }, "geometry": { "type": "Polygon", "coordinates": [ [ [ 80.71590249070799, 31.260931553152531 ], [ 80.719816308424839, 31.260931553152531 ], [ 80.719816308424839, 31.256976379038541 ], [ 80.71590249070799, 31.256976379038541 ], [ 80.71590249070799, 31.260931553152531 ] ] ] } },
{ "type": "Feature", "properties": { "hazard": "SIGNIFICANT", "area_m2": 1633555.0379844368, "area_ha": 163.35550379844369 }, "geometry": { "type": "Polygon", "coordinates": [ [ [ 80.727643943858553, 31.256976379038541 ], [ 80.739385397009116, 31.256976379038541 ], [ 80.739385397009116, 31.253021204924554 ], [ 80.74329921472598, 31.253021204924554 ], [ 80.74329921472598, 31.249066030810564 ], [ 80.739385397009116, 31.249066030810564 ], [ 80.739385397009116, 31.245110856696574 ], [ 80.727643943858553, 31.245110856696574 ], [ 80.727643943858553, 31.256976379038541 ] ] ] } },
{ "type": "Feature", "properties": { "hazard": "SIGNIFICANT", "area_m2": 163368.79582624137, "area_ha": 16.336879582624139 }, "geometry": { "type": "Polygon", "coordinates": [ [ [ 80.739385397009116, 31.245110856696574 ], [ 80.74329921472598, 31.245110856696574 ], [ 80.74329921472598, 31.241155682582583 ], [ 80.739385397009116, 31.241155682582583 ], [ 80.739385397009116, 31.245110856696574 ] ] ] } },
{ "type": "Feature", "properties": { "hazard": "SIGNIFICANT", "area_m2": 816945.69894507027, "area_ha": 81.694569894507026 }, "geometry": { "type": "Polygon", "coordinates": [ [ [ 80.727643943858553, 31.241155682582583 ], [ 80.731557761575417, 31.241155682582583 ], [ 80.731557761575417, 31.221379812012636 ], [ 80.727643943858553, 31.221379812012636 ], [ 80.727643943858553, 31.241155682582583 ] ] ] } },
{ "type": "Feature", "properties": { "hazard": "SIGNIFICANT", "area_m2": 163402.32379658282, "area_ha": 16.340232379658282 }, "geometry": { "type": "Polygon", "coordinates": [ [ [ 80.739385397009116, 31.225334986126626 ], [ 80.74329921472598, 31.225334986126626 ], [ 80.74329921472598, 31.221379812012636 ], [ 80.739385397009116, 31.221379812012636 ], [ 80.739385397009116, 31.225334986126626 ] ] ] } },
{ "type": "Feature", "properties": { "hazard": "SIGNIFICANT", "area_m2": 2778357.6275642854, "area_ha": 277.83576275642855 }, "geometry": { "type": "Polygon", "coordinates": [ [ [ 80.731557761575417, 31.221379812012636 ], [ 80.739385397009116, 31.221379812012636 ], [ 80.739385397009116, 31.217424637898649 ], [ 80.735471579292266, 31.217424637898649 ], [ 80.735471579292266, 31.213469463784659 ], [ 80.739385397009116, 31.213469463784659 ], [ 80.739385397009116, 31.205559115556678 ], [ 80.735471579292266, 31.205559115556678 ], [ 80.735471579292266, 31.189738419100721 ], [ 80.727643943858553, 31.189738419100721 ], [ 80.727643943858553, 31.213469463784659 ], [ 80.731557761575417, 31.213469463784659 ], [ 80.731557761575417, 31.221379812012636 ] ] ] } },
{ "type": "Feature", "properties": { "hazard": "SIGNIFICANT", "area_m2": 163470.20481143176, "area_ha": 16.347020481143176 }, "geometry": { "type": "Polygon", "coordinates": [ [ [ 80.696333402123713, 31.18578324498673 ], [ 80.700247219840577, 31.18578324498673 ], [ 80.700247219840577, 31.181828070872744 ], [ 80.696333402123713, 31.181828070872744 ], [ 80.696333402123713, 31.18578324498673 ] ] ] } },
{ "type": "Feature", "properties": { "hazard": "SIGNIFICANT", "area_m2": 3924094.6958268159, "area_ha": 392.4094695826816 }, "geometry": { "type": "Polygon", "coordinates": [ [ [ 80.688505766690014, 31.181828070872744 ], [ 80.692419584406863, 31.181828070872744 ], [ 80.692419584406863, 31.177872896758753 ], [ 80.700247219840577, 31.177872896758753 ], [ 80.700247219840577, 31.173917722644763 ], [ 80.696333402123713, 31.173917722644763 ], [ 80.696333402123713, 31.166007374416782 ], [ 80.700247219840577, 31.166007374416782 ], [ 80.700247219840577, 31.162052200302796 ], [ 80.704161037557427, 31.162052200302796 ], [ 80.704161037557427, 31.158097026188806 ], [ 80.708074855274276, 31.158097026188806 ], [ 80.708074855274276, 31.154141852074815 ], [ 80.71198867299114, 31.154141852074815 ], [ 80.71198867299114, 31.150186677960825 ], [ 80.692419584406863, 31.150186677960825 ], [ 80.692419584406863, 31.158097026188806 ], [ 80.688505766690014, 31.158097026188806 ], [ 80.688505766690014, 31.181828070872744 ] ] ] } },
{ "type": "Feature", "properties": { "hazard": "SIGNIFICANT", "area_m2": 163735.1145816372, "area_ha": 16.373511458163719 }, "geometry": { "type": "Polygon", "coordinates": [ [ [ 80.829403204496771, 31.027576280427152 ], [ 80.833317022213635, 31.027576280427152 ], [ 80.833317022213635, 31.023621106313165 ], [ 80.829403204496771, 31.023621106313165 ], [ 80.829403204496771, 31.027576280427152 ] ] ] } },
{ "type": "Feature", "properties": { "hazard": "SIGNIFICANT", "area_m2": 6385887.9980257312, "area_ha": 638.58879980257313 }, "geometry": { "type": "Polygon", "coordinates": [ [ [ 80.876369017099023, 31.027576280427152 ], [ 80.884196652532736, 31.027576280427152 ], [ 80.884196652532736, 31.023621106313165 ], [ 80.899851923400149, 31.023621106313165 ], [ 80.899851923400149, 31.027576280427152 ], [ 80.903765741117013, 31.027576280427152 ], [ 80.903765741117013, 31.023621106313165 ], [ 80.915507194267576, 31.023621106313165 ], [ 80.915507194267576, 31.019665932199175 ], [ 80.919421011984426, 31.019665932199175 ], [ 80.919421011984426, 31.023621106313165 ], [ 80.92333482970129, 31.023621106313165 ], [ 80.92333482970129, 31.019665932199175 ], [ 80.927248647418139, 31.019665932199175 ], [ 80.927248647418139, 31.011755583971194 ], [ 80.915507194267576, 31.011755583971194 ], [ 80.915507194267576, 31.015710758085184 ], [ 80.884196652532736, 31.015710758085184 ], [ 80.884196652532736, 31.011755583971194 ], [ 80.880282834815887, 31.011755583971194 ], [ 80.880282834815887, 31.015710758085184 ], [ 80.86462756394846, 31.015710758085184 ], [ 80.86462756394846, 31.019665932199175 ], [ 80.856799928514761, 31.019665932199175 ], [ 80.856799928514761, 31.023621106313165 ], [ 80.876369017099023, 31.023621106313165 ], [ 80.876369017099023, 31.027576280427152 ] ] ] } },
{ "type": "Feature", "properties": { "hazard": "SIGNIFICANT", "area_m2": 2784566.4010416693, "area_ha": 278.45664010416692 }, "geometry": { "type": "Polygon", "coordinates": [ [ [ 80.954645371436115, 30.995934887515237 ], [ 80.974214460020391, 30.995934887515237 ], [ 80.974214460020391, 30.991979713401246 ], [ 80.982042095454105, 30.991979713401246 ], [ 80.982042095454105, 30.98802453928726 ], [ 80.985955913170955, 30.98802453928726 ], [ 80.985955913170955, 30.984069365173269 ], [ 80.989869730887804, 30.984069365173269 ], [ 80.989869730887804, 30.980114191059279 ], [ 80.978128277737241, 30.980114191059279 ], [ 80.978128277737241, 30.984069365173269 ], [ 80.970300642303542, 30.984069365173269 ], [ 80.970300642303542, 30.98802453928726 ], [ 80.962473006869828, 30.98802453928726 ], [ 80.962473006869828, 30.991979713401246 ], [ 80.954645371436115, 30.991979713401246 ], [ 80.954645371436115, 30.995934887515237 ] ] ] } },
{ "type": "Feature", "properties": { "hazard": "SIGNIFICANT", "area_m2": 327674.5945851251, "area_ha": 32.767459458512512 }, "geometry": { "type": "Polygon", "coordinates": [ [ [ 81.025094090339508, 30.968248668717312 ], [ 81.029007908056357, 30.968248668717312 ], [ 81.029007908056357, 30.960338320489331 ], [ 81.025094090339508, 30.960338320489331 ], [ 81.025094090339508, 30.968248668717312 ] ] ] } },
{ "type": "Feature", "properties": { "hazard": "SIGNIFICANT", "area_m2": 4423167.4801318888, "area_ha": 442.31674801318889 }, "geometry": { "type": "Polygon", "coordinates": [ [ [ 81.095542809242886, 30.976159016945289 ], [ 81.103370444676585, 30.976159016945289 ], [ 81.103370444676585, 30.972203842831298 ], [ 81.107284262393449, 30.972203842831298 ], [ 81.107284262393449, 30.968248668717312 ], [ 81.111198080110299, 30.968248668717312 ], [ 81.111198080110299, 30.960338320489331 ], [ 81.07205990294176, 30.960338320489331 ], [ 81.07205990294176, 30.964293494603321 ], [ 81.079887538375459, 30.964293494603321 ], [ 81.079887538375459, 30.968248668717312 ], [ 81.07597372065861, 30.968248668717312 ], [ 81.07597372065861, 30.972203842831298 ], [ 81.095542809242886, 30.972203842831298 ], [ 81.095542809242886, 30.976159016945289 ] ], [ [ 81.103370444676585, 30.972203842831298 ], [ 81.099456626959736, 30.972203842831298 ], [ 81.099456626959736, 30.968248668717312 ], [ 81.103370444676585, 30.968248668717312 ], [ 81.103370444676585, 30.972203842831298 ] ] ] } },
{ "type": "Feature", "properties": { "hazard": "SIGNIFICANT", "area_m2": 163847.86000344629, "area_ha": 16.384786000344629 }, "geometry": { "type": "Polygon", "coordinates": [ [ [ 81.126853350977726, 30.960338320489331 ], [ 81.130767168694575, 30.960338320489331 ], [ 81.130767168694575, 30.956383146375341 ], [ 81.126853350977726, 30.956383146375341 ], [ 81.126853350977726, 30.960338320489331 ] ] ] } },
{ "type": "Feature", "properties": { "hazard": "SIGNIFICANT", "area_m2": 491552.94510269392, "area_ha": 49.155294510269393 }, "geometry": { "type": "Polygon", "coordinates": [ [ [ 81.056404632074333, 30.960338320489331 ], [ 81.060318449791197, 30.960338320489331 ], [ 81.060318449791197, 30.952427972261354 ], [ 81.052490814357483, 30.952427972261354 ], [ 81.052490814357483, 30.956383146375341 ], [ 81.056404632074333, 30.956383146375341 ], [ 81.056404632074333, 30.960338320489331 ] ] ] } },
{ "type": "Feature", "properties": { "hazard": "SIGNIFICANT", "area_m2": 164165.02640408778, "area_ha": 16.41650264040878 }, "geometry": { "type": "Polygon", "coordinates": [ [ [ 78.22280060507164, 30.940562449919383 ], [ 78.22671442278849, 30.940562449919383 ], [ 78.22671442278849, 30.936607275805393 ], [ 78.22280060507164, 30.936607275805393 ], [ 78.22280060507164, 30.940562449919383 ] ] ] } },
{ "type": "Feature", "properties": { "hazard": "SIGNIFICANT", "area_m2": 2130666.8784999661, "area_ha": 213.06668784999661 }, "geometry": { "type": "Polygon", "coordinates": [ [ [ 81.165991528146264, 30.936607275805393 ], [ 81.173819163579978, 30.936607275805393 ], [ 81.173819163579978, 30.932652101691406 ], [ 81.177732981296828, 30.932652101691406 ], [ 81.177732981296828, 30.928696927577416 ], [ 81.181646799013677, 30.928696927577416 ], [ 81.181646799013677, 30.924741753463426 ], [ 81.185560616730541, 30.924741753463426 ], [ 81.185560616730541, 30.920786579349436 ], [ 81.165991528146264, 30.920786579349436 ], [ 81.165991528146264, 30.928696927577416 ], [ 81.169905345863114, 30.928696927577416 ], [ 81.169905345863114, 30.932652101691406 ], [ 81.165991528146264, 30.932652101691406 ], [ 81.165991528146264, 30.936607275805393 ] ] ] } },
{ "type": "Feature", "properties": { "hazard": "SIGNIFICANT", "area_m2": 2459130.8339586398, "area_ha": 245.91308339586396 }, "geometry": { "type": "Polygon", "coordinates": [ [ [ 81.209043523031667, 30.908921057007468 ], [ 81.228612611615944, 30.908921057007468 ], [ 81.228612611615944, 30.897055534665501 ], [ 81.209043523031667, 30.897055534665501 ], [ 81.209043523031667, 30.908921057007468 ] ] ] } },
{ "type": "Feature", "properties": { "hazard": "SIGNIFICANT", "area_m2": 1311698.9877104382, "area_ha": 131.16989877104382 }, "geometry": { "type": "Polygon", "coordinates": [ [ [ 81.228612611615944, 30.897055534665501 ], [ 81.240354064766507, 30.897055534665501 ], [ 81.240354064766507, 30.893100360551511 ], [ 81.244267882483356, 30.893100360551511 ], [ 81.244267882483356, 30.88519001232353 ], [ 81.236440247049643, 30.88519001232353 ], [ 81.236440247049643, 30.889145186437521 ], [ 81.232526429332793, 30.889145186437521 ], [ 81.232526429332793, 30.893100360551511 ], [ 81.228612611615944, 30.893100360551511 ], [ 81.228612611615944, 30.897055534665501 ] ] ] } },
{ "type": "Feature", "properties": { "hazard": "SIGNIFICANT", "area_m2": 4761297.334788098, "area_ha": 476.12973347880978 }, "geometry": { "type": "Polygon", "coordinates": [ [ [ 81.416475862024953, 30.774445137131828 ], [ 81.420389679741817, 30.774445137131828 ], [ 81.420389679741817, 30.770489963017837 ], [ 81.455614039193506, 30.770489963017837 ], [ 81.455614039193506, 30.766534788903847 ], [ 81.459527856910356, 30.766534788903847 ], [ 81.459527856910356, 30.762579614789857 ], [ 81.443872586042943, 30.762579614789857 ], [ 81.443872586042943, 30.75862444067587 ], [ 81.416475862024953, 30.75862444067587 ], [ 81.416475862024953, 30.774445137131828 ] ] ] } },
{ "type": "Feature", "properties": { "hazard": "SIGNIFICANT", "area_m2": 164355.28320735152, "area_ha": 16.435528320735152 }, "geometry": { "type": "Polygon", "coordinates": [ [ [ 81.357768596272138, 30.659745087826131 ], [ 81.361682413988987, 30.659745087826131 ], [ 81.361682413988987, 30.655789913712141 ], [ 81.357768596272138, 30.655789913712141 ], [ 81.357768596272138, 30.659745087826131 ] ] ] } },
{ "type": "Feature", "properties": { "hazard": "SIGNIFICANT", "area_m2": 164361.98034800892, "area_ha": 16.436198034800892 }, "geometry": { "type": "Polygon", "coordinates": [ [ [ 81.361682413988987, 30.655789913712141 ], [ 81.365596231705851, 30.655789913712141 ], [ 81.365596231705851, 30.651834739598154 ], [ 81.361682413988987, 30.651834739598154 ], [ 81.361682413988987, 30.655789913712141 ] ] ] } },
{ "type": "Feature", "properties": { "hazard": "SIGNIFICANT", "area_m2": 493105.08233855036, "area_ha": 49.310508233855039 }, "geometry": { "type": "Polygon", "coordinates": [ [ [ 81.353854778555288, 30.655789913712141 ], [ 81.357768596272138, 30.655789913712141 ], [ 81.357768596272138, 30.643924391370174 ], [ 81.353854778555288, 30.643924391370174 ], [ 81.353854778555288, 30.655789913712141 ] ] ] } },
{ "type": "Feature", "properties": { "hazard": "SIGNIFICANT", "area_m2": 164375.16145509656, "area_ha": 16.437516145509655 }, "geometry": { "type": "Polygon", "coordinates": [ [ [ 81.361682413988987, 30.647879565484164 ], [ 81.365596231705851, 30.647879565484164 ], [ 81.365596231705851, 30.643924391370174 ], [ 81.361682413988987, 30.643924391370174 ], [ 81.361682413988987, 30.647879565484164 ] ] ] } },
{ "type": "Feature", "properties": { "hazard": "SIGNIFICANT", "area_m2": 164472.36668604304, "area_ha": 16.447236668604305 }, "geometry": { "type": "Polygon", "coordinates": [ [ [ 81.299061330519322, 30.588551953774321 ], [ 81.302975148236172, 30.588551953774321 ], [ 81.302975148236172, 30.58459677966033 ], [ 81.299061330519322, 30.58459677966033 ], [ 81.299061330519322, 30.588551953774321 ] ] ] } },
{ "type": "Feature", "properties": { "hazard": "SIGNIFICANT", "area_m2": 1151481.5282805106, "area_ha": 115.14815282805105 }, "geometry": { "type": "Polygon", "coordinates": [ [ [ 81.283406059651895, 30.580641605546344 ], [ 81.287319877368759, 30.580641605546344 ], [ 81.287319877368759, 30.568776083204373 ], [ 81.283406059651895, 30.568776083204373 ], [ 81.283406059651895, 30.560865734976396 ], [ 81.279492241935046, 30.560865734976396 ], [ 81.279492241935046, 30.576686431432353 ], [ 81.283406059651895, 30.576686431432353 ], [ 81.283406059651895, 30.580641605546344 ] ] ] } },
{ "type": "Feature", "properties": { "hazard": "SIGNIFICANT", "area_m2": 164686.77025894722, "area_ha": 16.468677025894721 }, "geometry": { "type": "Polygon", "coordinates": [ [ [ 81.173819163579978, 30.45803120801267 ], [ 81.177732981296828, 30.45803120801267 ], [ 81.177732981296828, 30.45407603389868 ], [ 81.173819163579978, 30.45407603389868 ], [ 81.173819163579978, 30.45803120801267 ] ] ] } },
{ "type": "Feature", "properties": { "hazard": "SIGNIFICANT", "area_m2": 1484515.8751122346, "area_ha": 148.45158751122347 }, "geometry": { "type": "Polygon", "coordinates": [ [ [ 80.946817736002416, 30.303779417567078 ], [ 80.966386824586678, 30.303779417567078 ], [ 80.966386824586678, 30.299824243453088 ], [ 80.962473006869828, 30.299824243453088 ], [ 80.962473006869828, 30.295869069339101 ], [ 80.946817736002416, 30.295869069339101 ], [ 80.946817736002416, 30.303779417567078 ] ] ] } },
{ "type": "Feature", "properties": { "hazard": "SIGNIFICANT", "area_m2": 164953.75300481208, "area_ha": 16.495375300481207 }, "geometry": { "type": "Polygon", "coordinates": [ [ [ 80.927248647418139, 30.295869069339101 ], [ 80.931162465134989, 30.295869069339101 ], [ 80.931162465134989, 30.291913895225111 ], [ 80.927248647418139, 30.291913895225111 ], [ 80.927248647418139, 30.295869069339101 ] ] ] } },
{ "type": "Feature", "properties": { "hazard": "SIGNIFICANT", "area_m2": 164953.60203799326, "area_ha": 16.495360203799326 }, "geometry": { "type": "Polygon", "coordinates": [ [ [ 80.966386824586678, 30.295869069339101 ], [ 80.970300642303542, 30.295869069339101 ], [ 80.970300642303542, 30.291913895225111 ], [ 80.966386824586678, 30.291913895225111 ], [ 80.966386824586678, 30.295869069339101 ] ] ] } },
{ "type": "Feature", "properties": { "hazard": "SIGNIFICANT", "area_m2": 164960.33971758877, "area_ha": 16.496033971758877 }, "geometry": { "type": "Polygon", "coordinates": [ [ [ 80.915507194267576, 30.291913895225111 ], [ 80.919421011984426, 30.291913895225111 ], [ 80.919421011984426, 30.287958721111121 ], [ 80.915507194267576, 30.287958721111121 ], [ 80.915507194267576, 30.291913895225111 ] ] ] } },
{ "type": "Feature", "properties": { "hazard": "SIGNIFICANT", "area_m2": 330363.10700831871, "area_ha": 33.036310700831869 }, "geometry": { "type": "Polygon", "coordinates": [ [ [ 80.907679558833863, 30.15743797534947 ], [ 80.915507194267576, 30.15743797534947 ], [ 80.915507194267576, 30.15348280123548 ], [ 80.907679558833863, 30.15348280123548 ], [ 80.907679558833863, 30.15743797534947 ] ] ] } },
{ "type": "Feature", "properties": { "hazard": "SIGNIFICANT", "area_m2": 991212.88388571888, "area_ha": 99.121288388571884 }, "geometry": { "type": "Polygon", "coordinates": [ [ [ 80.907679558833863, 30.14952762712149 ], [ 80.911593376550712, 30.14952762712149 ], [ 80.911593376550712, 30.141617278893509 ], [ 80.907679558833863, 30.141617278893509 ], [ 80.907679558833863, 30.137662104779523 ], [ 80.899851923400149, 30.137662104779523 ], [ 80.899851923400149, 30.1455724530075 ], [ 80.907679558833863, 30.1455724530075 ], [ 80.907679558833863, 30.14952762712149 ] ] ] } },
{ "type": "Feature", "properties": { "hazard": "SIGNIFICANT", "area_m2": 1488860.0437200186, "area_ha": 148.88600437200185 }, "geometry": { "type": "Polygon", "coordinates": [ [ [ 80.821575569063071, 30.011096533131859 ], [ 80.833317022213635, 30.011096533131859 ], [ 80.833317022213635, 30.003186184903878 ], [ 80.829403204496771, 30.003186184903878 ], [ 80.829403204496771, 29.999231010789892 ], [ 80.825489386779921, 29.999231010789892 ], [ 80.825489386779921, 30.003186184903878 ], [ 80.821575569063071, 30.003186184903878 ], [ 80.821575569063071, 29.999231010789892 ], [ 80.817661751346208, 29.999231010789892 ], [ 80.817661751346208, 30.007141359017869 ], [ 80.821575569063071, 30.007141359017869 ], [ 80.821575569063071, 30.011096533131859 ] ] ] } },
{ "type": "Feature", "properties": { "hazard": "SIGNIFICANT", "area_m2": 165441.48117989791, "area_ha": 16.544148117989792 }, "geometry": { "type": "Polygon", "coordinates": [ [ [ 80.821575569063071, 29.999231010789892 ], [ 80.825489386779921, 29.999231010789892 ], [ 80.825489386779921, 29.995275836675901 ], [ 80.821575569063071, 29.995275836675901 ], [ 80.821575569063071, 29.999231010789892 ] ] ] } },
{ "type": "Feature", "properties": { "hazard": "SIGNIFICANT", "area_m2": 165447.99424319185, "area_ha": 16.544799424319184 }, "geometry": { "type": "Polygon", "coordinates": [ [ [ 80.817661751346208, 29.995275836675901 ], [ 80.821575569063071, 29.995275836675901 ], [ 80.821575569063071, 29.991320662561911 ], [ 80.817661751346208, 29.991320662561911 ], [ 80.817661751346208, 29.995275836675901 ] ] ] } },
{ "type": "Feature", "properties": { "hazard": "SIGNIFICANT", "area_m2": 165480.68673049906, "area_ha": 16.548068673049904 }, "geometry": { "type": "Polygon", "coordinates": [ [ [ 80.790265027328232, 29.975499966105954 ], [ 80.794178845045082, 29.975499966105954 ], [ 80.794178845045082, 29.971544791991963 ], [ 80.790265027328232, 29.971544791991963 ], [ 80.790265027328232, 29.975499966105954 ] ] ] } },
{ "type": "Feature", "properties": { "hazard": "SIGNIFICANT", "area_m2": 330974.47263686627, "area_ha": 33.097447263686625 }, "geometry": { "type": "Polygon", "coordinates": [ [ [ 80.782437391894518, 29.971544791991963 ], [ 80.790265027328232, 29.971544791991963 ], [ 80.790265027328232, 29.967589617877973 ], [ 80.782437391894518, 29.967589617877973 ], [ 80.782437391894518, 29.971544791991963 ] ] ] } },
{ "type": "Feature", "properties": { "hazard": "SIGNIFICANT", "area_m2": 165500.0503325529, "area_ha": 16.550005033255289 }, "geometry": { "type": "Polygon", "coordinates": [ [ [ 80.790265027328232, 29.963634443763986 ], [ 80.794178845045082, 29.963634443763986 ], [ 80.794178845045082, 29.959679269649996 ], [ 80.790265027328232, 29.959679269649996 ], [ 80.790265027328232, 29.963634443763986 ] ] ] } },
{ "type": "Feature", "properties": { "hazard": "SIGNIFICANT", "area_m2": 165506.4420115492, "area_ha": 16.55064420115492 }, "geometry": { "type": "Polygon", "coordinates": [ [ [ 80.794178845045082, 29.959679269649996 ], [ 80.798092662761931, 29.959679269649996 ], [ 80.798092662761931, 29.955724095536006 ], [ 80.794178845045082, 29.955724095536006 ], [ 80.794178845045082, 29.959679269649996 ] ] ] } },
{ "type": "Feature", "properties": { "hazard": "SIGNIFICANT", "area_m2": 165526.38980562141, "area_ha": 16.55263898056214 }, "geometry": { "type": "Polygon", "coordinates": [ [ [ 80.758954485593392, 29.947813747308025 ], [ 80.762868303310242, 29.947813747308025 ], [ 80.762868303310242, 29.943858573194039 ], [ 80.758954485593392, 29.943858573194039 ], [ 80.758954485593392, 29.947813747308025 ] ] ] } },
{ "type": "Feature", "properties": { "hazard": "SIGNIFICANT", "area_m2": 1655147.985750156, "area_ha": 165.51479857501559 }, "geometry": { "type": "Polygon", "coordinates": [ [ [ 80.778523574177669, 29.959679269649996 ], [ 80.786351209611368, 29.959679269649996 ], [ 80.786351209611368, 29.951768921422016 ], [ 80.782437391894518, 29.951768921422016 ], [ 80.782437391894518, 29.947813747308025 ], [ 80.790265027328232, 29.947813747308025 ], [ 80.790265027328232, 29.943858573194039 ], [ 80.770695938743955, 29.943858573194039 ], [ 80.770695938743955, 29.947813747308025 ], [ 80.778523574177669, 29.947813747308025 ], [ 80.778523574177669, 29.959679269649996 ] ] ] } },
{ "type": "Feature", "properties": { "hazard": "SIGNIFICANT", "area_m2": 662478.50871021976, "area_ha": 66.247850871021981 }, "geometry": { "type": "Polygon", "coordinates": [ [ [ 80.766782121027106, 29.892441309712176 ], [ 80.774609756460805, 29.892441309712176 ], [ 80.774609756460805, 29.888486135598185 ], [ 80.778523574177669, 29.888486135598185 ], [ 80.778523574177669, 29.884530961484195 ], [ 80.770695938743955, 29.884530961484195 ], [ 80.770695938743955, 29.888486135598185 ], [ 80.766782121027106, 29.888486135598185 ], [ 80.766782121027106, 29.892441309712176 ] ] ] } },
{ "type": "Feature", "properties": { "hazard": "SIGNIFICANT", "area_m2": 993703.21176261629, "area_ha": 99.370321176261626 }, "geometry": { "type": "Polygon", "coordinates": [ [ [ 80.755040667876543, 29.896396483826162 ], [ 80.758954485593392, 29.896396483826162 ], [ 80.758954485593392, 29.892441309712176 ], [ 80.762868303310242, 29.892441309712176 ], [ 80.762868303310242, 29.884530961484195 ], [ 80.751126850159679, 29.884530961484195 ], [ 80.751126850159679, 29.888486135598185 ], [ 80.755040667876543, 29.888486135598185 ], [ 80.755040667876543, 29.896396483826162 ] ] ] } },
{ "type": "Feature", "properties": { "hazard": "SIGNIFICANT", "area_m2": 165706.21643311504, "area_ha": 16.570621643311505 }, "geometry": { "type": "Polygon", "coordinates": [ [ [ 80.786351209611368, 29.837068872116323 ], [ 80.790265027328232, 29.837068872116323 ], [ 80.790265027328232, 29.833113698002332 ], [ 80.786351209611368, 29.833113698002332 ], [ 80.786351209611368, 29.837068872116323 ] ] ] } },
{ "type": "Feature", "properties": { "hazard": "SIGNIFICANT", "area_m2": 165834.55803368805, "area_ha": 16.583455803368807 }, "geometry": { "type": "Polygon", "coordinates": [ [ [ 80.790265027328232, 29.757965389836532 ], [ 80.794178845045082, 29.757965389836532 ], [ 80.794178845045082, 29.754010215722541 ], [ 80.790265027328232, 29.754010215722541 ], [ 80.790265027328232, 29.757965389836532 ] ] ] } },
{ "type": "Feature", "properties": { "hazard": "SIGNIFICANT", "area_m2": 165931.72126601936, "area_ha": 16.593172126601935 }, "geometry": { "type": "Polygon", "coordinates": [ [ [ 80.731557761575417, 29.698637778126688 ], [ 80.735471579292266, 29.698637778126688 ], [ 80.735471579292266, 29.694682604012701 ], [ 80.731557761575417, 29.694682604012701 ], [ 80.731557761575417, 29.698637778126688 ] ] ] } },
{ "type": "Feature", "properties": { "hazard": "SIGNIFICANT", "area_m2": 166055.77706217353, "area_ha": 16.605577706217353 }, "geometry": { "type": "Polygon", "coordinates": [ [ [ 79.655257889440406, 29.663041211100783 ], [ 79.659171707157256, 29.663041211100783 ], [ 79.659171707157256, 29.659086036986796 ], [ 79.655257889440406, 29.659086036986796 ], [ 79.655257889440406, 29.663041211100783 ] ] ] } },
{ "type": "Feature", "properties": { "hazard": "SIGNIFICANT", "area_m2": 332081.7516839914, "area_ha": 33.208175168399137 }, "geometry": { "type": "Polygon", "coordinates": [ [ [ 80.708074855274276, 29.631399818188868 ], [ 80.71590249070799, 29.631399818188868 ], [ 80.71590249070799, 29.627444644074881 ], [ 80.708074855274276, 29.627444644074881 ], [ 80.708074855274276, 29.631399818188868 ] ] ] } },
{ "type": "Feature", "properties": { "hazard": "SIGNIFICANT", "area_m2": 664191.21711305191, "area_ha": 66.419121711305195 }, "geometry": { "type": "Polygon", "coordinates": [ [ [ 80.6806781312563, 29.627444644074881 ], [ 80.696333402123713, 29.627444644074881 ], [ 80.696333402123713, 29.623489469960891 ], [ 80.6806781312563, 29.623489469960891 ], [ 80.6806781312563, 29.627444644074881 ] ] ] } },
{ "type": "Feature", "properties": { "hazard": "SIGNIFICANT", "area_m2": 332108.95180483849, "area_ha": 33.210895180483853 }, "geometry": { "type": "Polygon", "coordinates": [ [ [ 80.672850495822587, 29.623489469960891 ], [ 80.6806781312563, 29.623489469960891 ], [ 80.6806781312563, 29.619534295846901 ], [ 80.672850495822587, 29.619534295846901 ], [ 80.672850495822587, 29.623489469960891 ] ] ] } },
{ "type": "Feature", "properties": { "hazard": "SIGNIFICANT", "area_m2": 2324689.2181909895, "area_ha": 232.46892181909894 }, "geometry": { "type": "Polygon", "coordinates": [ [ [ 80.727643943858553, 29.631399818188868 ], [ 80.74329921472598, 29.631399818188868 ], [ 80.74329921472598, 29.623489469960891 ], [ 80.747213032442829, 29.623489469960891 ], [ 80.747213032442829, 29.619534295846901 ], [ 80.74329921472598, 29.619534295846901 ], [ 80.74329921472598, 29.61557912173291 ], [ 80.739385397009116, 29.61557912173291 ], [ 80.739385397009116, 29.619534295846901 ], [ 80.735471579292266, 29.619534295846901 ], [ 80.735471579292266, 29.623489469960891 ], [ 80.727643943858553, 29.623489469960891 ], [ 80.727643943858553, 29.619534295846901 ], [ 80.723730126141703, 29.619534295846901 ], [ 80.723730126141703, 29.627444644074881 ], [ 80.727643943858553, 29.627444644074881 ], [ 80.727643943858553, 29.631399818188868 ] ] ] } },
{ "type": "Feature", "properties": { "hazard": "SIGNIFICANT", "area_m2": 166065.87989657102, "area_ha": 16.6065879896571 }, "geometry": { "type": "Polygon", "coordinates": [ [ [ 80.735471579292266, 29.61557912173291 ], [ 80.739385397009116, 29.61557912173291 ], [ 80.739385397009116, 29.611623947618924 ], [ 80.735471579292266, 29.611623947618924 ], [ 80.735471579292266, 29.61557912173291 ] ] ] } },
{ "type": "Feature", "properties": { "hazard": "SIGNIFICANT", "area_m2": 498251.5565958193, "area_ha": 49.825155659581931 }, "geometry": { "type": "Polygon", "coordinates": [ [ [ 80.661109042672024, 29.607668773504933 ], [ 80.665022860388888, 29.607668773504933 ], [ 80.665022860388888, 29.599758425276953 ], [ 80.657195224955174, 29.599758425276953 ], [ 80.657195224955174, 29.603713599390943 ], [ 80.661109042672024, 29.603713599390943 ], [ 80.661109042672024, 29.607668773504933 ] ] ] } },
{ "type": "Feature", "properties": { "hazard": "SIGNIFICANT", "area_m2": 166093.43302839159, "area_ha": 16.609343302839161 }, "geometry": { "type": "Polygon", "coordinates": [ [ [ 80.649367589521461, 29.599758425276953 ], [ 80.653281407238325, 29.599758425276953 ], [ 80.653281407238325, 29.595803251162963 ], [ 80.649367589521461, 29.595803251162963 ], [ 80.649367589521461, 29.599758425276953 ] ] ] } },
{ "type": "Feature", "properties": { "hazard": "EXTREME", "area_m2": 163160.18630826165, "area_ha": 16.316018630826164 }, "geometry": { "type": "Polygon", "coordinates": [ [ [ 80.50455633399784, 31.371676428344237 ], [ 80.508470151714704, 31.371676428344237 ], [ 80.508470151714704, 31.367721254230247 ], [ 80.50455633399784, 31.367721254230247 ], [ 80.50455633399784, 31.371676428344237 ] ] ] } },
{ "type": "Feature", "properties": { "hazard": "EXTREME", "area_m2": 2120963.1087182402, "area_ha": 212.09631087182402 }, "geometry": { "type": "Polygon", "coordinates": [ [ [ 80.477159609979864, 31.383541950686205 ], [ 80.488901063130427, 31.383541950686205 ], [ 80.488901063130427, 31.379586776572214 ], [ 80.492814880847277, 31.379586776572214 ], [ 80.492814880847277, 31.375631602458228 ], [ 80.50455633399784, 31.375631602458228 ], [ 80.50455633399784, 31.371676428344237 ], [ 80.496728698564141, 31.371676428344237 ], [ 80.496728698564141, 31.363766080116257 ], [ 80.492814880847277, 31.363766080116257 ], [ 80.492814880847277, 31.371676428344237 ], [ 80.488901063130427, 31.371676428344237 ], [ 80.488901063130427, 31.375631602458228 ], [ 80.477159609979864, 31.375631602458228 ], [ 80.477159609979864, 31.383541950686205 ] ] ] } },
{ "type": "Feature", "properties": { "hazard": "EXTREME", "area_m2": 326329.12905036064, "area_ha": 32.632912905036065 }, "geometry": { "type": "Polygon", "coordinates": [ [ [ 80.477159609979864, 31.371676428344237 ], [ 80.481073427696714, 31.371676428344237 ], [ 80.481073427696714, 31.363766080116257 ], [ 80.477159609979864, 31.363766080116257 ], [ 80.477159609979864, 31.371676428344237 ] ] ] } },
{ "type": "Feature", "properties": { "hazard": "EXTREME", "area_m2": 163167.06044087705, "area_ha": 16.316706044087706 }, "geometry": { "type": "Polygon", "coordinates": [ [ [ 80.50064251628099, 31.367721254230247 ], [ 80.50455633399784, 31.367721254230247 ], [ 80.50455633399784, 31.363766080116257 ], [ 80.50064251628099, 31.363766080116257 ], [ 80.50064251628099, 31.367721254230247 ] ] ] } },
{ "type": "Feature", "properties": { "hazard": "EXTREME", "area_m2": 326856.99067439709, "area_ha": 32.685699067439707 }, "geometry": { "type": "Polygon", "coordinates": [ [ [ 78.715941637395318, 31.320259164862374 ], [ 78.723769272829017, 31.320259164862374 ], [ 78.723769272829017, 31.316303990748384 ], [ 78.715941637395318, 31.316303990748384 ], [ 78.715941637395318, 31.320259164862374 ] ] ] } },
{ "type": "Feature", "properties": { "hazard": "EXTREME", "area_m2": 4243872.7113393489, "area_ha": 424.38727113393492 }, "geometry": { "type": "Polygon", "coordinates": [ [ [ 80.539780693449529, 31.347945383660299 ], [ 80.555435964316956, 31.347945383660299 ], [ 80.555435964316956, 31.340035035432322 ], [ 80.56326359975067, 31.340035035432322 ], [ 80.56326359975067, 31.336079861318332 ], [ 80.571091235184369, 31.336079861318332 ], [ 80.571091235184369, 31.328169513090351 ], [ 80.575005052901233, 31.328169513090351 ], [ 80.575005052901233, 31.324214338976365 ], [ 80.578918870618082, 31.324214338976365 ], [ 80.578918870618082, 31.316303990748384 ], [ 80.582832688334932, 31.316303990748384 ], [ 80.582832688334932, 31.308393642520404 ], [ 80.575005052901233, 31.308393642520404 ], [ 80.575005052901233, 31.316303990748384 ], [ 80.571091235184369, 31.316303990748384 ], [ 80.571091235184369, 31.320259164862374 ], [ 80.567177417467519, 31.320259164862374 ], [ 80.567177417467519, 31.328169513090351 ], [ 80.56326359975067, 31.328169513090351 ], [ 80.56326359975067, 31.332124687204342 ], [ 80.559349782033806, 31.332124687204342 ], [ 80.559349782033806, 31.336079861318332 ], [ 80.551522146600107, 31.336079861318332 ], [ 80.551522146600107, 31.343990209546309 ], [ 80.547608328883243, 31.343990209546309 ], [ 80.547608328883243, 31.340035035432322 ], [ 80.539780693449529, 31.340035035432322 ], [ 80.539780693449529, 31.347945383660299 ] ] ] } },
{ "type": "Feature", "properties": { "hazard": "EXTREME", "area_m2": 326512.4253893079, "area_ha": 32.651242538930788 }, "geometry": { "type": "Polygon", "coordinates": [ [ [ 80.665022860388888, 31.312348816634394 ], [ 80.672850495822587, 31.312348816634394 ], [ 80.672850495822587, 31.308393642520404 ], [ 80.665022860388888, 31.308393642520404 ], [ 80.665022860388888, 31.312348816634394 ] ] ] } },
{ "type": "Feature", "properties": { "hazard": "EXTREME", "area_m2": 1144097.0195047418, "area_ha": 114.40970195047417 }, "geometry": { "type": "Polygon", "coordinates": [ [ [ 78.708114001961604, 31.316303990748384 ], [ 78.712027819678454, 31.316303990748384 ], [ 78.712027819678454, 31.308393642520404 ], [ 78.719855455112167, 31.308393642520404 ], [ 78.719855455112167, 31.312348816634394 ], [ 78.723769272829017, 31.312348816634394 ], [ 78.723769272829017, 31.304438468406417 ], [ 78.708114001961604, 31.304438468406417 ], [ 78.708114001961604, 31.316303990748384 ] ] ] } },
{ "type": "Feature", "properties": { "hazard": "EXTREME", "area_m2": 163302.56221727934, "area_ha": 16.330256221727932 }, "geometry": { "type": "Polygon", "coordinates": [ [ [ 80.696333402123713, 31.284662597836469 ], [ 80.700247219840577, 31.284662597836469 ], [ 80.700247219840577, 31.280707423722479 ], [ 80.696333402123713, 31.280707423722479 ], [ 80.696333402123713, 31.284662597836469 ] ] ] } },
{ "type": "Feature", "properties": { "hazard": "EXTREME", "area_m2": 163668.87788963533, "area_ha": 16.366887788963535 }, "geometry": { "type": "Polygon", "coordinates": [ [ [ 78.391094766896387, 31.213469463784659 ], [ 78.395008584613237, 31.213469463784659 ], [ 78.395008584613237, 31.209514289670668 ], [ 78.391094766896387, 31.209514289670668 ], [ 78.391094766896387, 31.213469463784659 ] ] ] } },
{ "type": "Feature", "properties": { "hazard": "EXTREME", "area_m2": 1473132.6507906164, "area_ha": 147.31326507906164 }, "geometry": { "type": "Polygon", "coordinates": [ [ [ 78.371525678312111, 31.213469463784659 ], [ 78.379353313745824, 31.213469463784659 ], [ 78.379353313745824, 31.209514289670668 ], [ 78.383267131462674, 31.209514289670668 ], [ 78.383267131462674, 31.205559115556678 ], [ 78.375439496028974, 31.205559115556678 ], [ 78.375439496028974, 31.201603941442688 ], [ 78.383267131462674, 31.201603941442688 ], [ 78.383267131462674, 31.197648767328701 ], [ 78.371525678312111, 31.197648767328701 ], [ 78.371525678312111, 31.213469463784659 ] ] ] } },
{ "type": "Feature", "properties": { "hazard": "EXTREME", "area_m2": 1798693.6046259517, "area_ha": 179.86936046259518 }, "geometry": { "type": "Polygon", "coordinates": [ [ [ 80.692419584406863, 31.162052200302796 ], [ 80.704161037557427, 31.162052200302796 ], [ 80.704161037557427, 31.158097026188806 ], [ 80.708074855274276, 31.158097026188806 ], [ 80.708074855274276, 31.154141852074815 ], [ 80.71198867299114, 31.154141852074815 ], [ 80.71198867299114, 31.150186677960825 ], [ 80.700247219840577, 31.150186677960825 ], [ 80.700247219840577, 31.154141852074815 ], [ 80.696333402123713, 31.154141852074815 ], [ 80.696333402123713, 31.150186677960825 ], [ 80.692419584406863, 31.150186677960825 ], [ 80.692419584406863, 31.162052200302796 ] ] ] } },
{ "type": "Feature", "properties": { "hazard": "EXTREME", "area_m2": 818786.34695770452, "area_ha": 81.878634695770458 }, "geometry": { "type": "Polygon", "coordinates": [ [ [ 80.919421011984426, 31.015710758085184 ], [ 80.927248647418139, 31.015710758085184 ], [ 80.927248647418139, 31.011755583971194 ], [ 80.935076282851853, 31.011755583971194 ], [ 80.935076282851853, 31.007800409857204 ], [ 80.92333482970129, 31.007800409857204 ], [ 80.92333482970129, 31.011755583971194 ], [ 80.919421011984426, 31.011755583971194 ], [ 80.919421011984426, 31.015710758085184 ] ] ] } },
{ "type": "Feature", "properties": { "hazard": "EXTREME", "area_m2": 491351.47659933846, "area_ha": 49.13514765993385 }, "geometry": { "type": "Polygon", "coordinates": [ [ [ 80.946817736002416, 30.999890061629227 ], [ 80.954645371436115, 30.999890061629227 ], [ 80.954645371436115, 30.991979713401246 ], [ 80.950731553719265, 30.991979713401246 ], [ 80.950731553719265, 30.995934887515237 ], [ 80.946817736002416, 30.995934887515237 ], [ 80.946817736002416, 30.999890061629227 ] ] ] } },
{ "type": "Feature", "properties": { "hazard": "EXTREME", "area_m2": 655341.67186079803, "area_ha": 65.534167186079799 }, "geometry": { "type": "Polygon", "coordinates": [ [ [ 81.103370444676585, 30.972203842831298 ], [ 81.107284262393449, 30.972203842831298 ], [ 81.107284262393449, 30.964293494603321 ], [ 81.111198080110299, 30.964293494603321 ], [ 81.111198080110299, 30.960338320489331 ], [ 81.103370444676585, 30.960338320489331 ], [ 81.103370444676585, 30.972203842831298 ] ] ] } },
{ "type": "Feature", "properties": { "hazard": "EXTREME", "area_m2": 1476938.7167680888, "area_ha": 147.69387167680887 }, "geometry": { "type": "Polygon", "coordinates": [ [ [ 78.273680235390756, 30.976159016945289 ], [ 78.285421688541319, 30.976159016945289 ], [ 78.285421688541319, 30.964293494603321 ], [ 78.281507870824456, 30.964293494603321 ], [ 78.281507870824456, 30.960338320489331 ], [ 78.273680235390756, 30.960338320489331 ], [ 78.273680235390756, 30.968248668717312 ], [ 78.281507870824456, 30.968248668717312 ], [ 78.281507870824456, 30.972203842831298 ], [ 78.273680235390756, 30.972203842831298 ], [ 78.273680235390756, 30.976159016945289 ] ] ] } },
{ "type": "Feature", "properties": { "hazard": "EXTREME", "area_m2": 327682.23853715044, "area_ha": 32.768223853715043 }, "geometry": { "type": "Polygon", "coordinates": [ [ [ 81.115111897827163, 30.964293494603321 ], [ 81.122939533260862, 30.964293494603321 ], [ 81.122939533260862, 30.960338320489331 ], [ 81.115111897827163, 30.960338320489331 ], [ 81.115111897827163, 30.964293494603321 ] ] ] } },
{ "type": "Feature", "properties": { "hazard": "EXTREME", "area_m2": 164059.0775556154, "area_ha": 16.40590775556154 }, "geometry": { "type": "Polygon", "coordinates": [ [ [ 78.602440923606537, 30.960338320489331 ], [ 78.606354741323386, 30.960338320489331 ], [ 78.606354741323386, 30.956383146375341 ], [ 78.602440923606537, 30.956383146375341 ], [ 78.602440923606537, 30.960338320489331 ] ] ] } },
{ "type": "Feature", "properties": { "hazard": "EXTREME", "area_m2": 164057.00473827479, "area_ha": 16.40570047382748 }, "geometry": { "type": "Polygon", "coordinates": [ [ [ 78.6141823767571, 30.960338320489331 ], [ 78.618096194473949, 30.960338320489331 ], [ 78.618096194473949, 30.956383146375341 ], [ 78.6141823767571, 30.956383146375341 ], [ 78.6141823767571, 30.960338320489331 ] ] ] } },
{ "type": "Feature", "properties": { "hazard": "EXTREME", "area_m2": 163847.37363533236, "area_ha": 16.384737363533237 }, "geometry": { "type": "Polygon", "coordinates": [ [ [ 81.056404632074333, 30.960338320489331 ], [ 81.060318449791197, 30.960338320489331 ], [ 81.060318449791197, 30.956383146375341 ], [ 81.056404632074333, 30.956383146375341 ], [ 81.056404632074333, 30.960338320489331 ] ] ] } },
{ "type": "Feature", "properties": { "hazard": "EXTREME", "area_m2": 1147012.8998097405, "area_ha": 114.70128998097405 }, "geometry": { "type": "Polygon", "coordinates": [ [ [ 81.048576996640634, 30.956383146375341 ], [ 81.056404632074333, 30.956383146375341 ], [ 81.056404632074333, 30.948472798147364 ], [ 81.04466317892377, 30.948472798147364 ], [ 81.04466317892377, 30.944517624033374 ], [ 81.04074936120692, 30.944517624033374 ], [ 81.04074936120692, 30.952427972261354 ], [ 81.048576996640634, 30.952427972261354 ], [ 81.048576996640634, 30.956383146375341 ] ] ] } },
{ "type": "Feature", "properties": { "hazard": "EXTREME", "area_m2": 164086.47391339415, "area_ha": 16.408647391339414 }, "geometry": { "type": "Polygon", "coordinates": [ [ [ 78.598527105889673, 30.944517624033374 ], [ 78.602440923606537, 30.944517624033374 ], [ 78.602440923606537, 30.940562449919383 ], [ 78.598527105889673, 30.940562449919383 ], [ 78.598527105889673, 30.944517624033374 ] ] ] } },
{ "type": "Feature", "properties": { "hazard": "EXTREME", "area_m2": 163965.01129258011, "area_ha": 16.396501129258009 }, "geometry": { "type": "Polygon", "coordinates": [ [ [ 79.819638233548304, 30.920786579349436 ], [ 79.823552051265153, 30.920786579349436 ], [ 79.823552051265153, 30.916831405235449 ], [ 79.819638233548304, 30.916831405235449 ], [ 79.819638233548304, 30.920786579349436 ] ] ] } },
{ "type": "Feature", "properties": { "hazard": "EXTREME", "area_m2": 163972.3443299192, "area_ha": 16.397234432991919 }, "geometry": { "type": "Polygon", "coordinates": [ [ [ 79.81181059811459, 30.916831405235449 ], [ 79.81572441583144, 30.916831405235449 ], [ 79.81572441583144, 30.912876231121459 ], [ 79.81181059811459, 30.912876231121459 ], [ 79.81181059811459, 30.916831405235449 ] ] ] } },
{ "type": "Feature", "properties": { "hazard": "EXTREME", "area_m2": 163971.32019324007, "area_ha": 16.397132019324008 }, "geometry": { "type": "Polygon", "coordinates": [ [ [ 79.823552051265153, 30.916831405235449 ], [ 79.827465868982003, 30.916831405235449 ], [ 79.827465868982003, 30.912876231121459 ], [ 79.823552051265153, 30.912876231121459 ], [ 79.823552051265153, 30.916831405235449 ] ] ] } },
{ "type": "Feature", "properties": { "hazard": "EXTREME", "area_m2": 327998.21075662045, "area_ha": 32.799821075662045 }, "geometry": { "type": "Polygon", "coordinates": [ [ [ 79.807896780397741, 30.901010708779488 ], [ 79.81572441583144, 30.901010708779488 ], [ 79.81572441583144, 30.897055534665501 ], [ 79.807896780397741, 30.897055534665501 ], [ 79.807896780397741, 30.901010708779488 ] ] ] } },
{ "type": "Feature", "properties": { "hazard": "EXTREME", "area_m2": 163998.24920129866, "area_ha": 16.399824920129866 }, "geometry": { "type": "Polygon", "coordinates": [ [ [ 79.819638233548304, 30.901010708779488 ], [ 79.823552051265153, 30.901010708779488 ], [ 79.823552051265153, 30.897055534665501 ], [ 79.819638233548304, 30.897055534665501 ], [ 79.819638233548304, 30.901010708779488 ] ] ] } },
{ "type": "Feature", "properties": { "hazard": "EXTREME", "area_m2": 491866.79008758487, "area_ha": 49.186679008758489 }, "geometry": { "type": "Polygon", "coordinates": [ [ [ 81.228612611615944, 30.897055534665501 ], [ 81.240354064766507, 30.897055534665501 ], [ 81.240354064766507, 30.893100360551511 ], [ 81.228612611615944, 30.893100360551511 ], [ 81.228612611615944, 30.897055534665501 ] ] ] } },
{ "type": "Feature", "properties": { "hazard": "EXTREME", "area_m2": 328384.53053202748, "area_ha": 32.838453053202748 }, "geometry": { "type": "Polygon", "coordinates": [ [ [ 78.903804887804327, 30.853548619411615 ], [ 78.907718705521191, 30.853548619411615 ], [ 78.907718705521191, 30.845638271183638 ], [ 78.903804887804327, 30.845638271183638 ], [ 78.903804887804327, 30.853548619411615 ] ] ] } },
{ "type": "Feature", "properties": { "hazard": "EXTREME", "area_m2": 328406.30334882846, "area_ha": 32.840630334882846 }, "geometry": { "type": "Polygon", "coordinates": [ [ [ 78.895977252370628, 30.845638271183638 ], [ 78.903804887804327, 30.845638271183638 ], [ 78.903804887804327, 30.841683097069648 ], [ 78.895977252370628, 30.841683097069648 ], [ 78.895977252370628, 30.845638271183638 ] ] ] } },
{ "type": "Feature", "properties": { "hazard": "EXTREME", "area_m2": 164214.92709050997, "area_ha": 16.421492709050998 }, "geometry": { "type": "Polygon", "coordinates": [ [ [ 78.907718705521191, 30.837727922955658 ], [ 78.91163252323804, 30.837727922955658 ], [ 78.91163252323804, 30.833772748841668 ], [ 78.907718705521191, 30.833772748841668 ], [ 78.907718705521191, 30.837727922955658 ] ] ] } },
{ "type": "Feature", "properties": { "hazard": "EXTREME", "area_m2": 657133.06206887378, "area_ha": 65.713306206887381 }, "geometry": { "type": "Polygon", "coordinates": [ [ [ 78.535906022420008, 30.833772748841668 ], [ 78.551561293287421, 30.833772748841668 ], [ 78.551561293287421, 30.829817574727677 ], [ 78.535906022420008, 30.829817574727677 ], [ 78.535906022420008, 30.833772748841668 ] ] ] } },
{ "type": "Feature", "properties": { "hazard": "EXTREME", "area_m2": 164118.42943292629, "area_ha": 16.41184294329263 }, "geometry": { "type": "Polygon", "coordinates": [ [ [ 79.81181059811459, 30.829817574727677 ], [ 79.81572441583144, 30.829817574727677 ], [ 79.81572441583144, 30.825862400613691 ], [ 79.81181059811459, 30.825862400613691 ], [ 79.81181059811459, 30.829817574727677 ] ] ] } },
{ "type": "Feature", "properties": { "hazard": "EXTREME", "area_m2": 164117.74368234613, "area_ha": 16.411774368234614 }, "geometry": { "type": "Polygon", "coordinates": [ [ [ 79.819638233548304, 30.829817574727677 ], [ 79.823552051265153, 30.829817574727677 ], [ 79.823552051265153, 30.825862400613691 ], [ 79.819638233548304, 30.825862400613691 ], [ 79.819638233548304, 30.829817574727677 ] ] ] } },
{ "type": "Feature", "properties": { "hazard": "EXTREME", "area_m2": 164306.29682452031, "area_ha": 16.430629682452032 }, "geometry": { "type": "Polygon", "coordinates": [ [ [ 78.598527105889673, 30.81399687827172 ], [ 78.602440923606537, 30.81399687827172 ], [ 78.602440923606537, 30.810041704157733 ], [ 78.598527105889673, 30.810041704157733 ], [ 78.598527105889673, 30.81399687827172 ] ] ] } },
{ "type": "Feature", "properties": { "hazard": "EXTREME", "area_m2": 492934.65664910804, "area_ha": 49.293465664910805 }, "geometry": { "type": "Polygon", "coordinates": [ [ [ 78.606354741323386, 30.81399687827172 ], [ 78.610268559040236, 30.81399687827172 ], [ 78.610268559040236, 30.802131355929752 ], [ 78.606354741323386, 30.802131355929752 ], [ 78.606354741323386, 30.81399687827172 ] ] ] } },
{ "type": "Feature", "properties": { "hazard": "EXTREME", "area_m2": 328645.83003521094, "area_ha": 32.864583003521091 }, "geometry": { "type": "Polygon", "coordinates": [ [ [ 78.598527105889673, 30.806086530043743 ], [ 78.602440923606537, 30.806086530043743 ], [ 78.602440923606537, 30.798176181815762 ], [ 78.598527105889673, 30.798176181815762 ], [ 78.598527105889673, 30.806086530043743 ] ] ] } },
{ "type": "Feature", "properties": { "hazard": "EXTREME", "area_m2": 164185.751719939, "area_ha": 16.418575171993901 }, "geometry": { "type": "Polygon", "coordinates": [ [ [ 79.659171707157256, 30.798176181815762 ], [ 79.66308552487412, 30.798176181815762 ], [ 79.66308552487412, 30.794221007701772 ], [ 79.659171707157256, 30.794221007701772 ], [ 79.659171707157256, 30.798176181815762 ] ] ] } },
{ "type": "Feature", "properties": { "hazard": "EXTREME", "area_m2": 328443.69553858403, "area_ha": 32.8443695538584 }, "geometry": { "type": "Polygon", "coordinates": [ [ [ 79.475222274465096, 30.790265833587785 ], [ 79.479136092181946, 30.790265833587785 ], [ 79.479136092181946, 30.782355485359805 ], [ 79.475222274465096, 30.782355485359805 ], [ 79.475222274465096, 30.790265833587785 ] ] ] } },
{ "type": "Feature", "properties": { "hazard": "EXTREME", "area_m2": 164205.6295467311, "area_ha": 16.420562954673109 }, "geometry": { "type": "Polygon", "coordinates": [ [ [ 79.659171707157256, 30.786310659473795 ], [ 79.66308552487412, 30.786310659473795 ], [ 79.66308552487412, 30.782355485359805 ], [ 79.659171707157256, 30.782355485359805 ], [ 79.659171707157256, 30.786310659473795 ] ] ] } },
{ "type": "Feature", "properties": { "hazard": "EXTREME", "area_m2": 328752.33746234071, "area_ha": 32.875233746234073 }, "geometry": { "type": "Polygon", "coordinates": [ [ [ 78.504595480685168, 30.782355485359805 ], [ 78.512423116118882, 30.782355485359805 ], [ 78.512423116118882, 30.778400311245814 ], [ 78.504595480685168, 30.778400311245814 ], [ 78.504595480685168, 30.782355485359805 ] ] ] } },
{ "type": "Feature", "properties": { "hazard": "EXTREME", "area_m2": 328461.37265384011, "area_ha": 32.846137265384009 }, "geometry": { "type": "Polygon", "coordinates": [ [ [ 79.48304990989881, 30.782355485359805 ], [ 79.490877545332509, 30.782355485359805 ], [ 79.490877545332509, 30.778400311245814 ], [ 79.48304990989881, 30.778400311245814 ], [ 79.48304990989881, 30.782355485359805 ] ] ] } },
{ "type": "Feature", "properties": { "hazard": "EXTREME", "area_m2": 164383.90043502886, "area_ha": 16.438390043502885 }, "geometry": { "type": "Polygon", "coordinates": [ [ [ 78.500681662968319, 30.778400311245814 ], [ 78.504595480685168, 30.778400311245814 ], [ 78.504595480685168, 30.774445137131828 ], [ 78.500681662968319, 30.774445137131828 ], [ 78.500681662968319, 30.778400311245814 ] ] ] } },
{ "type": "Feature", "properties": { "hazard": "EXTREME", "area_m2": 493167.28083991236, "area_ha": 49.316728083991237 }, "geometry": { "type": "Polygon", "coordinates": [ [ [ 78.504595480685168, 30.774445137131828 ], [ 78.516336933835731, 30.774445137131828 ], [ 78.516336933835731, 30.770489963017837 ], [ 78.504595480685168, 30.770489963017837 ], [ 78.504595480685168, 30.774445137131828 ] ] ] } },
{ "type": "Feature", "properties": { "hazard": "EXTREME", "area_m2": 492677.67109851737, "area_ha": 49.267767109851739 }, "geometry": { "type": "Polygon", "coordinates": [ [ [ 79.651344071723557, 30.774445137131828 ], [ 79.66308552487412, 30.774445137131828 ], [ 79.66308552487412, 30.770489963017837 ], [ 79.651344071723557, 30.770489963017837 ], [ 79.651344071723557, 30.774445137131828 ] ] ] } },
{ "type": "Feature", "properties": { "hazard": "EXTREME", "area_m2": 1313894.3268847668, "area_ha": 131.38943268847669 }, "geometry": { "type": "Polygon", "coordinates": [ [ [ 79.717878972910086, 30.770489963017837 ], [ 79.721792790626935, 30.770489963017837 ], [ 79.721792790626935, 30.766534788903847 ], [ 79.725706608343785, 30.766534788903847 ], [ 79.725706608343785, 30.75466926656188 ], [ 79.713965155193222, 30.75466926656188 ], [ 79.713965155193222, 30.75862444067587 ], [ 79.721792790626935, 30.75862444067587 ], [ 79.721792790626935, 30.762579614789857 ], [ 79.713965155193222, 30.762579614789857 ], [ 79.713965155193222, 30.766534788903847 ], [ 79.717878972910086, 30.766534788903847 ], [ 79.717878972910086, 30.770489963017837 ] ] ] } },
{ "type": "Feature", "properties": { "hazard": "EXTREME", "area_m2": 164358.21094046137, "area_ha": 16.435821094046137 }, "geometry": { "type": "Polygon", "coordinates": [ [ [ 79.252134664604384, 30.723027873649965 ], [ 79.256048482321248, 30.723027873649965 ], [ 79.256048482321248, 30.719072699535975 ], [ 79.252134664604384, 30.719072699535975 ], [ 79.252134664604384, 30.723027873649965 ] ] ] } },
{ "type": "Feature", "properties": { "hazard": "EXTREME", "area_m2": 164359.80284735601, "area_ha": 16.435980284735603 }, "geometry": { "type": "Polygon", "coordinates": [ [ [ 79.291272841772937, 30.719072699535975 ], [ 79.295186659489787, 30.719072699535975 ], [ 79.295186659489787, 30.715117525421984 ], [ 79.291272841772937, 30.715117525421984 ], [ 79.291272841772937, 30.719072699535975 ] ] ] } },
{ "type": "Feature", "properties": { "hazard": "EXTREME", "area_m2": 1314035.5548309374, "area_ha": 131.40355548309375 }, "geometry": { "type": "Polygon", "coordinates": [ [ [ 81.408648226591254, 30.726983047763952 ], [ 81.416475862024953, 30.726983047763952 ], [ 81.416475862024953, 30.707207177194004 ], [ 81.412562044308103, 30.707207177194004 ], [ 81.412562044308103, 30.719072699535975 ], [ 81.40473440887439, 30.719072699535975 ], [ 81.40473440887439, 30.723027873649965 ], [ 81.408648226591254, 30.723027873649965 ], [ 81.408648226591254, 30.726983047763952 ] ] ] } },
{ "type": "Feature", "properties": { "hazard": "EXTREME", "area_m2": 493115.86025729979, "area_ha": 49.31158602572998 }, "geometry": { "type": "Polygon", "coordinates": [ [ [ 79.248220846887534, 30.719072699535975 ], [ 79.252134664604384, 30.719072699535975 ], [ 79.252134664604384, 30.707207177194004 ], [ 79.248220846887534, 30.707207177194004 ], [ 79.248220846887534, 30.719072699535975 ] ] ] } },
{ "type": "Feature", "properties": { "hazard": "EXTREME", "area_m2": 164377.55347208623, "area_ha": 16.437755347208622 }, "geometry": { "type": "Polygon", "coordinates": [ [ [ 79.256048482321248, 30.711162351307994 ], [ 79.259962300038097, 30.711162351307994 ], [ 79.259962300038097, 30.707207177194004 ], [ 79.256048482321248, 30.707207177194004 ], [ 79.256048482321248, 30.711162351307994 ] ] ] } },
{ "type": "Feature", "properties": { "hazard": "EXTREME", "area_m2": 164373.53195650494, "area_ha": 16.437353195650495 }, "geometry": { "type": "Polygon", "coordinates": [ [ [ 79.287359024056073, 30.711162351307994 ], [ 79.291272841772937, 30.711162351307994 ], [ 79.291272841772937, 30.707207177194004 ], [ 79.287359024056073, 30.707207177194004 ], [ 79.287359024056073, 30.711162351307994 ] ] ] } },
{ "type": "Feature", "properties": { "hazard": "EXTREME", "area_m2": 328743.59139274573, "area_ha": 32.874359139274574 }, "geometry": { "type": "Polygon", "coordinates": [ [ [ 79.299100477206636, 30.711162351307994 ], [ 79.30692811264035, 30.711162351307994 ], [ 79.30692811264035, 30.707207177194004 ], [ 79.299100477206636, 30.707207177194004 ], [ 79.299100477206636, 30.711162351307994 ] ] ] } },
{ "type": "Feature", "properties": { "hazard": "EXTREME", "area_m2": 164317.53857595101, "area_ha": 16.431753857595101 }, "geometry": { "type": "Polygon", "coordinates": [ [ [ 81.420389679741817, 30.683476132510069 ], [ 81.424303497458666, 30.683476132510069 ], [ 81.424303497458666, 30.679520958396079 ], [ 81.420389679741817, 30.679520958396079 ], [ 81.420389679741817, 30.683476132510069 ] ] ] } },
{ "type": "Feature", "properties": { "hazard": "EXTREME", "area_m2": 328635.95250368176, "area_ha": 32.863595250368178 }, "geometry": { "type": "Polygon", "coordinates": [ [ [ 81.43213113289238, 30.683476132510069 ], [ 81.439958768326079, 30.683476132510069 ], [ 81.439958768326079, 30.679520958396079 ], [ 81.43213113289238, 30.679520958396079 ], [ 81.43213113289238, 30.683476132510069 ] ] ] } },
{ "type": "Feature", "properties": { "hazard": "EXTREME", "area_m2": 164324.01277217746, "area_ha": 16.432401277217746 }, "geometry": { "type": "Polygon", "coordinates": [ [ [ 81.416475862024953, 30.679520958396079 ], [ 81.420389679741817, 30.679520958396079 ], [ 81.420389679741817, 30.675565784282089 ], [ 81.416475862024953, 30.675565784282089 ], [ 81.416475862024953, 30.679520958396079 ] ] ] } },
{ "type": "Feature", "properties": { "hazard": "EXTREME", "area_m2": 164324.3835345413, "area_ha": 16.432438353454131 }, "geometry": { "type": "Polygon", "coordinates": [ [ [ 81.428217315175516, 30.679520958396079 ], [ 81.43213113289238, 30.679520958396079 ], [ 81.43213113289238, 30.675565784282089 ], [ 81.428217315175516, 30.675565784282089 ], [ 81.428217315175516, 30.679520958396079 ] ] ] } },
{ "type": "Feature", "properties": { "hazard": "EXTREME", "area_m2": 493556.45509816619, "area_ha": 49.355645509816618 }, "geometry": { "type": "Polygon", "coordinates": [ [ [ 78.786390356298696, 30.667655436054112 ], [ 78.798131809449259, 30.667655436054112 ], [ 78.798131809449259, 30.663700261940122 ], [ 78.786390356298696, 30.663700261940122 ], [ 78.786390356298696, 30.667655436054112 ] ] ] } },
{ "type": "Feature", "properties": { "hazard": "EXTREME", "area_m2": 164532.69171144819, "area_ha": 16.453269171144818 }, "geometry": { "type": "Polygon", "coordinates": [ [ [ 78.786390356298696, 30.659745087826131 ], [ 78.790304174015546, 30.659745087826131 ], [ 78.790304174015546, 30.655789913712141 ], [ 78.786390356298696, 30.655789913712141 ], [ 78.786390356298696, 30.659745087826131 ] ] ] } },
{ "type": "Feature", "properties": { "hazard": "EXTREME", "area_m2": 328927.52725890896, "area_ha": 32.892752725890894 }, "geometry": { "type": "Polygon", "coordinates": [ [ [ 79.279531388622374, 30.659745087826131 ], [ 79.283445206339223, 30.659745087826131 ], [ 79.283445206339223, 30.651834739598154 ], [ 79.279531388622374, 30.651834739598154 ], [ 79.279531388622374, 30.659745087826131 ] ] ] } },
{ "type": "Feature", "properties": { "hazard": "EXTREME", "area_m2": 164474.17182684393, "area_ha": 16.447417182684394 }, "geometry": { "type": "Polygon", "coordinates": [ [ [ 79.27561757090551, 30.651834739598154 ], [ 79.279531388622374, 30.651834739598154 ], [ 79.279531388622374, 30.647879565484164 ], [ 79.27561757090551, 30.647879565484164 ], [ 79.27561757090551, 30.651834739598154 ] ] ] } },
{ "type": "Feature", "properties": { "hazard": "EXTREME", "area_m2": 164551.88466895977, "area_ha": 16.455188466895976 }, "geometry": { "type": "Polygon", "coordinates": [ [ [ 78.790304174015546, 30.647879565484164 ], [ 78.79421799173241, 30.647879565484164 ], [ 78.79421799173241, 30.643924391370174 ], [ 78.790304174015546, 30.643924391370174 ], [ 78.790304174015546, 30.647879565484164 ] ] ] } },
{ "type": "Feature", "properties": { "hazard": "EXTREME", "area_m2": 164598.14522639173, "area_ha": 16.459814522639174 }, "geometry": { "type": "Polygon", "coordinates": [ [ [ 78.790304174015546, 30.620193346686236 ], [ 78.79421799173241, 30.620193346686236 ], [ 78.79421799173241, 30.616238172572249 ], [ 78.790304174015546, 30.616238172572249 ], [ 78.790304174015546, 30.620193346686236 ] ] ] } },
{ "type": "Feature", "properties": { "hazard": "EXTREME", "area_m2": 164596.21542914567, "area_ha": 16.459621542914565 }, "geometry": { "type": "Polygon", "coordinates": [ [ [ 78.802045627166109, 30.620193346686236 ], [ 78.805959444882973, 30.620193346686236 ], [ 78.805959444882973, 30.616238172572249 ], [ 78.802045627166109, 30.616238172572249 ], [ 78.802045627166109, 30.620193346686236 ] ] ] } },
{ "type": "Feature", "properties": { "hazard": "EXTREME", "area_m2": 164602.17965344089, "area_ha": 16.460217965344089 }, "geometry": { "type": "Polygon", "coordinates": [ [ [ 78.805959444882973, 30.616238172572249 ], [ 78.809873262599822, 30.616238172572249 ], [ 78.809873262599822, 30.612282998458259 ], [ 78.805959444882973, 30.612282998458259 ], [ 78.805959444882973, 30.616238172572249 ] ] ] } },
{ "type": "Feature", "properties": { "hazard": "EXTREME", "area_m2": 164616.02890137964, "area_ha": 16.461602890137964 }, "geometry": { "type": "Polygon", "coordinates": [ [ [ 78.802045627166109, 30.608327824344268 ], [ 78.805959444882973, 30.608327824344268 ], [ 78.805959444882973, 30.604372650230278 ], [ 78.802045627166109, 30.604372650230278 ], [ 78.802045627166109, 30.608327824344268 ] ] ] } },
{ "type": "Feature", "properties": { "hazard": "EXTREME", "area_m2": 657905.48470960744, "area_ha": 65.790548470960744 }, "geometry": { "type": "Polygon", "coordinates": [ [ [ 81.291233695085609, 30.588551953774321 ], [ 81.302975148236172, 30.588551953774321 ], [ 81.302975148236172, 30.58459677966033 ], [ 81.299061330519322, 30.58459677966033 ], [ 81.299061330519322, 30.580641605546344 ], [ 81.295147512802458, 30.580641605546344 ], [ 81.295147512802458, 30.58459677966033 ], [ 81.291233695085609, 30.58459677966033 ], [ 81.291233695085609, 30.588551953774321 ] ] ] } },
{ "type": "Feature", "properties": { "hazard": "EXTREME", "area_m2": 1809475.2001613853, "area_ha": 180.94752001613853 }, "geometry": { "type": "Polygon", "coordinates": [ [ [ 81.283406059651895, 30.580641605546344 ], [ 81.291233695085609, 30.580641605546344 ], [ 81.291233695085609, 30.568776083204373 ], [ 81.283406059651895, 30.568776083204373 ], [ 81.283406059651895, 30.556910560862406 ], [ 81.279492241935046, 30.556910560862406 ], [ 81.279492241935046, 30.576686431432353 ], [ 81.283406059651895, 30.576686431432353 ], [ 81.283406059651895, 30.580641605546344 ] ] ] } },
{ "type": "Feature", "properties": { "hazard": "EXTREME", "area_m2": 329385.01211450354, "area_ha": 32.938501211450351 }, "geometry": { "type": "Polygon", "coordinates": [ [ [ 81.091628991526022, 30.45407603389868 ], [ 81.099456626959736, 30.45407603389868 ], [ 81.099456626959736, 30.45012085978469 ], [ 81.091628991526022, 30.45012085978469 ], [ 81.091628991526022, 30.45407603389868 ] ] ] } },
{ "type": "Feature", "properties": { "hazard": "EXTREME", "area_m2": 2966052.1000180477, "area_ha": 296.60521000180478 }, "geometry": { "type": "Polygon", "coordinates": [ [ [ 81.060318449791197, 30.410569118644794 ], [ 81.07205990294176, 30.410569118644794 ], [ 81.07205990294176, 30.382882899846869 ], [ 81.068146085224896, 30.382882899846869 ], [ 81.068146085224896, 30.390793248074846 ], [ 81.056404632074333, 30.390793248074846 ], [ 81.056404632074333, 30.394748422188837 ], [ 81.060318449791197, 30.394748422188837 ], [ 81.060318449791197, 30.410569118644794 ] ] ] } },
{ "type": "Feature", "properties": { "hazard": "EXTREME", "area_m2": 164836.17132955932, "area_ha": 16.483617132955931 }, "geometry": { "type": "Polygon", "coordinates": [ [ [ 81.04466317892377, 30.367062203390912 ], [ 81.048576996640634, 30.367062203390912 ], [ 81.048576996640634, 30.363107029276922 ], [ 81.04466317892377, 30.363107029276922 ], [ 81.04466317892377, 30.367062203390912 ] ] ] } },
{ "type": "Feature", "properties": { "hazard": "EXTREME", "area_m2": 1978292.2013941994, "area_ha": 197.82922013941993 }, "geometry": { "type": "Polygon", "coordinates": [ [ [ 81.048576996640634, 30.363107029276922 ], [ 81.052490814357483, 30.363107029276922 ], [ 81.052490814357483, 30.359151855162931 ], [ 81.056404632074333, 30.359151855162931 ], [ 81.056404632074333, 30.351241506934954 ], [ 81.052490814357483, 30.351241506934954 ], [ 81.052490814357483, 30.343331158706974 ], [ 81.04074936120692, 30.343331158706974 ], [ 81.04074936120692, 30.351241506934954 ], [ 81.04466317892377, 30.351241506934954 ], [ 81.04466317892377, 30.355196681048941 ], [ 81.048576996640634, 30.355196681048941 ], [ 81.048576996640634, 30.363107029276922 ] ] ] } },
{ "type": "Feature", "properties": { "hazard": "EXTREME", "area_m2": 164868.79279378563, "area_ha": 16.486879279378563 }, "geometry": { "type": "Polygon", "coordinates": [ [ [ 81.032921725773207, 30.347286332820964 ], [ 81.036835543490071, 30.347286332820964 ], [ 81.036835543490071, 30.343331158706974 ], [ 81.032921725773207, 30.343331158706974 ], [ 81.032921725773207, 30.347286332820964 ] ] ] } },
{ "type": "Feature", "properties": { "hazard": "EXTREME", "area_m2": 164895.00612278457, "area_ha": 16.489500612278459 }, "geometry": { "type": "Polygon", "coordinates": [ [ [ 80.273641088703428, 30.343331158706974 ], [ 80.277554906420278, 30.343331158706974 ], [ 80.277554906420278, 30.339375984592984 ], [ 80.273641088703428, 30.339375984592984 ], [ 80.273641088703428, 30.343331158706974 ] ] ] } },
{ "type": "Feature", "properties": { "hazard": "EXTREME", "area_m2": 164875.33275921043, "area_ha": 16.487533275921042 }, "geometry": { "type": "Polygon", "coordinates": [ [ [ 81.036835543490071, 30.343331158706974 ], [ 81.04074936120692, 30.343331158706974 ], [ 81.04074936120692, 30.339375984592984 ], [ 81.036835543490071, 30.339375984592984 ], [ 81.036835543490071, 30.343331158706974 ] ] ] } },
{ "type": "Feature", "properties": { "hazard": "EXTREME", "area_m2": 494654.50332063308, "area_ha": 49.465450332063305 }, "geometry": { "type": "Polygon", "coordinates": [ [ [ 81.029007908056357, 30.339375984592984 ], [ 81.036835543490071, 30.339375984592984 ], [ 81.036835543490071, 30.335420810478993 ], [ 81.032921725773207, 30.335420810478993 ], [ 81.032921725773207, 30.331465636365007 ], [ 81.029007908056357, 30.331465636365007 ], [ 81.029007908056357, 30.339375984592984 ] ] ] } },
{ "type": "Feature", "properties": { "hazard": "EXTREME", "area_m2": 329823.52000102354, "area_ha": 32.982352000102352 }, "geometry": { "type": "Polygon", "coordinates": [ [ [ 80.265813453269715, 30.335420810478993 ], [ 80.269727270986579, 30.335420810478993 ], [ 80.269727270986579, 30.327510462251016 ], [ 80.265813453269715, 30.327510462251016 ], [ 80.265813453269715, 30.335420810478993 ] ] ] } },
{ "type": "Feature", "properties": { "hazard": "EXTREME", "area_m2": 164914.5959163279, "area_ha": 16.49145959163279 }, "geometry": { "type": "Polygon", "coordinates": [ [ [ 80.273641088703428, 30.331465636365007 ], [ 80.277554906420278, 30.331465636365007 ], [ 80.277554906420278, 30.327510462251016 ], [ 80.273641088703428, 30.327510462251016 ], [ 80.273641088703428, 30.331465636365007 ] ] ] } },
{ "type": "Feature", "properties": { "hazard": "EXTREME", "area_m2": 164894.88634631046, "area_ha": 16.489488634631048 }, "geometry": { "type": "Polygon", "coordinates": [ [ [ 81.025094090339508, 30.331465636365007 ], [ 81.029007908056357, 30.331465636365007 ], [ 81.029007908056357, 30.327510462251016 ], [ 81.025094090339508, 30.327510462251016 ], [ 81.025094090339508, 30.331465636365007 ] ] ] } },
{ "type": "Feature", "properties": { "hazard": "EXTREME", "area_m2": 165044.12639251852, "area_ha": 16.504412639251854 }, "geometry": { "type": "Polygon", "coordinates": [ [ [ 79.0955819559302, 30.323555288137026 ], [ 79.099495773647064, 30.323555288137026 ], [ 79.099495773647064, 30.319600114023036 ], [ 79.0955819559302, 30.319600114023036 ], [ 79.0955819559302, 30.323555288137026 ] ] ] } },
{ "type": "Feature", "properties": { "hazard": "EXTREME", "area_m2": 1649479.448533948, "area_ha": 164.9479448533948 }, "geometry": { "type": "Polygon", "coordinates": [ [ [ 80.978128277737241, 30.303779417567078 ], [ 80.993783548604668, 30.303779417567078 ], [ 80.993783548604668, 30.295869069339101 ], [ 80.989869730887804, 30.295869069339101 ], [ 80.989869730887804, 30.291913895225111 ], [ 80.982042095454105, 30.291913895225111 ], [ 80.982042095454105, 30.295869069339101 ], [ 80.978128277737241, 30.295869069339101 ], [ 80.978128277737241, 30.303779417567078 ] ] ] } },
{ "type": "Feature", "properties": { "hazard": "EXTREME", "area_m2": 330046.29391428188, "area_ha": 33.004629391428189 }, "geometry": { "type": "Polygon", "coordinates": [ [ [ 79.921397494186522, 30.280048372883144 ], [ 79.929225129620221, 30.280048372883144 ], [ 79.929225129620221, 30.276093198769154 ], [ 79.921397494186522, 30.276093198769154 ], [ 79.921397494186522, 30.280048372883144 ] ] ] } },
{ "type": "Feature", "properties": { "hazard": "EXTREME", "area_m2": 330066.80902990658, "area_ha": 33.006680902990659 }, "geometry": { "type": "Polygon", "coordinates": [ [ [ 79.917483676469658, 30.276093198769154 ], [ 79.921397494186522, 30.276093198769154 ], [ 79.921397494186522, 30.268182850541173 ], [ 79.917483676469658, 30.268182850541173 ], [ 79.917483676469658, 30.276093198769154 ] ] ] } },
{ "type": "Feature", "properties": { "hazard": "EXTREME", "area_m2": 330085.41519017424, "area_ha": 33.008541519017427 }, "geometry": { "type": "Polygon", "coordinates": [ [ [ 79.921397494186522, 30.268182850541173 ], [ 79.929225129620221, 30.268182850541173 ], [ 79.929225129620221, 30.264227676427183 ], [ 79.921397494186522, 30.264227676427183 ], [ 79.921397494186522, 30.268182850541173 ] ] ] } },
{ "type": "Feature", "properties": { "hazard": "EXTREME", "area_m2": 165012.72878125959, "area_ha": 16.50127287812596 }, "geometry": { "type": "Polygon", "coordinates": [ [ [ 80.880282834815887, 30.260272502313196 ], [ 80.884196652532736, 30.260272502313196 ], [ 80.884196652532736, 30.256317328199206 ], [ 80.880282834815887, 30.256317328199206 ], [ 80.880282834815887, 30.260272502313196 ] ] ] } },
{ "type": "Feature", "properties": { "hazard": "EXTREME", "area_m2": 330240.14801693062, "area_ha": 33.024014801693063 }, "geometry": { "type": "Polygon", "coordinates": [ [ [ 80.880282834815887, 30.196989716489362 ], [ 80.884196652532736, 30.196989716489362 ], [ 80.884196652532736, 30.189079368261385 ], [ 80.880282834815887, 30.189079368261385 ], [ 80.880282834815887, 30.196989716489362 ] ] ] } },
{ "type": "Feature", "properties": { "hazard": "EXTREME", "area_m2": 2477898.0499885501, "area_ha": 247.789804998855 }, "geometry": { "type": "Polygon", "coordinates": [ [ [ 80.903765741117013, 30.161393149463457 ], [ 80.907679558833863, 30.161393149463457 ], [ 80.907679558833863, 30.15743797534947 ], [ 80.915507194267576, 30.15743797534947 ], [ 80.915507194267576, 30.137662104779523 ], [ 80.903765741117013, 30.137662104779523 ], [ 80.903765741117013, 30.14952762712149 ], [ 80.907679558833863, 30.14952762712149 ], [ 80.907679558833863, 30.15348280123548 ], [ 80.903765741117013, 30.15348280123548 ], [ 80.903765741117013, 30.161393149463457 ] ] ] } },
{ "type": "Feature", "properties": { "hazard": "EXTREME", "area_m2": 165317.86920192564, "area_ha": 16.531786920192562 }, "geometry": { "type": "Polygon", "coordinates": [ [ [ 80.888110470249586, 30.074379318955689 ], [ 80.89202428796645, 30.074379318955689 ], [ 80.89202428796645, 30.070424144841702 ], [ 80.888110470249586, 30.070424144841702 ], [ 80.888110470249586, 30.074379318955689 ] ] ] } },
{ "type": "Feature", "properties": { "hazard": "EXTREME", "area_m2": 165324.37728558952, "area_ha": 16.532437728558953 }, "geometry": { "type": "Polygon", "coordinates": [ [ [ 80.884196652532736, 30.070424144841702 ], [ 80.888110470249586, 30.070424144841702 ], [ 80.888110470249586, 30.066468970727712 ], [ 80.884196652532736, 30.066468970727712 ], [ 80.884196652532736, 30.070424144841702 ] ] ] } },
{ "type": "Feature", "properties": { "hazard": "EXTREME", "area_m2": 1818634.519855968, "area_ha": 181.86345198559678 }, "geometry": { "type": "Polygon", "coordinates": [ [ [ 80.872455199382173, 30.074379318955689 ], [ 80.884196652532736, 30.074379318955689 ], [ 80.884196652532736, 30.070424144841702 ], [ 80.880282834815887, 30.070424144841702 ], [ 80.880282834815887, 30.062513796613722 ], [ 80.884196652532736, 30.062513796613722 ], [ 80.884196652532736, 30.058558622499731 ], [ 80.880282834815887, 30.058558622499731 ], [ 80.880282834815887, 30.054603448385741 ], [ 80.872455199382173, 30.054603448385741 ], [ 80.872455199382173, 30.058558622499731 ], [ 80.876369017099023, 30.058558622499731 ], [ 80.876369017099023, 30.062513796613722 ], [ 80.872455199382173, 30.062513796613722 ], [ 80.872455199382173, 30.074379318955689 ] ] ] } },
{ "type": "Feature", "properties": { "hazard": "EXTREME", "area_m2": 165395.85687354871, "area_ha": 16.539585687354872 }, "geometry": { "type": "Polygon", "coordinates": [ [ [ 80.852886110797897, 30.026917229587816 ], [ 80.856799928514761, 30.026917229587816 ], [ 80.856799928514761, 30.022962055473826 ], [ 80.852886110797897, 30.022962055473826 ], [ 80.852886110797897, 30.026917229587816 ] ] ] } },
{ "type": "Feature", "properties": { "hazard": "EXTREME", "area_m2": 330856.7650289234, "area_ha": 33.085676502892341 }, "geometry": { "type": "Polygon", "coordinates": [ [ [ 80.833317022213635, 30.007141359017869 ], [ 80.841144657647334, 30.007141359017869 ], [ 80.841144657647334, 30.003186184903878 ], [ 80.833317022213635, 30.003186184903878 ], [ 80.833317022213635, 30.007141359017869 ] ] ] } },
{ "type": "Feature", "properties": { "hazard": "EXTREME", "area_m2": 165461.31603322225, "area_ha": 16.546131603322223 }, "geometry": { "type": "Polygon", "coordinates": [ [ [ 80.790265027328232, 29.987365488447921 ], [ 80.794178845045082, 29.987365488447921 ], [ 80.794178845045082, 29.983410314333931 ], [ 80.790265027328232, 29.983410314333931 ], [ 80.790265027328232, 29.987365488447921 ] ] ] } },
{ "type": "Feature", "properties": { "hazard": "EXTREME", "area_m2": 1323762.1962642143, "area_ha": 132.37621962642143 }, "geometry": { "type": "Polygon", "coordinates": [ [ [ 80.794178845045082, 29.983410314333931 ], [ 80.798092662761931, 29.983410314333931 ], [ 80.798092662761931, 29.979455140219944 ], [ 80.802006480478795, 29.979455140219944 ], [ 80.802006480478795, 29.983410314333931 ], [ 80.805920298195645, 29.983410314333931 ], [ 80.805920298195645, 29.979455140219944 ], [ 80.809834115912494, 29.979455140219944 ], [ 80.809834115912494, 29.975499966105954 ], [ 80.794178845045082, 29.975499966105954 ], [ 80.794178845045082, 29.971544791991963 ], [ 80.790265027328232, 29.971544791991963 ], [ 80.790265027328232, 29.979455140219944 ], [ 80.794178845045082, 29.979455140219944 ], [ 80.794178845045082, 29.983410314333931 ] ] ] } },
{ "type": "Feature", "properties": { "hazard": "EXTREME", "area_m2": 1158683.7698834084, "area_ha": 115.86837698834084 }, "geometry": { "type": "Polygon", "coordinates": [ [ [ 80.755040667876543, 29.947813747308025 ], [ 80.782437391894518, 29.947813747308025 ], [ 80.782437391894518, 29.943858573194039 ], [ 80.755040667876543, 29.943858573194039 ], [ 80.755040667876543, 29.947813747308025 ] ] ] } },
{ "type": "Feature", "properties": { "hazard": "EXTREME", "area_m2": 165679.15051378723, "area_ha": 16.567915051378723 }, "geometry": { "type": "Polygon", "coordinates": [ [ [ 79.63177498313928, 29.896396483826162 ], [ 79.63568880085613, 29.896396483826162 ], [ 79.63568880085613, 29.892441309712176 ], [ 79.63177498313928, 29.892441309712176 ], [ 79.63177498313928, 29.896396483826162 ] ] ] } },
{ "type": "Feature", "properties": { "hazard": "EXTREME", "area_m2": 165614.44480813167, "area_ha": 16.561444480813165 }, "geometry": { "type": "Polygon", "coordinates": [ [ [ 80.586746506051796, 29.896396483826162 ], [ 80.590660323768645, 29.896396483826162 ], [ 80.590660323768645, 29.892441309712176 ], [ 80.586746506051796, 29.892441309712176 ], [ 80.586746506051796, 29.896396483826162 ] ] ] } },
{ "type": "Feature", "properties": { "hazard": "EXTREME", "area_m2": 165657.03071154363, "area_ha": 16.565703071154363 }, "geometry": { "type": "Polygon", "coordinates": [ [ [ 79.940966582770784, 29.892441309712176 ], [ 79.944880400487648, 29.892441309712176 ], [ 79.944880400487648, 29.888486135598185 ], [ 79.940966582770784, 29.888486135598185 ], [ 79.940966582770784, 29.892441309712176 ] ] ] } },
{ "type": "Feature", "properties": { "hazard": "EXTREME", "area_m2": 2649785.9110324746, "area_ha": 264.97859110324748 }, "geometry": { "type": "Polygon", "coordinates": [ [ [ 80.751126850159679, 29.900351657940153 ], [ 80.758954485593392, 29.900351657940153 ], [ 80.758954485593392, 29.896396483826162 ], [ 80.762868303310242, 29.896396483826162 ], [ 80.762868303310242, 29.892441309712176 ], [ 80.774609756460805, 29.892441309712176 ], [ 80.774609756460805, 29.888486135598185 ], [ 80.778523574177669, 29.888486135598185 ], [ 80.778523574177669, 29.884530961484195 ], [ 80.755040667876543, 29.884530961484195 ], [ 80.755040667876543, 29.892441309712176 ], [ 80.751126850159679, 29.892441309712176 ], [ 80.751126850159679, 29.900351657940153 ] ] ] } },
{ "type": "Feature", "properties": { "hazard": "EXTREME", "area_m2": 497059.24634904764, "area_ha": 49.705924634904761 }, "geometry": { "type": "Polygon", "coordinates": [ [ [ 79.623947347705567, 29.896396483826162 ], [ 79.627861165422431, 29.896396483826162 ], [ 79.627861165422431, 29.884530961484195 ], [ 79.623947347705567, 29.884530961484195 ], [ 79.623947347705567, 29.896396483826162 ] ] ] } },
{ "type": "Feature", "properties": { "hazard": "EXTREME", "area_m2": 331400.06803908164, "area_ha": 33.140006803908165 }, "geometry": { "type": "Polygon", "coordinates": [ [ [ 80.050553478842716, 29.860799916800257 ], [ 80.058381114276429, 29.860799916800257 ], [ 80.058381114276429, 29.85684474268627 ], [ 80.050553478842716, 29.85684474268627 ], [ 80.050553478842716, 29.860799916800257 ] ] ] } },
{ "type": "Feature", "properties": { "hazard": "EXTREME", "area_m2": 165706.89510193863, "area_ha": 16.570689510193862 }, "geometry": { "type": "Polygon", "coordinates": [ [ [ 80.046639661125866, 29.85684474268627 ], [ 80.050553478842716, 29.85684474268627 ], [ 80.050553478842716, 29.85288956857228 ], [ 80.046639661125866, 29.85288956857228 ], [ 80.046639661125866, 29.85684474268627 ] ] ] } },
{ "type": "Feature", "properties": { "hazard": "EXTREME", "area_m2": 497158.44680454582, "area_ha": 49.71584468045458 }, "geometry": { "type": "Polygon", "coordinates": [ [ [ 80.046639661125866, 29.84893439445829 ], [ 80.058381114276429, 29.84893439445829 ], [ 80.058381114276429, 29.8449792203443 ], [ 80.046639661125866, 29.8449792203443 ], [ 80.046639661125866, 29.84893439445829 ] ] ] } },
{ "type": "Feature", "properties": { "hazard": "EXTREME", "area_m2": 331421.80527902342, "area_ha": 33.14218052790234 }, "geometry": { "type": "Polygon", "coordinates": [ [ [ 80.586746506051796, 29.837068872116323 ], [ 80.594574141485495, 29.837068872116323 ], [ 80.594574141485495, 29.833113698002332 ], [ 80.586746506051796, 29.833113698002332 ], [ 80.586746506051796, 29.837068872116323 ] ] ] } },
{ "type": "Feature", "properties": { "hazard": "EXTREME", "area_m2": 828623.93082146824, "area_ha": 82.862393082146824 }, "geometry": { "type": "Polygon", "coordinates": [ [ [ 80.594574141485495, 29.833113698002332 ], [ 80.598487959202359, 29.833113698002332 ], [ 80.598487959202359, 29.821248175660365 ], [ 80.586746506051796, 29.821248175660365 ], [ 80.586746506051796, 29.825203349774352 ], [ 80.594574141485495, 29.825203349774352 ], [ 80.594574141485495, 29.833113698002332 ] ] ] } },
{ "type": "Feature", "properties": { "hazard": "EXTREME", "area_m2": 663294.27000103961, "area_ha": 66.329427000103962 }, "geometry": { "type": "Polygon", "coordinates": [ [ [ 79.835293504415716, 29.797517130976427 ], [ 79.847034957566279, 29.797517130976427 ], [ 79.847034957566279, 29.793561956862437 ], [ 79.839207322132566, 29.793561956862437 ], [ 79.839207322132566, 29.789606782748447 ], [ 79.835293504415716, 29.789606782748447 ], [ 79.835293504415716, 29.797517130976427 ] ] ] } },
{ "type": "Feature", "properties": { "hazard": "EXTREME", "area_m2": 331658.05474012904, "area_ha": 33.165805474012906 }, "geometry": { "type": "Polygon", "coordinates": [ [ [ 79.847034957566279, 29.793561956862437 ], [ 79.850948775283129, 29.793561956862437 ], [ 79.850948775283129, 29.78565160863446 ], [ 79.847034957566279, 29.78565160863446 ], [ 79.847034957566279, 29.793561956862437 ] ] ] } },
{ "type": "Feature", "properties": { "hazard": "EXTREME", "area_m2": 331737.10438654915, "area_ha": 33.173710438654915 }, "geometry": { "type": "Polygon", "coordinates": [ [ [ 80.030984390258439, 29.757965389836532 ], [ 80.038812025692152, 29.757965389836532 ], [ 80.038812025692152, 29.754010215722541 ], [ 80.030984390258439, 29.754010215722541 ], [ 80.030984390258439, 29.757965389836532 ] ] ] } },
{ "type": "Feature", "properties": { "hazard": "EXTREME", "area_m2": 331814.07190154126, "area_ha": 33.181407190154125 }, "geometry": { "type": "Polygon", "coordinates": [ [ [ 80.030984390258439, 29.734234345152593 ], [ 80.038812025692152, 29.734234345152593 ], [ 80.038812025692152, 29.730279171038607 ], [ 80.030984390258439, 29.730279171038607 ], [ 80.030984390258439, 29.734234345152593 ] ] ] } },
{ "type": "Feature", "properties": { "hazard": "EXTREME", "area_m2": 165919.71278777666, "area_ha": 16.591971278777667 }, "geometry": { "type": "Polygon", "coordinates": [ [ [ 80.034898207975303, 29.726323996924616 ], [ 80.038812025692152, 29.726323996924616 ], [ 80.038812025692152, 29.722368822810626 ], [ 80.034898207975303, 29.722368822810626 ], [ 80.034898207975303, 29.726323996924616 ] ] ] } },
{ "type": "Feature", "properties": { "hazard": "EXTREME", "area_m2": 166253.25331208832, "area_ha": 16.625325331208831 }, "geometry": { "type": "Polygon", "coordinates": [ [ [ 80.629798500937198, 29.500879072427217 ], [ 80.633712318654048, 29.500879072427217 ], [ 80.633712318654048, 29.496923898313227 ], [ 80.629798500937198, 29.496923898313227 ], [ 80.629798500937198, 29.500879072427217 ] ] ] } },
{ "type": "Feature", "properties": { "hazard": "EXTREME", "area_m2": 166286.595820766, "area_ha": 16.628659582076601 }, "geometry": { "type": "Polygon", "coordinates": [ [ [ 80.578918870618082, 29.48110320185727 ], [ 80.582832688334932, 29.48110320185727 ], [ 80.582832688334932, 29.477148027743279 ], [ 80.578918870618082, 29.477148027743279 ], [ 80.578918870618082, 29.48110320185727 ] ] ] } },
{ "type": "Feature", "properties": { "hazard": "EXTREME", "area_m2": 332586.28884012176, "area_ha": 33.258628884012175 }, "geometry": { "type": "Polygon", "coordinates": [ [ [ 80.571091235184369, 29.477148027743279 ], [ 80.578918870618082, 29.477148027743279 ], [ 80.578918870618082, 29.473192853629289 ], [ 80.571091235184369, 29.473192853629289 ], [ 80.571091235184369, 29.477148027743279 ] ] ] } },
{ "type": "Feature", "properties": { "hazard": "EXTREME", "area_m2": 332684.18211564544, "area_ha": 33.268418211564544 }, "geometry": { "type": "Polygon", "coordinates": [ [ [ 79.901828405602245, 29.473192853629289 ], [ 79.905742223319095, 29.473192853629289 ], [ 79.905742223319095, 29.465282505401312 ], [ 79.901828405602245, 29.465282505401312 ], [ 79.901828405602245, 29.473192853629289 ] ] ] } },
{ "type": "Feature", "properties": { "hazard": "EXTREME", "area_m2": 1164143.0340129626, "area_ha": 116.41430340129627 }, "geometry": { "type": "Polygon", "coordinates": [ [ [ 80.586746506051796, 29.473192853629289 ], [ 80.590660323768645, 29.473192853629289 ], [ 80.590660323768645, 29.469237679515302 ], [ 80.594574141485495, 29.469237679515302 ], [ 80.594574141485495, 29.465282505401312 ], [ 80.590660323768645, 29.465282505401312 ], [ 80.590660323768645, 29.461327331287322 ], [ 80.575005052901233, 29.461327331287322 ], [ 80.575005052901233, 29.465282505401312 ], [ 80.586746506051796, 29.465282505401312 ], [ 80.586746506051796, 29.473192853629289 ] ] ] } }
]
}
